#0 building with "desktop-linux" instance using docker driver

#1 [internal] load build definition from Dockerfile
#1 transferring dockerfile:
#1 transferring dockerfile: 2.10kB 0.1s done
#1 DONE 0.4s

#2 [internal] load metadata for docker.io/library/php:8.1-fpm
#2 DONE 3.2s

#3 [internal] load .dockerignore
#3 transferring context:
#3 transferring context: 225B 0.1s done
#3 DONE 0.2s

#4 [ 1/13] FROM docker.io/library/php:8.1-fpm@sha256:a3118db1911fdd3b3ac66605122ddc859286688ced86fc860fec6d19cc2d6c55
#4 resolve docker.io/library/php:8.1-fpm@sha256:a3118db1911fdd3b3ac66605122ddc859286688ced86fc860fec6d19cc2d6c55
#4 resolve docker.io/library/php:8.1-fpm@sha256:a3118db1911fdd3b3ac66605122ddc859286688ced86fc860fec6d19cc2d6c55 0.1s done
#4 CACHED

#5 [internal] load build context
#5 transferring context: 1.37MB 4.8s
#5 transferring context: 4.38MB 10.0s
#5 transferring context: 5.90MB 15.1s
#5 transferring context: 7.50MB 20.3s
#5 transferring context: 9.00MB 25.3s
#5 transferring context: 10.59MB 30.3s
#5 transferring context: 11.83MB 35.4s
#5 transferring context: 13.06MB 40.6s
#5 transferring context: 15.28MB 45.6s
#5 transferring context: 17.47MB 50.7s
#5 transferring context: 21.33MB 55.9s
#5 transferring context: 23.23MB 61.0s
#5 transferring context: 24.37MB 66.1s
#5 transferring context: 26.02MB 71.1s
#5 transferring context: 35.82MB 76.1s
#5 transferring context: 51.54MB 81.1s
#5 transferring context: 54.04MB 86.2s
#5 transferring context: 54.74MB 91.2s
#5 transferring context: 58.07MB 96.3s
#5 transferring context: 64.30MB 101.3s
#5 transferring context: 68.84MB 106.3s
#5 transferring context: 75.07MB 111.4s
#5 transferring context: 76.47MB 116.4s
#5 transferring context: 79.74MB 121.4s
#5 transferring context: 82.56MB 126.9s
#5 transferring context: 90.05MB 132.0s
#5 transferring context: 91.50MB 137.0s
#5 transferring context: 95.29MB 142.1s
#5 transferring context: 99.77MB 147.2s
#5 transferring context: 102.17MB 152.3s
#5 transferring context: 102.42MB 157.4s
#5 transferring context: 103.78MB 162.5s
#5 transferring context: 106.79MB 167.5s
#5 transferring context: 108.24MB 172.7s
#5 transferring context: 108.95MB 177.8s
#5 transferring context: 110.12MB 182.8s
#5 transferring context: 110.77MB 187.9s
#5 transferring context: 111.29MB 193.0s
#5 transferring context: 112.32MB 198.1s
#5 transferring context: 113.82MB 203.2s
#5 transferring context: 115.27MB 208.3s
#5 transferring context: 117.96MB 213.3s
#5 transferring context: 122.20MB 218.4s
#5 transferring context: 125.16MB 223.5s
#5 transferring context: 125.78MB 228.5s
#5 transferring context: 128.09MB 233.7s
#5 transferring context: 132.57MB 238.9s
#5 transferring context: 137.43MB 243.9s
#5 transferring context: 145.69MB 249.0s
#5 transferring context: 155.88MB 254.0s
#5 transferring context: 164.54MB 259.2s
#5 transferring context: 177.33MB 264.2s
#5 transferring context: 181.12MB 269.2s
#5 transferring context: 182.71MB 274.4s
#5 transferring context: 186.60MB 279.5s
#5 transferring context: 194.01MB 284.6s
#5 transferring context: 197.45MB 289.7s
#5 transferring context: 204.94MB 294.7s
#5 transferring context: 210.85MB 299.9s
#5 transferring context: 213.97MB 304.9s
#5 transferring context: 216.11MB 309.9s
#5 transferring context: 219.89MB 315.0s
#5 transferring context: 230.26MB 328.1s
#5 transferring context: 244.48MB 333.1s
#5 transferring context: 245.13MB 343.1s
#5 transferring context: 258.70MB 348.1s
#5 transferring context: 258.88MB 356.5s
#5 transferring context: 268.64MB 361.6s
#5 transferring context: 275.25MB 374.0s
#5 transferring context: 281.08MB 379.2s
#5 transferring context: 292.13MB 390.9s
#5 transferring context: 305.48MB 396.0s
#5 transferring context: 306.93MB 405.0s
#5 transferring context: 318.29MB 410.0s
#5 transferring context: 320.72MB 418.5s
#5 transferring context: 331.02MB 423.5s
#5 transferring context: 337.24MB 432.0s
#5 transferring context: 348.96MB 437.1s
#5 transferring context: 351.40MB 444.3s
#5 transferring context: 362.98MB 449.6s
#5 transferring context: 365.47MB 456.5s
#5 transferring context: 377.03MB 461.6s
#5 transferring context: 395.61MB 466.7s
#5 transferring context: 407.85MB 471.8s
#5 transferring context: 419.76MB 476.9s
#5 transferring context: 422.08MB 481.9s
#5 transferring context: 424.48MB 487.0s
#5 transferring context: 428.12MB 492.2s
#5 transferring context: 439.55MB 497.4s
#5 transferring context: 447.61MB 502.4s
#5 transferring context: 459.88MB 507.4s
#5 transferring context: 465.40MB 512.5s
#5 transferring context: 471.31MB 517.5s
#5 transferring context: 480.58MB 522.7s
#5 transferring context: 484.68MB 527.8s
#5 transferring context: 492.07MB 532.9s
#5 transferring context: 493.08MB 537.9s
#5 transferring context: 494.21MB 543.1s
#5 transferring context: 495.27MB 548.3s
#5 transferring context: 496.24MB 553.4s
#5 transferring context: 497.44MB 558.5s
#5 transferring context: 498.49MB 563.5s
#5 transferring context: 499.60MB 568.6s
#5 transferring context: 500.67MB 573.7s
#5 transferring context: 501.61MB 578.7s
#5 transferring context: 502.70MB 583.9s
#5 transferring context: 503.67MB 589.0s
#5 transferring context: 504.63MB 594.1s
#5 transferring context: 505.57MB 599.1s
#5 transferring context: 506.48MB 604.3s
#5 transferring context: 507.43MB 609.4s
#5 transferring context: 508.17MB 614.4s
#5 transferring context: 509.12MB 619.6s
#5 transferring context: 510.01MB 624.6s
#5 transferring context: 511.04MB 629.7s
#5 transferring context: 512.69MB 634.8s
#5 transferring context: 513.89MB 639.8s
#5 transferring context: 515.34MB 644.9s
#5 transferring context: 516.31MB 650.1s
#5 transferring context: 517.34MB 655.2s
#5 transferring context: 518.27MB 660.3s
#5 transferring context: 519.61MB 665.3s
#5 transferring context: 520.66MB 670.5s
#5 transferring context: 521.80MB 675.6s
#5 transferring context: 522.90MB 680.8s
#5 transferring context: 523.92MB 685.8s
#5 transferring context: 525.00MB 690.8s
#5 transferring context: 525.94MB 695.9s
#5 transferring context: 526.98MB 701.0s
#5 transferring context: 528.11MB 706.2s
#5 transferring context: 529.28MB 711.2s
#5 transferring context: 530.52MB 716.3s
#5 transferring context: 531.83MB 721.3s
#5 transferring context: 532.78MB 726.4s
#5 transferring context: 533.98MB 731.4s
#5 transferring context: 535.04MB 736.6s
#5 transferring context: 536.19MB 741.8s
#5 transferring context: 537.34MB 746.8s
#5 transferring context: 538.39MB 751.8s
#5 transferring context: 539.66MB 756.8s
#5 transferring context: 540.93MB 762.0s
#5 transferring context: 542.07MB 767.2s
#5 transferring context: 543.20MB 772.3s
#5 transferring context: 544.32MB 777.4s
#5 transferring context: 545.52MB 782.6s
#5 transferring context: 546.65MB 787.6s
#5 transferring context: 547.61MB 792.7s
#5 transferring context: 548.49MB 797.7s
#5 transferring context: 549.67MB 802.8s
#5 transferring context: 550.81MB 807.8s
#5 transferring context: 551.84MB 812.9s
#5 transferring context: 552.87MB 817.9s
#5 transferring context: 553.96MB 823.1s
#5 transferring context: 555.83MB 828.1s
#5 transferring context: 559.24MB 833.3s
#5 transferring context: 564.51MB 838.4s
#5 transferring context: 574.51MB 843.4s
#5 transferring context: 577.17MB 848.5s
#5 transferring context: 580.01MB 853.5s
#5 transferring context: 581.71MB 858.6s
#5 transferring context: 584.25MB 863.6s
#5 transferring context: 588.20MB 868.6s
#5 transferring context: 591.53MB 873.6s
#5 transferring context: 592.69MB 878.7s
#5 transferring context: 594.13MB 883.9s
#5 transferring context: 595.05MB 888.9s
#5 transferring context: 596.87MB 893.9s
#5 transferring context: 599.16MB 899.0s
#5 transferring context: 611.74MB 904.1s
#5 transferring context: 624.77MB 909.2s
#5 transferring context: 628.42MB 914.2s
#5 transferring context: 630.52MB 919.9s done
#5 DONE 920.5s

#6 [ 2/13] COPY composer.lock composer.json /var/www/
#6 DONE 0.5s

#7 [ 3/13] WORKDIR /var/www
#7 DONE 0.2s

#8 [ 4/13] RUN apt update && apt install -y         nodejs         npm         libpng-dev         libjpeg-dev         libfreetype6-dev         zlib1g-dev         libxml2-dev         libzip-dev         libonig-dev         zip         curl         unzip         libsodium-dev         cron         exiftool         libmagickwand-dev         imagemagick                   supervisor     && docker-php-ext-install -j$(nproc) gd         pdo_mysql         mysqli         zip         pcntl         sodium         exif     && pecl install imagick         redis     && docker-php-ext-enable exif         imagick     && docker-php-source delete
#8 2.573 
#8 2.573 WARNING: apt does not have a stable CLI interface. Use with caution in scripts.
#8 2.573 
#8 3.185 Get:1 http://deb.debian.org/debian trixie InRelease [140 kB]
#8 3.478 Get:2 http://deb.debian.org/debian trixie-updates InRelease [47.3 kB]
#8 3.707 Get:3 http://deb.debian.org/debian-security trixie-security InRelease [43.4 kB]
#8 3.863 Get:4 http://deb.debian.org/debian trixie/main amd64 Packages [9673 kB]
#8 10.89 Get:5 http://deb.debian.org/debian trixie-updates/main amd64 Packages [4412 B]
#8 10.97 Get:6 http://deb.debian.org/debian-security trixie-security/main amd64 Packages [246 kB]
#8 13.21 Fetched 10.2 MB in 10s (968 kB/s)
#8 13.21 Reading package lists...
#8 14.82 Building dependency tree...
#8 15.24 Reading state information...
#8 15.30 44 packages can be upgraded. Run 'apt list --upgradable' to see them.
#8 15.32 
#8 15.32 WARNING: apt does not have a stable CLI interface. Use with caution in scripts.
#8 15.33 
#8 15.34 Reading package lists...
#8 16.88 Building dependency tree...
#8 17.34 Reading state information...
#8 29.17 Upgrading:
#8 29.17   bsdutils        liblzma5       libudev1  openssl-provider-legacy
#8 29.17   curl            libmount1      libuuid1  util-linux
#8 29.17   libblkid1       libsmartcols1  libxml2   xz-utils
#8 29.17   libcurl4t64     libsodium23    login
#8 29.17   libgnutls30t64  libssl3t64     mount
#8 29.17   liblastlog2-2   libsystemd0    openssl
#8 29.17 
#8 29.19 Installing:
#8 29.19   cron                    libmagickwand-dev  libzip-dev  zip
#8 29.19   imagemagick             libonig-dev        nodejs      zlib1g-dev
#8 29.19   libfreetype-dev         libpng-dev         npm
#8 29.19   libimage-exiftool-perl  libsodium-dev      supervisor
#8 29.19   libjpeg-dev             libxml2-dev        unzip
#8 29.19 
#8 29.19 Installing dependencies:
#8 29.19   automake
#8 29.19   autotools-dev
#8 29.19   bsd-mailx
#8 29.19   build-essential
#8 29.19   bzip2-doc
#8 29.19   cron-daemon-common
#8 29.19   dbus
#8 29.19   dbus-bin
#8 29.19   dbus-daemon
#8 29.19   dbus-session-bus-common
#8 29.19   dbus-system-bus-common
#8 29.19   dmsetup
#8 29.19   eslint
#8 29.19   exim4-base
#8 29.19   exim4-config
#8 29.19   exim4-daemon-light
#8 29.19   fontconfig
#8 29.19   fontconfig-config
#8 29.19   fonts-dejavu-core
#8 29.19   fonts-dejavu-mono
#8 29.19   fonts-droid-fallback
#8 29.19   fonts-noto-mono
#8 29.19   fonts-urw-base35
#8 29.19   ghostscript
#8 29.19   gir1.2-freedesktop
#8 29.19   gir1.2-freedesktop-dev
#8 29.19   gir1.2-gdkpixbuf-2.0
#8 29.19   gir1.2-glib-2.0
#8 29.19   gir1.2-glib-2.0-dev
#8 29.19   gir1.2-harfbuzz-0.0
#8 29.19   gir1.2-pango-1.0
#8 29.19   gir1.2-rsvg-2.0
#8 29.19   girepository-tools
#8 29.19   git
#8 29.19   git-man
#8 29.19   gyp
#8 29.19   handlebars
#8 29.19   hicolor-icon-theme
#8 29.19   icu-devtools
#8 29.19   imagemagick-7-common
#8 29.19   imagemagick-7.q16
#8 29.19   javascript-common
#8 29.19   less
#8 29.19   libabsl20240722
#8 29.19   libaom3
#8 29.19   libapparmor1
#8 29.19   libarchive-zip-perl
#8 29.19   libauthen-sasl-perl
#8 29.19   libavahi-client3
#8 29.19   libavahi-common-data
#8 29.19   libavahi-common3
#8 29.19   libblkid-dev
#8 29.19   libbrotli-dev
#8 29.19   libbz2-dev
#8 29.19   libcairo-gobject2
#8 29.19   libcairo-script-interpreter2
#8 29.19   libcairo2
#8 29.19   libcairo2-dev
#8 29.19   libcares2
#8 29.19   libcbor0.10
#8 29.19   libclone-perl
#8 29.19   libcompress-raw-lzma-perl
#8 29.19   libcryptsetup12
#8 29.19   libcups2t64
#8 29.19   libcurl3t64-gnutls
#8 29.19   libdata-dump-perl
#8 29.19   libdatrie-dev
#8 29.19   libdatrie1
#8 29.19   libdav1d-dev
#8 29.19   libdav1d7
#8 29.19   libdbus-1-3
#8 29.19   libde265-0
#8 29.19   libdeflate-dev
#8 29.19   libdeflate0
#8 29.19   libdevmapper1.02.1
#8 29.19   libdjvulibre-dev
#8 29.19   libdjvulibre-text
#8 29.19   libdjvulibre21
#8 29.19   libdrm-amdgpu1
#8 29.19   libdrm-common
#8 29.19   libdrm-intel1
#8 29.19   libdrm2
#8 29.19   libedit2
#8 29.19   libegl-mesa0
#8 29.19   libegl1
#8 29.19   libelf1t64
#8 29.19   libencode-locale-perl
#8 29.19   liberror-perl
#8 29.19   libevent-2.1-7t64
#8 29.19   libexif-dev
#8 29.19   libexif-doc
#8 29.19   libexif12
#8 29.19   libexpat1
#8 29.19   libexpat1-dev
#8 29.19   libffi-dev
#8 29.19   libfftw3-bin
#8 29.19   libfftw3-dev
#8 29.19   libfftw3-double3
#8 29.19   libfftw3-long3
#8 29.19   libfftw3-quad3
#8 29.19   libfftw3-single3
#8 29.19   libfido2-1
#8 29.19   libfile-basedir-perl
#8 29.19   libfile-desktopentry-perl
#8 29.19   libfile-fcntllock-perl
#8 29.19   libfile-listing-perl
#8 29.19   libfile-mimeinfo-perl
#8 29.19   libfont-afm-perl
#8 29.19   libfontconfig-dev
#8 29.19   libfontconfig1
#8 29.19   libfontenc1
#8 29.19   libfreetype6
#8 29.19   libfribidi-dev
#8 29.19   libfribidi0
#8 29.19   libgbm1
#8 29.19   libgdk-pixbuf-2.0-0
#8 29.19   libgdk-pixbuf-2.0-dev
#8 29.19   libgdk-pixbuf2.0-bin
#8 29.19   libgdk-pixbuf2.0-common
#8 29.19   libgio-2.0-dev
#8 29.19   libgio-2.0-dev-bin
#8 29.19   libgirepository-2.0-0
#8 29.19   libgl1
#8 29.19   libgl1-mesa-dri
#8 29.19   libgles2
#8 29.19   libglib2.0-0t64
#8 29.19   libglib2.0-bin
#8 29.19   libglib2.0-data
#8 29.19   libglib2.0-dev
#8 29.19   libglib2.0-dev-bin
#8 29.19   libglvnd0
#8 29.19   libglx-mesa0
#8 29.19   libglx0
#8 29.19   libgnutls-dane0t64
#8 29.19   libgpm2
#8 29.19   libgraphite2-3
#8 29.19   libgraphite2-dev
#8 29.19   libgs-common
#8 29.19   libgs10
#8 29.19   libgs10-common
#8 29.19   libharfbuzz-cairo0
#8 29.19   libharfbuzz-dev
#8 29.19   libharfbuzz-gobject0
#8 29.19   libharfbuzz-icu0
#8 29.19   libharfbuzz-subset0
#8 29.19   libharfbuzz0b
#8 29.19   libheif-plugin-aomenc
#8 29.19   libheif-plugin-dav1d
#8 29.19   libheif-plugin-libde265
#8 29.19   libheif-plugin-x265
#8 29.19   libheif1
#8 29.19   libhtml-form-perl
#8 29.19   libhtml-format-perl
#8 29.19   libhtml-parser-perl
#8 29.19   libhtml-tagset-perl
#8 29.19   libhtml-tree-perl
#8 29.19   libhttp-cookies-perl
#8 29.19   libhttp-daemon-perl
#8 29.19   libhttp-date-perl
#8 29.19   libhttp-message-perl
#8 29.19   libhttp-negotiate-perl
#8 29.19   libice-dev
#8 29.19   libice6
#8 29.19   libicu-dev
#8 29.19   libicu76
#8 29.19   libidn12
#8 29.19   libijs-0.35
#8 29.19   libimath-3-1-29t64
#8 29.19   libimath-dev
#8 29.19   libio-compress-brotli-perl
#8 29.19   libio-html-perl
#8 29.19   libio-socket-ssl-perl
#8 29.19   libio-stringy-perl
#8 29.19   libipc-system-simple-perl
#8 29.19   libjbig-dev
#8 29.19   libjbig0
#8 29.19   libjbig2dec0
#8 29.19   libjpeg62-turbo
#8 29.19   libjpeg62-turbo-dev
#8 29.19   libjs-events
#8 29.19   libjs-inherits
#8 29.19   libjs-is-typedarray
#8 29.19   libjs-prettify
#8 29.19   libjs-regenerate
#8 29.19   libjs-source-map
#8 29.19   libjs-sprintf-js
#8 29.19   libjs-typedarray-to-buffer
#8 29.19   libjs-util
#8 29.19   libjson-c5
#8 29.19   libjxr-tools
#8 29.19   libjxr0t64
#8 29.19   libkmod2
#8 29.19   liblcms2-2
#8 29.19   liblcms2-dev
#8 29.19   liblerc-dev
#8 29.19   liblerc4
#8 29.19   libllvm19
#8 29.19   liblockfile-bin
#8 29.19   liblockfile1
#8 29.19   liblqr-1-0
#8 29.19   liblqr-1-0-dev
#8 29.19   libltdl-dev
#8 29.19   libltdl7
#8 29.19   liblwp-mediatypes-perl
#8 29.19   liblwp-protocol-https-perl
#8 29.19   liblzma-dev
#8 29.19   liblzo2-2
#8 29.19   libmagickcore-7-arch-config
#8 29.19   libmagickcore-7-headers
#8 29.19   libmagickcore-7.q16-10
#8 29.19   libmagickcore-7.q16-10-extra
#8 29.19   libmagickcore-7.q16-dev
#8 29.19   libmagickwand-7-headers
#8 29.19   libmagickwand-7.q16-10
#8 29.19   libmagickwand-7.q16-dev
#8 29.19   libmailtools-perl
#8 29.19   libmime-charset-perl
#8 29.19   libmount-dev
#8 29.19   libncursesw6
#8 29.19   libnet-dbus-perl
#8 29.19   libnet-http-perl
#8 29.19   libnet-smtp-ssl-perl
#8 29.19   libnet-ssleay-perl
#8 29.19   libnetpbm11t64
#8 29.19   libngtcp2-16
#8 29.19   libngtcp2-crypto-gnutls8
#8 29.19   libnode-dev
#8 29.19   libnode115
#8 29.19   libnotify-bin
#8 29.19   libnotify4
#8 29.19   libnsl2
#8 29.19   libnuma1
#8 29.19   libopenexr-3-1-30
#8 29.19   libopenexr-dev
#8 29.19   libopenjp2-7
#8 29.19   libopenjp2-7-dev
#8 29.19   libpango-1.0-0
#8 29.19   libpango1.0-dev
#8 29.19   libpangocairo-1.0-0
#8 29.19   libpangoft2-1.0-0
#8 29.19   libpangoxft-1.0-0
#8 29.19   libpaper-utils
#8 29.19   libpaper2
#8 29.19   libpciaccess0
#8 29.19   libpcre2-16-0
#8 29.19   libpcre2-32-0
#8 29.19   libpcre2-dev
#8 29.19   libpcre2-posix3
#8 29.19   libpixman-1-0
#8 29.19   libpixman-1-dev
#8 29.19   libpng-tools
#8 29.19   libpng16-16t64
#8 29.19   libpython3-stdlib
#8 29.19   libpython3.13-minimal
#8 29.19   libpython3.13-stdlib
#8 29.19   libraw23t64
#8 29.19   libre2-11
#8 29.19   librsvg2-2
#8 29.19   librsvg2-common
#8 29.19   librsvg2-dev
#8 29.19   libselinux1-dev
#8 29.19   libsensors-config
#8 29.19   libsensors5
#8 29.19   libsepol-dev
#8 29.19   libsharpyuv-dev
#8 29.19   libsharpyuv0
#8 29.19   libsm-dev
#8 29.19   libsm6
#8 29.19   libsombok3
#8 29.19   libssl-dev
#8 29.19   libsysprof-capture-4-dev
#8 29.19   libsystemd-shared
#8 29.19   libtext-iconv-perl
#8 29.19   libthai-data
#8 29.19   libthai-dev
#8 29.19   libthai0
#8 29.19   libtie-ixhash-perl
#8 29.19   libtiff-dev
#8 29.19   libtiff6
#8 29.19   libtiffxx6
#8 29.19   libtimedate-perl
#8 29.19   libtirpc-common
#8 29.19   libtirpc3t64
#8 29.19   libtool
#8 29.19   libtry-tiny-perl
#8 29.19   libunbound8
#8 29.19   libunicode-linebreak-perl
#8 29.19   liburi-perl
#8 29.19   libuv1-dev
#8 29.19   libuv1t64
#8 29.19   libvulkan1
#8 29.19   libwayland-client0
#8 29.19   libwayland-server0
#8 29.19   libwebp-dev
#8 29.19   libwebp7
#8 29.19   libwebpdecoder3
#8 29.19   libwebpdemux2
#8 29.19   libwebpmux3
#8 29.19   libwmf-0.2-7
#8 29.19   libwmf-dev
#8 29.19   libwmflite-0.2-7
#8 29.19   libwww-perl
#8 29.19   libwww-robotrules-perl
#8 29.19   libx11-6
#8 29.19   libx11-data
#8 29.19   libx11-dev
#8 29.19   libx11-protocol-perl
#8 29.19   libx11-xcb1
#8 29.19   libx265-215
#8 29.19   libxau-dev
#8 29.19   libxau6
#8 29.19   libxaw7
#8 29.19   libxcb-dri3-0
#8 29.19   libxcb-glx0
#8 29.19   libxcb-present0
#8 29.19   libxcb-randr0
#8 29.19   libxcb-render0
#8 29.19   libxcb-render0-dev
#8 29.19   libxcb-shape0
#8 29.19   libxcb-shm0
#8 29.19   libxcb-shm0-dev
#8 29.19   libxcb-sync1
#8 29.19   libxcb-xfixes0
#8 29.19   libxcb1
#8 29.19   libxcb1-dev
#8 29.19   libxcomposite1
#8 29.19   libxcursor1
#8 29.19   libxdmcp-dev
#8 29.19   libxdmcp6
#8 29.19   libxext-dev
#8 29.19   libxext6
#8 29.19   libxfixes3
#8 29.19   libxft-dev
#8 29.19   libxft2
#8 29.19   libxi6
#8 29.19   libxinerama1
#8 29.19   libxkbfile1
#8 29.19   libxml-parser-perl
#8 29.19   libxml-twig-perl
#8 29.19   libxml-xpathengine-perl
#8 29.19   libxmu6
#8 29.19   libxmuu1
#8 29.19   libxpm4
#8 29.19   libxrandr2
#8 29.19   libxrender-dev
#8 29.19   libxrender1
#8 29.19   libxshmfence1
#8 29.19   libxt-dev
#8 29.19   libxt6t64
#8 29.19   libxtst6
#8 29.19   libxv1
#8 29.19   libxxf86dga1
#8 29.19   libxxf86vm1
#8 29.19   libz3-4
#8 29.19   libzip5
#8 29.19   libzstd-dev
#8 29.19   linux-sysctl-defaults
#8 29.19   luit
#8 29.19   media-types
#8 29.19   mesa-libgallium
#8 29.19   mesa-vulkan-drivers
#8 29.19   native-architecture
#8 29.19   netbase
#8 29.19   netpbm
#8 29.19   node-abbrev
#8 29.19   node-acorn
#8 29.19   node-agent-base
#8 29.19   node-ajv
#8 29.19   node-ajv-keywords
#8 29.19   node-ampproject-remapping
#8 29.19   node-ansi-escapes
#8 29.19   node-ansi-regex
#8 29.19   node-ansi-styles
#8 29.19   node-anymatch
#8 29.19   node-aproba
#8 29.19   node-archy
#8 29.19   node-are-we-there-yet
#8 29.19   node-argparse
#8 29.19   node-arrify
#8 29.19   node-assert
#8 29.19   node-async
#8 29.19   node-async-each
#8 29.19   node-auto-bind
#8 29.19   node-babel-helper-define-polyfill-provider
#8 29.19   node-babel-plugin-add-module-exports
#8 29.19   node-babel-plugin-lodash
#8 29.19   node-babel-plugin-polyfill-corejs2
#8 29.19   node-babel-plugin-polyfill-corejs3
#8 29.19   node-babel-plugin-polyfill-regenerator
#8 29.19   node-babel7
#8 29.19   node-babel7-runtime
#8 29.19   node-balanced-match
#8 29.19   node-base
#8 29.19   node-base64-js
#8 29.19   node-binary-extensions
#8 29.19   node-brace-expansion
#8 29.19   node-braces
#8 29.19   node-browserslist
#8 29.19   node-builtins
#8 29.19   node-cacache
#8 29.19   node-cache-base
#8 29.19   node-camelcase
#8 29.19   node-caniuse-lite
#8 29.19   node-chalk
#8 29.19   node-chokidar
#8 29.19   node-chownr
#8 29.19   node-chrome-trace-event
#8 29.19   node-ci-info
#8 29.19   node-cjs-module-lexer
#8 29.19   node-cli-boxes
#8 29.19   node-cli-cursor
#8 29.19   node-cli-table
#8 29.19   node-cli-truncate
#8 29.19   node-cliui
#8 29.19   node-clone
#8 29.19   node-clone-deep
#8 29.19   node-collection-visit
#8 29.19   node-color-convert
#8 29.19   node-color-name
#8 29.19   node-colors
#8 29.19   node-columnify
#8 29.19   node-commander
#8 29.19   node-commondir
#8 29.19   node-concat-stream
#8 29.19   node-console-control-strings
#8 29.19   node-convert-source-map
#8 29.19   node-copy-concurrently
#8 29.19   node-core-js
#8 29.19   node-core-js-compat
#8 29.19   node-core-js-pure
#8 29.19   node-core-util-is
#8 29.19   node-corepack
#8 29.19   node-coveralls
#8 29.19   node-css-loader
#8 29.19   node-css-selector-tokenizer
#8 29.19   node-data-uri-to-buffer
#8 29.19   node-debbundle-es-to-primitive
#8 29.19   node-debug
#8 29.19   node-decamelize
#8 29.19   node-decompress-response
#8 29.19   node-deep-equal
#8 29.19   node-deep-is
#8 29.19   node-defaults
#8 29.19   node-define-properties
#8 29.19   node-define-property
#8 29.19   node-defined
#8 29.19   node-del
#8 29.19   node-delegates
#8 29.19   node-depd
#8 29.19   node-diff
#8 29.19   node-doctrine
#8 29.19   node-electron-to-chromium
#8 29.19   node-encoding
#8 29.19   node-enhanced-resolve
#8 29.19   node-envinfo
#8 29.19   node-err-code
#8 29.19   node-errno
#8 29.19   node-error-ex
#8 29.19   node-es-abstract
#8 29.19   node-es-module-lexer
#8 29.19   node-es6-error
#8 29.19   node-escape-string-regexp
#8 29.19   node-escodegen
#8 29.19   node-eslint-scope
#8 29.19   node-eslint-utils
#8 29.19   node-eslint-visitor-keys
#8 29.19   node-espree
#8 29.19   node-esprima
#8 29.19   node-esquery
#8 29.19   node-esrecurse
#8 29.19   node-estraverse
#8 29.19   node-esutils
#8 29.19   node-events
#8 29.19   node-execa
#8 29.19   node-fancy-log
#8 29.19   node-fast-deep-equal
#8 29.19   node-fast-levenshtein
#8 29.19   node-fetch
#8 29.19   node-file-entry-cache
#8 29.19   node-fill-range
#8 29.19   node-find-cache-dir
#8 29.19   node-find-up
#8 29.19   node-flat-cache
#8 29.19   node-flatted
#8 29.19   node-for-in
#8 29.19   node-for-own
#8 29.19   node-foreground-child
#8 29.19   node-fs-readdir-recursive
#8 29.19   node-fs-write-stream-atomic
#8 29.19   node-fs.realpath
#8 29.19   node-function-bind
#8 29.19   node-functional-red-black-tree
#8 29.19   node-gauge
#8 29.19   node-get-caller-file
#8 29.19   node-get-stream
#8 29.19   node-get-value
#8 29.19   node-glob
#8 29.19   node-glob-parent
#8 29.19   node-globals
#8 29.19   node-globby
#8 29.19   node-got
#8 29.19   node-graceful-fs
#8 29.19   node-growl
#8 29.19   node-gyp
#8 29.19   node-has-flag
#8 29.19   node-has-unicode
#8 29.19   node-has-value
#8 29.19   node-has-values
#8 29.19   node-hosted-git-info
#8 29.19   node-http-proxy-agent
#8 29.19   node-https-proxy-agent
#8 29.19   node-iconv-lite
#8 29.19   node-icss-utils
#8 29.19   node-ieee754
#8 29.19   node-iferr
#8 29.19   node-ignore
#8 29.19   node-imurmurhash
#8 29.19   node-indent-string
#8 29.19   node-inflight
#8 29.19   node-inherits
#8 29.19   node-ini
#8 29.19   node-interpret
#8 29.19   node-ip
#8 29.19   node-ip-regex
#8 29.19   node-is-arrayish
#8 29.19   node-is-binary-path
#8 29.19   node-is-buffer
#8 29.19   node-is-descriptor
#8 29.19   node-is-extendable
#8 29.19   node-is-extglob
#8 29.19   node-is-glob
#8 29.19   node-is-number
#8 29.19   node-is-path-cwd
#8 29.19   node-is-path-inside
#8 29.19   node-is-plain-obj
#8 29.19   node-is-plain-object
#8 29.19   node-is-primitive
#8 29.19   node-is-stream
#8 29.19   node-is-typedarray
#8 29.19   node-is-windows
#8 29.19   node-isarray
#8 29.19   node-isexe
#8 29.19   node-isobject
#8 29.19   node-istanbul
#8 29.19   node-jest-debbundle
#8 29.19   node-jest-worker
#8 29.19   node-js-tokens
#8 29.19   node-js-yaml
#8 29.19   node-jsesc
#8 29.19   node-json-buffer
#8 29.19   node-json-parse-better-errors
#8 29.19   node-json-schema
#8 29.19   node-json-schema-traverse
#8 29.19   node-json-stable-stringify
#8 29.19   node-json5
#8 29.19   node-jsonify
#8 29.19   node-jsonparse
#8 29.19   node-kind-of
#8 29.19   node-lcov-parse
#8 29.19   node-levn
#8 29.19   node-loader-runner
#8 29.19   node-locate-path
#8 29.19   node-lodash
#8 29.19   node-lodash-packages
#8 29.19   node-log-driver
#8 29.19   node-lowercase-keys
#8 29.19   node-lru-cache
#8 29.19   node-make-dir
#8 29.19   node-map-visit
#8 29.19   node-memfs
#8 29.19   node-memory-fs
#8 29.19   node-merge-stream
#8 29.19   node-micromatch
#8 29.19   node-mime
#8 29.19   node-mime-types
#8 29.19   node-mimic-fn
#8 29.19   node-mimic-response
#8 29.19   node-minimatch
#8 29.19   node-minimist
#8 29.19   node-minipass
#8 29.19   node-mixin-deep
#8 29.19   node-mkdirp
#8 29.19   node-move-concurrently
#8 29.19   node-ms
#8 29.19   node-mute-stream
#8 29.19   node-n3
#8 29.19   node-negotiator
#8 29.19   node-neo-async
#8 29.19   node-nopt
#8 29.19   node-normalize-package-data
#8 29.19   node-normalize-path
#8 29.19   node-npm-bundled
#8 29.19   node-npm-package-arg
#8 29.19   node-npm-run-path
#8 29.19   node-npmlog
#8 29.19   node-object-assign
#8 29.19   node-object-inspect
#8 29.19   node-object-visit
#8 29.19   node-once
#8 29.19   node-opener
#8 29.19   node-optimist
#8 29.19   node-optionator
#8 29.19   node-osenv
#8 29.19   node-p-cancelable
#8 29.19   node-p-limit
#8 29.19   node-p-locate
#8 29.19   node-p-map
#8 29.19   node-parse-json
#8 29.19   node-pascalcase
#8 29.19   node-path-dirname
#8 29.19   node-path-exists
#8 29.19   node-path-is-absolute
#8 29.19   node-path-is-inside
#8 29.19   node-path-type
#8 29.19   node-picocolors
#8 29.19   node-pify
#8 29.19   node-pkg-dir
#8 29.19   node-postcss
#8 29.19   node-postcss-modules-extract-imports
#8 29.19   node-postcss-modules-values
#8 29.19   node-postcss-value-parser
#8 29.19   node-prelude-ls
#8 29.19   node-process-nextick-args
#8 29.19   node-progress
#8 29.19   node-promise-inflight
#8 29.19   node-promise-retry
#8 29.19   node-promzard
#8 29.19   node-prr
#8 29.19   node-punycode
#8 29.19   node-quick-lru
#8 29.19   node-randombytes
#8 29.19   node-re2
#8 29.19   node-read
#8 29.19   node-read-package-json
#8 29.19   node-read-pkg
#8 29.19   node-readable-stream
#8 29.19   node-readdirp
#8 29.19   node-rechoir
#8 29.19   node-regenerate
#8 29.19   node-regenerate-unicode-properties
#8 29.19   node-regenerator-runtime
#8 29.19   node-regenerator-transform
#8 29.19   node-regexpp
#8 29.20   node-regexpu-core
#8 29.20   node-regjsgen
#8 29.20   node-regjsparser
#8 29.20   node-repeat-string
#8 29.20   node-require-directory
#8 29.20   node-require-from-string
#8 29.20   node-resolve
#8 29.20   node-resolve-cwd
#8 29.20   node-resolve-from
#8 29.20   node-restore-cursor
#8 29.20   node-resumer
#8 29.20   node-retry
#8 29.20   node-rimraf
#8 29.20   node-run-queue
#8 29.20   node-safe-buffer
#8 29.20   node-schema-utils
#8 29.20   node-sellside-emitter
#8 29.20   node-semver
#8 29.20   node-serialize-javascript
#8 29.20   node-set-blocking
#8 29.20   node-set-immediate-shim
#8 29.20   node-set-value
#8 29.20   node-shebang-command
#8 29.20   node-shebang-regex
#8 29.20   node-shell-quote
#8 29.20   node-signal-exit
#8 29.20   node-slash
#8 29.20   node-slice-ansi
#8 29.20   node-source-list-map
#8 29.20   node-source-map
#8 29.20   node-source-map-support
#8 29.20   node-spdx-correct
#8 29.20   node-spdx-exceptions
#8 29.20   node-spdx-expression-parse
#8 29.20   node-spdx-license-ids
#8 29.20   node-sprintf-js
#8 29.20   node-ssri
#8 29.20   node-stack-utils
#8 29.20   node-string-decoder
#8 29.20   node-string-width
#8 29.20   node-strip-ansi
#8 29.20   node-strip-bom
#8 29.20   node-strip-eof
#8 29.20   node-strip-json-comments
#8 29.20   node-supports-color
#8 29.20   node-tap
#8 29.20   node-tap-mocha-reporter
#8 29.20   node-tap-parser
#8 29.20   node-tapable
#8 29.20   node-tape
#8 29.20   node-tar
#8 29.20   node-terser
#8 29.20   node-text-table
#8 29.20   node-through
#8 29.20   node-time-stamp
#8 29.20   node-to-fast-properties
#8 29.20   node-to-regex-range
#8 29.20   node-tslib
#8 29.20   node-type-check
#8 29.20   node-typedarray
#8 29.20   node-typedarray-to-buffer
#8 29.20   node-undici
#8 29.20   node-unicode-canonical-property-names-ecmascript
#8 29.20   node-unicode-match-property-ecmascript
#8 29.20   node-unicode-match-property-value-ecmascript
#8 29.20   node-unicode-property-aliases-ecmascript
#8 29.20   node-union-value
#8 29.20   node-unique-filename
#8 29.20   node-unset-value
#8 29.20   node-uri-js
#8 29.20   node-util
#8 29.20   node-util-deprecate
#8 29.20   node-uuid
#8 29.20   node-v8-compile-cache
#8 29.20   node-v8flags
#8 29.20   node-validate-npm-package-license
#8 29.20   node-validate-npm-package-name
#8 29.20   node-watchpack
#8 29.20   node-wcwidth.js
#8 29.20   node-webassemblyjs
#8 29.20   node-webpack-sources
#8 29.20   node-which
#8 29.20   node-wide-align
#8 29.20   node-widest-line
#8 29.20   node-wordwrap
#8 29.20   node-wrap-ansi
#8 29.20   node-wrappy
#8 29.20   node-write
#8 29.20   node-write-file-atomic
#8 29.20   node-ws
#8 29.20   node-xtend
#8 29.20   node-y18n
#8 29.20   node-yallist
#8 29.20   node-yaml
#8 29.20   node-yargs
#8 29.20   node-yargs-parser
#8 29.20   nodejs-doc
#8 29.20   openssh-client
#8 29.20   pango1.0-tools
#8 29.20   perl-openssl-defaults
#8 29.20   poppler-data
#8 29.20   psmisc
#8 29.20   python3
#8 29.20   python3-autocommand
#8 29.20   python3-inflect
#8 29.20   python3-jaraco.context
#8 29.20   python3-jaraco.functools
#8 29.20   python3-minimal
#8 29.20   python3-more-itertools
#8 29.20   python3-packaging
#8 29.20   python3-pkg-resources
#8 29.20   python3-typeguard
#8 29.20   python3-typing-extensions
#8 29.20   python3.13
#8 29.20   python3.13-minimal
#8 29.20   sensible-utils
#8 29.20   shared-mime-info
#8 29.20   systemd
#8 29.20   systemd-cryptsetup
#8 29.20   systemd-timesyncd
#8 29.20   terser
#8 29.20   uuid-dev
#8 29.20   webpack
#8 29.20   x11-common
#8 29.20   x11-utils
#8 29.20   x11-xserver-utils
#8 29.20   x11proto-dev
#8 29.20   xauth
#8 29.20   xdg-user-dirs
#8 29.20   xdg-utils
#8 29.20   xfonts-encodings
#8 29.20   xfonts-utils
#8 29.20   xorg-sgml-doctools
#8 29.20   xtrans-dev
#8 29.20   zipcmp
#8 29.20   zipmerge
#8 29.20   ziptool
#8 29.20   zutty
#8 29.20 
#8 29.20 Suggested packages:
#8 29.20   autoconf-doc              libtool-doc
#8 29.20   gnu-standards             libcrypt-ssleay-perl
#8 29.20   anacron                   liblzma-doc
#8 29.20   logrotate                 inkscape
#8 29.20   checksecurity             libencode-eucjpascii-perl
#8 29.20   supercat                  libencode-hanextra-perl
#8 29.20   bat                       libpod2-base-perl
#8 29.20   default-dbus-session-bus  notification-daemon
#8 29.20   | dbus-session-bus        libpango1.0-doc
#8 29.20   node-babel-eslint         pciutils
#8 29.20   node-esprima-fb           librsvg2-bin
#8 29.20   node-inquirer             librsvg2-doc
#8 29.20   exim4-doc-html            lm-sensors
#8 29.20   | exim4-doc-info          libsm-doc
#8 29.20   eximon4                   libssl-doc
#8 29.20   spf-tools-perl            libarchive13t64
#8 29.20   swaks                     libbpf1
#8 29.20   fonts-noto                libdw1t64
#8 29.20   fonts-freefont-otf        libgcrypt20
#8 29.20   | fonts-freefont-ttf      libip4tc2
#8 29.20   fonts-texgyre             libpwquality1
#8 29.20   texlive-binaries          libqrencode4
#8 29.20   gettext-base              libtss2-rc0t64
#8 29.20   git-doc                   libthai-doc
#8 29.20   git-email                 gfortran
#8 29.20   git-gui                   | fortran95-compiler
#8 29.20   gitk                      gcj-jdk
#8 29.20   gitweb                    libsub-name-perl
#8 29.20   git-cvs                   libbusiness-isbn-perl
#8 29.20   git-mediawiki             libmime-base32-perl
#8 29.20   git-svn                   libregexp-ipv6-perl
#8 29.20   imagemagick-7-doc         libuv1-doc
#8 29.20   autotrace                 libwmf-0.2-7-gtk
#8 29.20   cups-bsd                  libwmf-doc
#8 29.20   | lpr                     libauthen-ntlm-perl
#8 29.20   | lprng                   libx11-doc
#8 29.20   enscript                  libxcb-doc
#8 29.20   ffmpeg                    libxext-doc
#8 29.20   gimp                      libunicode-map8-perl
#8 29.20   gnuplot                   libunicode-string-perl
#8 29.20   grads                     xml-twig-tools
#8 29.20   graphviz                  libxt-doc
#8 29.20   groff-base                node-babel-plugin-polyfill-es-shims
#8 29.20   hp2xx                     node-babel7-debug
#8 29.20   html2ps                   livescript
#8 29.20   libwmf-bin                chai
#8 29.20   mplayer                   node-jest-diff
#8 29.20   povray                    keychain
#8 29.20   radiance                  libpam-ssh
#8 29.20   sane-utils                monkeysphere
#8 29.20   texlive-base-bin          ssh-askpass
#8 29.20   transfig                  graphicsmagick
#8 29.20   libraw-bin                debhelper
#8 29.20   apache2                   poppler-utils
#8 29.20   | lighttpd                fonts-japanese-mincho
#8 29.20   | httpd                   | fonts-ipafont-mincho
#8 29.20   libdigest-hmac-perl       fonts-japanese-gothic
#8 29.20   libgssapi-perl            | fonts-ipafont-gothic
#8 29.20   libcairo2-doc             fonts-arphic-ukai
#8 29.20   cups-common               fonts-arphic-uming
#8 29.20   libdatrie-doc             fonts-nanum
#8 29.20   libfftw3-doc              python3-doc
#8 29.20   freetype2-doc             python3-tk
#8 29.20   libglib2.0-doc            python3-venv
#8 29.20   libxml2-utils             python3-setuptools
#8 29.20   low-memory-monitor        python3.13-venv
#8 29.20   dns-root-data             python3.13-doc
#8 29.20   gpm                       binfmt-support
#8 29.20   libgraphite2-utils        supervisor-doc
#8 29.20   libheif-plugin-ffmpegdec  systemd-container
#8 29.20   libheif-plugin-jpegdec    systemd-homed
#8 29.20   libheif-plugin-jpegenc    systemd-userdbd
#8 29.20   libheif-plugin-j2kdec     systemd-boot
#8 29.20   libheif-plugin-j2kenc     systemd-resolved
#8 29.20   libheif-plugin-kvazaar    systemd-repart
#8 29.20   libheif-plugin-rav1e      libtss2-tcti-device0
#8 29.20   libheif-plugin-svtenc     polkitd
#8 29.20   libice-doc                mesa-utils
#8 29.20   icu-doc                   nickle
#8 29.20   libposix-strptime-perl    cairo-5c
#8 29.20   libjs-angularjs           xorg-docs-core
#8 29.20   liblcms2-utils
#8 29.20 
#8 30.12 Summary:
#8 30.12   Upgrading: 21, Installing: 798, Removing: 0, Not Upgrading: 23
#8 30.12   Download size: 250 MB
#8 30.12   Space needed: 1062 MB / 999 GB available
#8 30.12 
#8 30.12 Get:1 http://deb.debian.org/debian-security trixie-security/main amd64 bsdutils amd64 1:2.41.5-0+deb13u1 [110 kB]
#8 30.78 Get:2 http://deb.debian.org/debian-security trixie-security/main amd64 liblastlog2-2 amd64 2.41.5-0+deb13u1 [28.8 kB]
#8 31.04 Get:3 http://deb.debian.org/debian-security trixie-security/main amd64 libblkid1 amd64 2.41.5-0+deb13u1 [172 kB]
#8 31.52 Get:4 http://deb.debian.org/debian-security trixie-security/main amd64 libmount1 amd64 2.41.5-0+deb13u1 [210 kB]
#8 31.62 Get:5 http://deb.debian.org/debian-security trixie-security/main amd64 libsmartcols1 amd64 2.41.5-0+deb13u1 [143 kB]
#8 31.81 Get:6 http://deb.debian.org/debian-security trixie-security/main amd64 mount amd64 2.41.5-0+deb13u1 [163 kB]
#8 31.96 Get:7 http://deb.debian.org/debian-security trixie-security/main amd64 libuuid1 amd64 2.41.5-0+deb13u1 [37.8 kB]
#8 31.98 Get:8 http://deb.debian.org/debian-security trixie-security/main amd64 util-linux amd64 2.41.5-0+deb13u1 [1242 kB]
#8 32.58 Get:9 http://deb.debian.org/debian-security trixie-security/main amd64 login amd64 1:4.16.0-2+really2.41.5-0+deb13u1 [115 kB]
#8 32.65 Get:10 http://deb.debian.org/debian-security trixie-security/main amd64 openssl-provider-legacy amd64 3.5.7-1~deb13u2 [316 kB]
#8 32.76 Get:11 http://deb.debian.org/debian-security trixie-security/main amd64 libssl3t64 amd64 3.5.7-1~deb13u2 [2454 kB]
#8 34.12 Get:12 http://deb.debian.org/debian trixie/main amd64 libsystemd-shared amd64 257.13-1~deb13u1 [2155 kB]
#8 35.92 Get:13 http://deb.debian.org/debian trixie/main amd64 libapparmor1 amd64 4.1.0-1 [43.7 kB]
#8 35.94 Get:14 http://deb.debian.org/debian trixie/main amd64 libsystemd0 amd64 257.13-1~deb13u1 [455 kB]
#8 36.04 Get:15 http://deb.debian.org/debian trixie/main amd64 systemd amd64 257.13-1~deb13u1 [3094 kB]
#8 37.08 Get:16 http://deb.debian.org/debian trixie/main amd64 cron-daemon-common all 3.0pl1-197 [17.8 kB]
#8 37.08 Get:17 http://deb.debian.org/debian trixie/main amd64 sensible-utils all 0.0.25 [25.0 kB]
#8 37.09 Get:18 http://deb.debian.org/debian trixie/main amd64 cron amd64 3.0pl1-197 [87.4 kB]
#8 37.12 Get:19 http://deb.debian.org/debian trixie/main amd64 libdbus-1-3 amd64 1.16.2-2 [178 kB]
#8 37.19 Get:20 http://deb.debian.org/debian trixie/main amd64 dbus-bin amd64 1.16.2-2 [80.0 kB]
#8 37.20 Get:21 http://deb.debian.org/debian trixie/main amd64 dbus-session-bus-common all 1.16.2-2 [52.3 kB]
#8 37.20 Get:22 http://deb.debian.org/debian-security trixie-security/main amd64 libexpat1 amd64 2.8.3-1~deb13u1 [123 kB]
#8 37.23 Get:23 http://deb.debian.org/debian trixie/main amd64 dbus-daemon amd64 1.16.2-2 [159 kB]
#8 37.27 Get:24 http://deb.debian.org/debian trixie/main amd64 dbus-system-bus-common all 1.16.2-2 [53.5 kB]
#8 37.33 Get:25 http://deb.debian.org/debian trixie/main amd64 dbus amd64 1.16.2-2 [71.6 kB]
#8 37.37 Get:26 http://deb.debian.org/debian-security trixie-security/main amd64 imagemagick-7-common all 8:7.1.1.43+dfsg1-1+deb13u11 [76.8 kB]
#8 37.43 Get:27 http://deb.debian.org/debian-security trixie-security/main amd64 libmagickcore-7-headers all 8:7.1.1.43+dfsg1-1+deb13u11 [50.4 kB]
#8 37.45 Get:28 http://deb.debian.org/debian-security trixie-security/main amd64 libmagickcore-7-arch-config amd64 8:7.1.1.43+dfsg1-1+deb13u11 [37.1 kB]
#8 37.64 Get:29 http://deb.debian.org/debian trixie/main amd64 libfftw3-double3 amd64 3.3.10-2+b1 [781 kB]
#8 37.95 Get:30 http://deb.debian.org/debian trixie/main amd64 libpng16-16t64 amd64 1.6.48-1+deb13u5 [283 kB]
#8 38.05 Get:31 http://deb.debian.org/debian trixie/main amd64 libfreetype6 amd64 2.13.3+dfsg-1+deb13u1 [452 kB]
#8 38.23 Get:32 http://deb.debian.org/debian trixie/main amd64 fonts-dejavu-mono all 2.37-8 [489 kB]
#8 38.42 Get:33 http://deb.debian.org/debian trixie/main amd64 fonts-dejavu-core all 2.37-8 [840 kB]
#8 38.75 Get:34 http://deb.debian.org/debian trixie/main amd64 libfontenc1 amd64 1:1.1.8-1+b2 [23.3 kB]
#8 38.77 Get:35 http://deb.debian.org/debian trixie/main amd64 x11-common all 1:7.7+24+deb13u1 [217 kB]
#8 38.83 Get:36 http://deb.debian.org/debian trixie/main amd64 xfonts-encodings all 1:1.0.4-2.2 [577 kB]
#8 39.05 Get:37 http://deb.debian.org/debian trixie/main amd64 xfonts-utils amd64 1:7.7+7 [93.3 kB]
#8 39.32 Get:38 http://deb.debian.org/debian trixie/main amd64 fonts-urw-base35 all 20200910-8 [10.8 MB]
#8 43.95 Get:39 http://deb.debian.org/debian trixie/main amd64 fontconfig-config amd64 2.15.0-2.3 [318 kB]
#8 44.20 Get:40 http://deb.debian.org/debian trixie/main amd64 libfontconfig1 amd64 2.15.0-2.3 [392 kB]
#8 44.38 Get:41 http://deb.debian.org/debian trixie/main amd64 libsharpyuv0 amd64 1.5.0-0.1 [116 kB]
#8 44.42 Get:42 http://deb.debian.org/debian trixie/main amd64 libdav1d7 amd64 1.5.1-1 [559 kB]
#8 44.61 Get:43 http://deb.debian.org/debian-security trixie-security/main amd64 libheif-plugin-dav1d amd64 1.19.8-1+deb13u1 [11.9 kB]
#8 44.62 Get:44 http://deb.debian.org/debian-security trixie-security/main amd64 libde265-0 amd64 1.0.15-1+deb13u1 [190 kB]
#8 44.70 Get:45 http://deb.debian.org/debian-security trixie-security/main amd64 libheif-plugin-libde265 amd64 1.19.8-1+deb13u1 [15.5 kB]
#8 44.73 Get:46 http://deb.debian.org/debian-security trixie-security/main amd64 libheif1 amd64 1.19.8-1+deb13u1 [522 kB]
#8 44.91 Get:47 http://deb.debian.org/debian trixie/main amd64 libjbig0 amd64 2.1-6.1+b2 [32.1 kB]
#8 44.93 Get:48 http://deb.debian.org/debian trixie/main amd64 libjpeg62-turbo amd64 1:2.1.5-4 [168 kB]
#8 45.01 Get:49 http://deb.debian.org/debian trixie/main amd64 liblcms2-2 amd64 2.16-2+deb13u2 [160 kB]
#8 45.07 Get:50 http://deb.debian.org/debian trixie/main amd64 libglib2.0-0t64 amd64 2.84.4-3~deb13u3 [1519 kB]
#8 45.68 Get:51 http://deb.debian.org/debian trixie/main amd64 liblqr-1-0 amd64 0.4.2-2.1+b2 [29.5 kB]
#8 45.71 Get:52 http://deb.debian.org/debian trixie/main amd64 libltdl7 amd64 2.5.4-4 [416 kB]
#8 45.97 Get:53 http://deb.debian.org/debian trixie/main amd64 liblzma5 amd64 5.8.1-1+deb13u1 [309 kB]
#8 46.14 Get:54 http://deb.debian.org/debian trixie/main amd64 libopenjp2-7 amd64 2.5.3-2.1~deb13u2 [205 kB]
#8 46.50 Get:55 http://deb.debian.org/debian trixie/main amd64 libraw23t64 amd64 0.21.4-2 [390 kB]
#8 46.70 Get:56 http://deb.debian.org/debian trixie/main amd64 libdeflate0 amd64 1.23-2 [47.3 kB]
#8 46.72 Get:57 http://deb.debian.org/debian trixie/main amd64 liblerc4 amd64 4.0.0+ds-5 [183 kB]
#8 46.82 Get:58 http://deb.debian.org/debian trixie/main amd64 libwebp7 amd64 1.5.0-0.1 [318 kB]
#8 47.04 Get:59 http://deb.debian.org/debian-security trixie-security/main amd64 libtiff6 amd64 4.7.0-3+deb13u3 [345 kB]
#8 47.22 Get:60 http://deb.debian.org/debian trixie/main amd64 libwebpdemux2 amd64 1.5.0-0.1 [113 kB]
#8 47.26 Get:61 http://deb.debian.org/debian trixie/main amd64 libwebpmux3 amd64 1.5.0-0.1 [126 kB]
#8 47.33 Get:62 http://deb.debian.org/debian trixie/main amd64 libxau6 amd64 1:1.0.11-1 [20.4 kB]
#8 47.33 Get:63 http://deb.debian.org/debian trixie/main amd64 libxdmcp6 amd64 1:1.1.5-1 [27.8 kB]
#8 47.34 Get:64 http://deb.debian.org/debian trixie/main amd64 libxcb1 amd64 1.17.0-2+b1 [144 kB]
#8 47.43 Get:65 http://deb.debian.org/debian trixie/main amd64 libx11-data all 2:1.8.12-1 [343 kB]
#8 47.59 Get:66 http://deb.debian.org/debian trixie/main amd64 libx11-6 amd64 2:1.8.12-1 [815 kB]
#8 48.00 Get:67 http://deb.debian.org/debian trixie/main amd64 libxext6 amd64 2:1.3.4-1+b3 [50.4 kB]
#8 48.03 Get:68 http://deb.debian.org/debian trixie/main amd64 libxml2 amd64 2.12.7+dfsg+really2.9.14-2.1+deb13u3 [700 kB]
#8 48.64 Get:69 http://deb.debian.org/debian-security trixie-security/main amd64 libmagickcore-7.q16-10 amd64 8:7.1.1.43+dfsg1-1+deb13u11 [1859 kB]
#8 49.69 Get:70 http://deb.debian.org/debian trixie/main amd64 libpixman-1-0 amd64 0.44.0-3 [248 kB]
#8 49.84 Get:71 http://deb.debian.org/debian trixie/main amd64 libxcb-render0 amd64 1.17.0-2+b1 [115 kB]
#8 49.86 Get:72 http://deb.debian.org/debian trixie/main amd64 libxcb-shm0 amd64 1.17.0-2+b1 [105 kB]
#8 49.90 Get:73 http://deb.debian.org/debian trixie/main amd64 libxrender1 amd64 1:0.9.12-1 [27.9 kB]
#8 49.92 Get:74 http://deb.debian.org/debian trixie/main amd64 libcairo2 amd64 1.18.4-1+b1 [538 kB]
#8 50.22 Get:75 http://deb.debian.org/debian trixie/main amd64 libdjvulibre-text all 3.5.28-2.2 [52.0 kB]
#8 50.43 Get:76 http://deb.debian.org/debian trixie/main amd64 libdjvulibre21 amd64 3.5.28-2.2 [610 kB]
#8 50.98 Get:77 http://deb.debian.org/debian-security trixie-security/main amd64 libmagickwand-7.q16-10 amd64 8:7.1.1.43+dfsg1-1+deb13u11 [354 kB]
#8 51.18 Get:78 http://deb.debian.org/debian trixie/main amd64 libimath-3-1-29t64 amd64 3.1.12-1+b3 [45.5 kB]
#8 51.21 Get:79 http://deb.debian.org/debian trixie/main amd64 libopenexr-3-1-30 amd64 3.1.13-2 [945 kB]
#8 51.68 Get:80 http://deb.debian.org/debian trixie/main amd64 fontconfig amd64 2.15.0-2.3 [463 kB]
#8 51.85 Get:81 http://deb.debian.org/debian trixie/main amd64 libfribidi0 amd64 1.0.16-1 [26.5 kB]
#8 51.86 Get:82 http://deb.debian.org/debian trixie/main amd64 libgraphite2-3 amd64 1.3.14-2+deb13u1 [75.2 kB]
#8 51.88 Get:83 http://deb.debian.org/debian trixie/main amd64 libharfbuzz0b amd64 10.2.0-1+deb13u1 [479 kB]
#8 52.24 Get:84 http://deb.debian.org/debian trixie/main amd64 libthai-data all 0.1.29-2 [168 kB]
#8 52.36 Get:85 http://deb.debian.org/debian trixie/main amd64 libdatrie1 amd64 0.2.13-3+b1 [38.1 kB]
#8 52.39 Get:86 http://deb.debian.org/debian trixie/main amd64 libthai0 amd64 0.1.29-2+b1 [49.4 kB]
#8 52.40 Get:87 http://deb.debian.org/debian trixie/main amd64 libpango-1.0-0 amd64 1.56.3-1 [226 kB]
#8 52.53 Get:88 http://deb.debian.org/debian trixie/main amd64 libpangoft2-1.0-0 amd64 1.56.3-1 [55.6 kB]
#8 52.55 Get:89 http://deb.debian.org/debian trixie/main amd64 libpangocairo-1.0-0 amd64 1.56.3-1 [35.7 kB]
#8 52.58 Get:90 http://deb.debian.org/debian trixie/main amd64 libwmflite-0.2-7 amd64 0.2.13-1.1+b3 [75.6 kB]
#8 52.59 Get:91 http://deb.debian.org/debian-security trixie-security/main amd64 libmagickcore-7.q16-10-extra amd64 8:7.1.1.43+dfsg1-1+deb13u11 [82.3 kB]
#8 52.76 Get:92 http://deb.debian.org/debian trixie/main amd64 libbz2-dev amd64 1.0.8-6 [31.4 kB]
#8 53.01 Get:93 http://deb.debian.org/debian trixie/main amd64 libjpeg62-turbo-dev amd64 1:2.1.5-4 [292 kB]
#8 53.16 Get:94 http://deb.debian.org/debian trixie/main amd64 libjpeg-dev amd64 1:2.1.5-4 [72.2 kB]
#8 53.26 Get:95 http://deb.debian.org/debian trixie/main amd64 libdjvulibre-dev amd64 3.5.28-2.2 [2431 kB]
#8 55.14 Get:96 http://deb.debian.org/debian trixie/main amd64 libexif12 amd64 0.6.25-1+deb13u1 [423 kB]
#8 55.49 Get:97 http://deb.debian.org/debian trixie/main amd64 libexif-dev amd64 0.6.25-1+deb13u1 [102 kB]
#8 55.52 Get:98 http://deb.debian.org/debian trixie/main amd64 libbrotli-dev amd64 1.1.0-2+b7 [316 kB]
#8 55.57 Get:99 http://deb.debian.org/debian trixie/main amd64 zlib1g-dev amd64 1:1.3.dfsg+really1.3.1-1+b1 [920 kB]
#8 55.96 Get:100 http://deb.debian.org/debian trixie/main amd64 libpng-dev amd64 1.6.48-1+deb13u5 [367 kB]
#8 56.34 Get:101 http://deb.debian.org/debian trixie/main amd64 libfreetype-dev amd64 2.13.3+dfsg-1+deb13u1 [623 kB]
#8 57.03 Get:102 http://deb.debian.org/debian trixie/main amd64 libopenjp2-7-dev amd64 2.5.3-2.1~deb13u2 [240 kB]
#8 57.50 Get:103 http://deb.debian.org/debian trixie/main amd64 liblcms2-dev amd64 2.16-2+deb13u2 [2189 kB]
#8 58.56 Get:104 http://deb.debian.org/debian trixie/main amd64 liblqr-1-0-dev amd64 0.4.2-2.1+b2 [71.6 kB]
#8 58.58 Get:105 http://deb.debian.org/debian trixie/main amd64 autotools-dev all 20240727.1 [60.2 kB]
#8 58.67 Get:106 http://deb.debian.org/debian trixie/main amd64 automake all 1:1.17-4 [862 kB]
#8 59.13 Get:107 http://deb.debian.org/debian trixie/main amd64 libltdl-dev amd64 2.5.4-4 [168 kB]
#8 59.21 Get:108 http://deb.debian.org/debian trixie/main amd64 libimath-dev amd64 3.1.12-1+b3 [122 kB]
#8 59.47 Get:109 http://deb.debian.org/debian trixie/main amd64 libopenexr-dev amd64 3.1.13-2 [202 kB]
#8 59.78 Get:110 http://deb.debian.org/debian trixie/main amd64 gir1.2-glib-2.0 amd64 2.84.4-3~deb13u3 [199 kB]
#8 60.11 Get:111 http://deb.debian.org/debian trixie/main amd64 libcairo-gobject2 amd64 1.18.4-1+b1 [130 kB]
#8 60.17 Get:112 http://deb.debian.org/debian trixie/main amd64 gir1.2-freedesktop amd64 1.84.0-1 [60.5 kB]
#8 60.22 Get:113 http://deb.debian.org/debian trixie/main amd64 libgdk-pixbuf2.0-common all 2.42.12+dfsg-4+deb13u1 [312 kB]
#8 60.34 Get:114 http://deb.debian.org/debian trixie/main amd64 shared-mime-info amd64 2.4-5+b2 [760 kB]
#8 60.66 Get:115 http://deb.debian.org/debian trixie/main amd64 libgdk-pixbuf-2.0-0 amd64 2.42.12+dfsg-4+deb13u1 [141 kB]
#8 60.75 Get:116 http://deb.debian.org/debian trixie/main amd64 gir1.2-gdkpixbuf-2.0 amd64 2.42.12+dfsg-4+deb13u1 [14.5 kB]
#8 60.98 Get:117 http://deb.debian.org/debian trixie/main amd64 librsvg2-2 amd64 2.60.0+dfsg-1 [1789 kB]
#8 61.66 Get:118 http://deb.debian.org/debian trixie/main amd64 gir1.2-rsvg-2.0 amd64 2.60.0+dfsg-1 [17.2 kB]
#8 61.68 Get:119 http://deb.debian.org/debian trixie/main amd64 liblzo2-2 amd64 2.10-3+b1 [55.1 kB]
#8 61.69 Get:120 http://deb.debian.org/debian trixie/main amd64 libcairo-script-interpreter2 amd64 1.18.4-1+b1 [59.3 kB]
#8 61.73 Get:121 http://deb.debian.org/debian-security trixie-security/main amd64 libexpat1-dev amd64 2.8.3-1~deb13u1 [179 kB]
#8 61.80 Get:122 http://deb.debian.org/debian-security trixie-security/main amd64 uuid-dev amd64 2.41.5-0+deb13u1 [49.1 kB]
#8 61.81 Get:123 http://deb.debian.org/debian trixie/main amd64 libfontconfig-dev amd64 2.15.0-2.3 [414 kB]
#8 61.99 Get:124 http://deb.debian.org/debian trixie/main amd64 native-architecture all 0.2.6 [2264 B]
#8 62.24 Get:125 http://deb.debian.org/debian trixie/main amd64 libgirepository-2.0-0 amd64 2.84.4-3~deb13u3 [144 kB]
#8 62.51 Get:126 http://deb.debian.org/debian trixie/main amd64 girepository-tools amd64 2.84.4-3~deb13u3 [151 kB]
#8 62.60 Get:127 http://deb.debian.org/debian trixie/main amd64 libffi-dev amd64 3.4.8-2 [61.1 kB]
#8 62.61 Get:128 http://deb.debian.org/debian-security trixie-security/main amd64 libblkid-dev amd64 2.41.5-0+deb13u1 [209 kB]
#8 62.67 Get:129 http://deb.debian.org/debian trixie/main amd64 libsepol-dev amd64 3.8.1-1 [373 kB]
#8 63.08 Get:130 http://deb.debian.org/debian trixie/main amd64 libpcre2-16-0 amd64 10.46-1~deb13u1 [281 kB]
#8 63.46 Get:131 http://deb.debian.org/debian trixie/main amd64 libpcre2-32-0 amd64 10.46-1~deb13u1 [268 kB]
#8 63.61 Get:132 http://deb.debian.org/debian trixie/main amd64 libpcre2-posix3 amd64 10.46-1~deb13u1 [63.9 kB]
#8 63.63 Get:133 http://deb.debian.org/debian trixie/main amd64 libpcre2-dev amd64 10.46-1~deb13u1 [853 kB]
#8 64.01 Get:134 http://deb.debian.org/debian trixie/main amd64 libselinux1-dev amd64 3.8.1-1 [169 kB]
#8 64.07 Get:135 http://deb.debian.org/debian-security trixie-security/main amd64 libmount-dev amd64 2.41.5-0+deb13u1 [30.7 kB]
#8 64.09 Get:136 http://deb.debian.org/debian trixie/main amd64 libsysprof-capture-4-dev amd64 48.0-2 [49.9 kB]
#8 64.11 Get:137 http://deb.debian.org/debian trixie/main amd64 libgio-2.0-dev amd64 2.84.4-3~deb13u3 [1689 kB]
#8 64.81 Get:138 http://deb.debian.org/debian trixie/main amd64 libglib2.0-data all 2.84.4-3~deb13u3 [1287 kB]
#8 65.36 Get:139 http://deb.debian.org/debian trixie/main amd64 libelf1t64 amd64 0.192-4 [189 kB]
#8 65.43 Get:140 http://deb.debian.org/debian trixie/main amd64 libglib2.0-bin amd64 2.84.4-3~deb13u3 [131 kB]
#8 65.48 Get:141 http://deb.debian.org/debian trixie-updates/main amd64 libpython3.13-minimal amd64 3.13.5-2+deb13u4 [863 kB]
#8 65.82 Get:142 http://deb.debian.org/debian trixie-updates/main amd64 python3.13-minimal amd64 3.13.5-2+deb13u4 [2217 kB]
#8 66.78 Get:143 http://deb.debian.org/debian trixie/main amd64 python3-minimal amd64 3.13.5-1 [27.2 kB]
#8 66.78 Get:144 http://deb.debian.org/debian trixie/main amd64 media-types all 13.0.0 [29.3 kB]
#8 66.80 Get:145 http://deb.debian.org/debian trixie/main amd64 netbase all 6.5 [12.4 kB]
#8 66.99 Get:146 http://deb.debian.org/debian trixie/main amd64 libncursesw6 amd64 6.5+20250216-2 [135 kB]
#8 67.19 Get:147 http://deb.debian.org/debian trixie-updates/main amd64 libpython3.13-stdlib amd64 3.13.5-2+deb13u4 [1957 kB]
#8 67.96 Get:148 http://deb.debian.org/debian trixie-updates/main amd64 python3.13 amd64 3.13.5-2+deb13u4 [757 kB]
#8 68.27 Get:149 http://deb.debian.org/debian trixie/main amd64 libpython3-stdlib amd64 3.13.5-1 [10.2 kB]
#8 68.28 Get:150 http://deb.debian.org/debian trixie/main amd64 python3 amd64 3.13.5-1 [28.2 kB]
#8 68.29 Get:151 http://deb.debian.org/debian trixie/main amd64 python3-packaging all 25.0-1 [56.6 kB]
#8 68.54 Get:152 http://deb.debian.org/debian trixie/main amd64 libgio-2.0-dev-bin amd64 2.84.4-3~deb13u3 [167 kB]
#8 68.63 Get:153 http://deb.debian.org/debian trixie/main amd64 libglib2.0-dev-bin amd64 2.84.4-3~deb13u3 [55.6 kB]
#8 68.63 Get:154 http://deb.debian.org/debian trixie/main amd64 libglib2.0-dev amd64 2.84.4-3~deb13u3 [56.4 kB]
#8 68.64 Get:155 http://deb.debian.org/debian trixie/main amd64 libpixman-1-dev amd64 0.44.0-3 [11.4 kB]
#8 68.65 Get:156 http://deb.debian.org/debian trixie/main amd64 libice6 amd64 2:1.1.1-1 [65.4 kB]
#8 68.68 Get:157 http://deb.debian.org/debian trixie/main amd64 libsm6 amd64 2:1.2.6-1 [37.3 kB]
#8 68.79 Get:158 http://deb.debian.org/debian trixie/main amd64 xorg-sgml-doctools all 1:1.11-1.1 [22.1 kB]
#8 68.80 Get:159 http://deb.debian.org/debian trixie/main amd64 x11proto-dev all 2024.1-1 [603 kB]
#8 69.09 Get:160 http://deb.debian.org/debian trixie/main amd64 libice-dev amd64 2:1.1.1-1 [73.8 kB]
#8 69.14 Get:161 http://deb.debian.org/debian trixie/main amd64 libsm-dev amd64 2:1.2.6-1 [39.7 kB]
#8 69.15 Get:162 http://deb.debian.org/debian trixie/main amd64 libxau-dev amd64 1:1.0.11-1 [23.6 kB]
#8 69.16 Get:163 http://deb.debian.org/debian trixie/main amd64 libxdmcp-dev amd64 1:1.1.5-1 [44.3 kB]
#8 69.22 Get:164 http://deb.debian.org/debian trixie/main amd64 xtrans-dev all 1.4.0-1 [98.7 kB]
#8 69.31 Get:165 http://deb.debian.org/debian trixie/main amd64 libxcb1-dev amd64 1.17.0-2+b1 [181 kB]
#8 69.49 Get:166 http://deb.debian.org/debian trixie/main amd64 libx11-dev amd64 2:1.8.12-1 [894 kB]
#8 69.84 Get:167 http://deb.debian.org/debian trixie/main amd64 libxcb-render0-dev amd64 1.17.0-2+b1 [118 kB]
#8 69.88 Get:168 http://deb.debian.org/debian trixie/main amd64 libxcb-shm0-dev amd64 1.17.0-2+b1 [108 kB]
#8 69.92 Get:169 http://deb.debian.org/debian trixie/main amd64 libxext-dev amd64 2:1.3.4-1+b3 [104 kB]
#8 69.97 Get:170 http://deb.debian.org/debian trixie/main amd64 libxrender-dev amd64 1:0.9.12-1 [39.0 kB]
#8 69.98 Get:171 http://deb.debian.org/debian trixie/main amd64 libcairo2-dev amd64 1.18.4-1+b1 [43.4 kB]
#8 69.99 Get:172 http://deb.debian.org/debian trixie/main amd64 libgdk-pixbuf2.0-bin amd64 2.42.12+dfsg-4+deb13u1 [18.9 kB]
#8 70.34 Get:173 http://deb.debian.org/debian trixie/main amd64 libjbig-dev amd64 2.1-6.1+b2 [31.4 kB]
#8 70.59 Get:174 http://deb.debian.org/debian trixie/main amd64 liblzma-dev amd64 5.8.1-1+deb13u1 [348 kB]
#8 70.93 Get:175 http://deb.debian.org/debian trixie/main amd64 libzstd-dev amd64 1.5.7+dfsg-1 [371 kB]
#8 71.25 Get:176 http://deb.debian.org/debian trixie/main amd64 libwebpdecoder3 amd64 1.5.0-0.1 [208 kB]
#8 71.33 Get:177 http://deb.debian.org/debian trixie/main amd64 libsharpyuv-dev amd64 1.5.0-0.1 [120 kB]
#8 71.38 Get:178 http://deb.debian.org/debian trixie/main amd64 libwebp-dev amd64 1.5.0-0.1 [450 kB]
#8 71.81 Get:179 http://deb.debian.org/debian-security trixie-security/main amd64 libtiffxx6 amd64 4.7.0-3+deb13u3 [164 kB]
#8 71.97 Get:180 http://deb.debian.org/debian trixie/main amd64 libdeflate-dev amd64 1.23-2 [55.9 kB]
#8 71.97 Get:181 http://deb.debian.org/debian trixie/main amd64 liblerc-dev amd64 4.0.0+ds-5 [183 kB]
#8 72.06 Get:182 http://deb.debian.org/debian-security trixie-security/main amd64 libtiff-dev amd64 4.7.0-3+deb13u3 [488 kB]
#8 72.25 Get:183 http://deb.debian.org/debian trixie/main amd64 gir1.2-glib-2.0-dev amd64 2.84.4-3~deb13u3 [917 kB]
#8 72.56 Get:184 http://deb.debian.org/debian trixie/main amd64 libgdk-pixbuf-2.0-dev amd64 2.42.12+dfsg-4+deb13u1 [52.9 kB]
#8 72.58 Get:185 http://deb.debian.org/debian trixie/main amd64 libharfbuzz-gobject0 amd64 10.2.0-1+deb13u1 [32.9 kB]
#8 72.60 Get:186 http://deb.debian.org/debian trixie/main amd64 gir1.2-harfbuzz-0.0 amd64 10.2.0-1+deb13u1 [42.2 kB]
#8 72.60 Get:187 http://deb.debian.org/debian trixie/main amd64 libxft2 amd64 2.3.6-1+b4 [54.5 kB]
#8 72.61 Get:188 http://deb.debian.org/debian trixie/main amd64 libpangoxft-1.0-0 amd64 1.56.3-1 [27.6 kB]
#8 72.64 Get:189 http://deb.debian.org/debian trixie/main amd64 gir1.2-pango-1.0 amd64 1.56.3-1 [39.1 kB]
#8 72.66 Get:190 http://deb.debian.org/debian trixie/main amd64 libfribidi-dev amd64 1.0.16-1 [65.9 kB]
#8 72.69 Get:191 http://deb.debian.org/debian trixie/main amd64 gir1.2-freedesktop-dev amd64 1.84.0-1 [51.6 kB]
#8 72.92 Get:192 http://deb.debian.org/debian trixie/main amd64 libicu76 amd64 76.1-4 [9722 kB]
#8 76.94 Get:193 http://deb.debian.org/debian trixie/main amd64 libharfbuzz-icu0 amd64 10.2.0-1+deb13u1 [15.5 kB]
#8 76.94 Get:194 http://deb.debian.org/debian trixie/main amd64 libharfbuzz-subset0 amd64 10.2.0-1+deb13u1 [560 kB]
#8 77.16 Get:195 http://deb.debian.org/debian trixie/main amd64 libharfbuzz-cairo0 amd64 10.2.0-1+deb13u1 [45.6 kB]
#8 77.19 Get:196 http://deb.debian.org/debian trixie/main amd64 libgraphite2-dev amd64 1.3.14-2+deb13u1 [20.1 kB]
#8 77.19 Get:197 http://deb.debian.org/debian trixie/main amd64 icu-devtools amd64 76.1-4 [215 kB]
#8 77.53 Get:198 http://deb.debian.org/debian trixie/main amd64 libicu-dev amd64 76.1-4 [10.8 MB]
#8 81.44 Get:199 http://deb.debian.org/debian trixie/main amd64 libharfbuzz-dev amd64 10.2.0-1+deb13u1 [145 kB]
#8 81.50 Get:200 http://deb.debian.org/debian trixie/main amd64 libdatrie-dev amd64 0.2.13-3+b1 [18.4 kB]
#8 81.51 Get:201 http://deb.debian.org/debian trixie/main amd64 libthai-dev amd64 0.1.29-2+b1 [24.5 kB]
#8 81.51 Get:202 http://deb.debian.org/debian trixie/main amd64 libxft-dev amd64 2.3.6-1+b4 [73.2 kB]
#8 81.54 Get:203 http://deb.debian.org/debian trixie/main amd64 pango1.0-tools amd64 1.56.3-1 [44.3 kB]
#8 81.76 Get:204 http://deb.debian.org/debian trixie/main amd64 libpango1.0-dev amd64 1.56.3-1 [156 kB]
#8 82.06 Get:205 http://deb.debian.org/debian trixie/main amd64 libxml2-dev amd64 2.12.7+dfsg+really2.9.14-2.1+deb13u3 [795 kB]
#8 82.42 Get:206 http://deb.debian.org/debian trixie/main amd64 librsvg2-common amd64 2.60.0+dfsg-1 [154 kB]
#8 82.44 Get:207 http://deb.debian.org/debian trixie/main amd64 libdav1d-dev amd64 1.5.1-1 [26.6 kB]
#8 82.45 Get:208 http://deb.debian.org/debian trixie/main amd64 librsvg2-dev amd64 2.60.0+dfsg-1 [39.9 kB]
#8 82.45 Get:209 http://deb.debian.org/debian trixie/main amd64 libwmf-0.2-7 amd64 0.2.13-1.1+b3 [119 kB]
#8 82.60 Get:210 http://deb.debian.org/debian trixie/main amd64 libwmf-dev amd64 0.2.13-1.1+b3 [208 kB]
#8 82.71 Get:211 http://deb.debian.org/debian trixie/main amd64 libxt6t64 amd64 1:1.2.1-1.2+b2 [188 kB]
#8 82.78 Get:212 http://deb.debian.org/debian trixie/main amd64 libxt-dev amd64 1:1.2.1-1.2+b2 [407 kB]
#8 82.87 Get:213 http://deb.debian.org/debian trixie/main amd64 libfftw3-long3 amd64 3.3.10-2+b1 [347 kB]
#8 83.19 Get:214 http://deb.debian.org/debian trixie/main amd64 libfftw3-quad3 amd64 3.3.10-2+b1 [618 kB]
#8 83.46 Get:215 http://deb.debian.org/debian trixie/main amd64 libfftw3-single3 amd64 3.3.10-2+b1 [809 kB]
#8 84.01 Get:216 http://deb.debian.org/debian trixie/main amd64 libfftw3-bin amd64 3.3.10-2+b1 [51.3 kB]
#8 84.04 Get:217 http://deb.debian.org/debian trixie/main amd64 libfftw3-dev amd64 3.3.10-2+b1 [2118 kB]
#8 84.55 Get:218 http://deb.debian.org/debian-security trixie-security/main amd64 libmagickcore-7.q16-dev amd64 8:7.1.1.43+dfsg1-1+deb13u11 [1119 kB]
#8 85.04 Get:219 http://deb.debian.org/debian-security trixie-security/main amd64 libmagickwand-7-headers all 8:7.1.1.43+dfsg1-1+deb13u11 [9864 B]
#8 85.06 Get:220 http://deb.debian.org/debian-security trixie-security/main amd64 libmagickwand-7.q16-dev amd64 8:7.1.1.43+dfsg1-1+deb13u11 [363 kB]
#8 85.30 Get:221 http://deb.debian.org/debian-security trixie-security/main amd64 libmagickwand-dev all 8:7.1.1.43+dfsg1-1+deb13u11 [1148 B]
#8 85.30 Get:222 http://deb.debian.org/debian trixie/main amd64 poppler-data all 0.4.12-1 [1601 kB]
#8 86.35 Get:223 http://deb.debian.org/debian trixie/main amd64 python3-autocommand all 2.2.2-3 [13.6 kB]
#8 86.35 Get:224 http://deb.debian.org/debian trixie/main amd64 python3-more-itertools all 10.7.0-1 [67.4 kB]
#8 86.40 Get:225 http://deb.debian.org/debian trixie/main amd64 python3-typing-extensions all 4.13.2-1 [90.5 kB]
#8 86.42 Get:226 http://deb.debian.org/debian trixie/main amd64 python3-typeguard all 4.4.2-1 [37.3 kB]
#8 86.43 Get:227 http://deb.debian.org/debian trixie/main amd64 python3-inflect all 7.3.1-2 [32.4 kB]
#8 86.44 Get:228 http://deb.debian.org/debian trixie/main amd64 python3-jaraco.context all 6.0.1-1+deb13u1 [8492 B]
#8 86.45 Get:229 http://deb.debian.org/debian trixie/main amd64 python3-jaraco.functools all 4.1.0-1 [12.0 kB]
#8 86.72 Get:230 http://deb.debian.org/debian trixie/main amd64 python3-pkg-resources all 78.1.1-0.1 [224 kB]
#8 86.81 Get:231 http://deb.debian.org/debian trixie/main amd64 supervisor all 4.2.5-3 [311 kB]
#8 86.93 Get:232 http://deb.debian.org/debian trixie/main amd64 libudev1 amd64 257.13-1~deb13u1 [152 kB]
#8 86.97 Get:233 http://deb.debian.org/debian trixie/main amd64 less amd64 668-1 [161 kB]
#8 86.99 Get:234 http://deb.debian.org/debian trixie/main amd64 linux-sysctl-defaults all 4.12.1 [5724 B]
#8 86.99 Get:235 http://deb.debian.org/debian trixie/main amd64 liblockfile-bin amd64 1.17-2 [15.8 kB]
#8 86.99 Get:236 http://deb.debian.org/debian trixie/main amd64 libedit2 amd64 3.1-20250104-1 [93.8 kB]
#8 87.03 Get:237 http://deb.debian.org/debian trixie/main amd64 libcbor0.10 amd64 0.10.2-2 [28.3 kB]
#8 87.04 Get:238 http://deb.debian.org/debian trixie/main amd64 libfido2-1 amd64 1.15.0-1+b1 [78.7 kB]
#8 87.07 Get:239 http://deb.debian.org/debian trixie/main amd64 openssh-client amd64 1:10.0p1-7+deb13u4 [990 kB]
#8 87.44 Get:240 http://deb.debian.org/debian trixie/main amd64 systemd-timesyncd amd64 257.13-1~deb13u1 [93.3 kB]
#8 87.46 Get:241 http://deb.debian.org/debian trixie/main amd64 xz-utils amd64 5.8.1-1+deb13u1 [659 kB]
#8 87.77 Get:242 http://deb.debian.org/debian-security trixie-security/main amd64 exim4-config all 4.98.2-1+deb13u4 [250 kB]
#8 87.87 Get:243 http://deb.debian.org/debian trixie/main amd64 libfile-fcntllock-perl amd64 0.22-4+b4 [34.6 kB]
#8 87.88 Get:244 http://deb.debian.org/debian-security trixie-security/main amd64 exim4-base amd64 4.98.2-1+deb13u4 [1143 kB]
#8 88.15 Get:245 http://deb.debian.org/debian trixie/main amd64 libgnutls30t64 amd64 3.8.9-3+deb13u4 [1469 kB]
#8 88.79 Get:246 http://deb.debian.org/debian trixie/main amd64 libevent-2.1-7t64 amd64 2.1.12-stable-10+b1 [182 kB]
#8 88.88 Get:247 http://deb.debian.org/debian trixie/main amd64 libunbound8 amd64 1.22.0-2+deb13u3 [599 kB]
#8 89.00 Get:248 http://deb.debian.org/debian trixie/main amd64 libgnutls-dane0t64 amd64 3.8.9-3+deb13u4 [456 kB]
#8 89.14 Get:249 http://deb.debian.org/debian trixie/main amd64 libidn12 amd64 1.43-1 [47.7 kB]
#8 89.16 Get:250 http://deb.debian.org/debian trixie/main amd64 libtirpc-common all 1.3.6+ds-1 [11.0 kB]
#8 89.16 Get:251 http://deb.debian.org/debian trixie/main amd64 libtirpc3t64 amd64 1.3.6+ds-1 [83.3 kB]
#8 89.17 Get:252 http://deb.debian.org/debian trixie/main amd64 libnsl2 amd64 1.3.0-3+b3 [40.6 kB]
#8 89.18 Get:253 http://deb.debian.org/debian-security trixie-security/main amd64 exim4-daemon-light amd64 4.98.2-1+deb13u4 [631 kB]
#8 89.36 Get:254 http://deb.debian.org/debian trixie/main amd64 liblockfile1 amd64 1.17-2 [11.9 kB]
#8 89.36 Get:255 http://deb.debian.org/debian trixie/main amd64 bsd-mailx amd64 8.1.2-0.20220412cvs-1.1 [82.2 kB]
#8 89.37 Get:256 http://deb.debian.org/debian trixie/main amd64 build-essential amd64 12.12 [4624 B]
#8 89.38 Get:257 http://deb.debian.org/debian trixie/main amd64 bzip2-doc all 1.0.8-6 [505 kB]
#8 89.74 Get:258 http://deb.debian.org/debian trixie/main amd64 curl amd64 8.14.1-2+deb13u4 [270 kB]
#8 89.85 Get:259 http://deb.debian.org/debian trixie/main amd64 libcurl4t64 amd64 8.14.1-2+deb13u4 [392 kB]
#8 89.96 Get:260 http://deb.debian.org/debian trixie/main amd64 libdevmapper1.02.1 amd64 2:1.02.205-2 [135 kB]
#8 90.00 Get:261 http://deb.debian.org/debian trixie/main amd64 dmsetup amd64 2:1.02.205-2 [82.3 kB]
#8 90.06 Get:262 http://deb.debian.org/debian trixie/main amd64 node-fast-deep-equal all 3.1.3-3 [5768 B]
#8 90.08 Get:263 http://deb.debian.org/debian trixie/main amd64 node-json-schema-traverse all 1.0.0-3 [6308 B]
#8 90.08 Get:264 http://deb.debian.org/debian trixie/main amd64 node-jsonify all 0.0.1-1 [8704 B]
#8 90.08 Get:265 http://deb.debian.org/debian trixie/main amd64 node-json-stable-stringify all 1.0.2+repack1+~cs1.0.34-2 [9496 B]
#8 90.09 Get:266 http://deb.debian.org/debian trixie/main amd64 node-punycode all 2.3.1+~2.1.4-1 [10.8 kB]
#8 90.09 Get:267 http://deb.debian.org/debian trixie/main amd64 node-uri-js all 4.4.0+dfsg-8 [47.3 kB]
#8 90.12 Get:268 http://deb.debian.org/debian trixie/main amd64 libcares2 amd64 1.34.5-1+deb13u1 [98.3 kB]
#8 90.36 Get:269 http://deb.debian.org/debian trixie/main amd64 libuv1t64 amd64 1.50.0-2 [154 kB]
#8 90.42 Get:270 http://deb.debian.org/debian trixie/main amd64 node-xtend all 4.0.2-3 [3932 B]
#8 90.44 Get:271 http://deb.debian.org/debian trixie/main amd64 node-acorn all 8.8.1+ds+~cs25.17.7-2 [128 kB]
#8 90.52 Get:272 http://deb.debian.org/debian trixie/main amd64 node-cjs-module-lexer all 1.2.3+dfsg-1 [30.6 kB]
#8 90.55 Get:273 http://deb.debian.org/debian trixie/main amd64 node-balanced-match all 2.0.0-1 [4872 B]
#8 90.56 Get:274 http://deb.debian.org/debian trixie/main amd64 node-brace-expansion all 2.0.1+~1.1.0-2 [8012 B]
#8 90.56 Get:275 http://deb.debian.org/debian trixie/main amd64 node-minimatch all 9.0.3-6 [76.8 kB]
#8 90.68 Get:276 http://deb.debian.org/debian trixie/main amd64 node-undici all 7.3.0+dfsg1+~cs24.12.11-1 [333 kB]
#8 91.07 Get:277 http://deb.debian.org/debian trixie/main amd64 libnode115 amd64 20.19.2+dfsg-1+deb13u2 [12.1 MB]
#8 95.54 Get:278 http://deb.debian.org/debian trixie/main amd64 node-corepack all 0.24.0-5 [712 kB]
#8 95.82 Get:279 http://deb.debian.org/debian trixie/main amd64 nodejs amd64 20.19.2+dfsg-1+deb13u2 [353 kB]
#8 95.97 Get:280 http://deb.debian.org/debian trixie/main amd64 node-ajv all 8.12.0~ds+~2.1.1-5 [182 kB]
#8 96.06 Get:281 http://deb.debian.org/debian trixie/main amd64 libjs-inherits all 2.0.4-6 [3548 B]
#8 96.06 Get:282 http://deb.debian.org/debian trixie/main amd64 node-inherits all 2.0.4-6 [4548 B]
#8 96.06 Get:283 http://deb.debian.org/debian trixie/main amd64 node-core-util-is all 1.0.3-1 [4072 B]
#8 96.06 Get:284 http://deb.debian.org/debian trixie/main amd64 node-safe-buffer all 5.2.1+~cs2.1.2-3 [15.5 kB]
#8 96.06 Get:285 http://deb.debian.org/debian trixie/main amd64 node-string-decoder all 1.3.0-6 [7180 B]
#8 96.06 Get:286 http://deb.debian.org/debian trixie/main amd64 node-process-nextick-args all 2.0.1-3 [3816 B]
#8 96.06 Get:287 http://deb.debian.org/debian trixie/main amd64 node-util-deprecate all 1.0.2-3 [4436 B]
#8 96.06 Get:288 http://deb.debian.org/debian trixie/main amd64 node-isarray all 2.0.5-4 [4040 B]
#8 96.24 Get:289 http://deb.debian.org/debian trixie/main amd64 node-readable-stream all 3.6.0+~cs3.0.0-4 [32.0 kB]
#8 96.31 Get:290 http://deb.debian.org/debian trixie/main amd64 node-typedarray all 0.0.7-1 [11.4 kB]
#8 96.31 Get:291 http://deb.debian.org/debian trixie/main amd64 node-concat-stream all 2.0.0+~2.0.0-2 [6388 B]
#8 96.31 Get:292 http://deb.debian.org/debian trixie/main amd64 node-ms all 2.1.3+~cs0.7.31-3 [5648 B]
#8 96.32 Get:293 http://deb.debian.org/debian trixie/main amd64 node-debug all 4.3.4+~cs4.1.7-1 [18.1 kB]
#8 96.34 Get:294 http://deb.debian.org/debian trixie/main amd64 node-esutils all 2.0.3+~2.0.0-1 [12.4 kB]
#8 96.34 Get:295 http://deb.debian.org/debian trixie/main amd64 node-doctrine all 3.0.0-4 [19.9 kB]
#8 96.34 Get:296 http://deb.debian.org/debian trixie/main amd64 node-eslint-visitor-keys all 3.3.0+~1.0.0-1 [17.1 kB]
#8 96.38 Get:297 http://deb.debian.org/debian trixie/main amd64 node-estraverse all 5.3.0+ds+~5.1.1-1 [11.6 kB]
#8 96.38 Get:298 http://deb.debian.org/debian trixie/main amd64 node-object-assign all 4.1.1-7 [4684 B]
#8 96.50 Get:299 http://deb.debian.org/debian trixie/main amd64 node-esrecurse all 4.3.0-2 [6048 B]
#8 96.56 Get:300 http://deb.debian.org/debian trixie/main amd64 node-eslint-scope all 7.1.1+~3.7.4-1 [35.6 kB]
#8 96.58 Get:301 http://deb.debian.org/debian trixie/main amd64 node-espree all 9.4.1~dfsg-2 [41.1 kB]
#8 96.60 Get:302 http://deb.debian.org/debian trixie/main amd64 node-esquery all 1.4.2~ds-1 [24.9 kB]
#8 96.60 Get:303 http://deb.debian.org/debian trixie/main amd64 node-eslint-utils all 3.0.0-3 [15.5 kB]
#8 96.62 Get:304 http://deb.debian.org/debian trixie/main amd64 node-flatted all 3.2.7~ds-1+deb13u1 [10.3 kB]
#8 96.62 Get:305 http://deb.debian.org/debian trixie/main amd64 node-fs.realpath all 1.0.0-3 [6172 B]
#8 96.63 Get:306 http://deb.debian.org/debian trixie/main amd64 node-wrappy all 1.0.2-3 [3776 B]
#8 96.63 Get:307 http://deb.debian.org/debian trixie/main amd64 node-once all 1.4.1-1 [4624 B]
#8 96.63 Get:308 http://deb.debian.org/debian trixie/main amd64 node-inflight all 1.0.6-2 [3952 B]
#8 96.86 Get:309 http://deb.debian.org/debian trixie/main amd64 node-glob all 8.1.0+~cs8.5.15-1 [134 kB]
#8 96.92 Get:310 http://deb.debian.org/debian trixie/main amd64 node-rimraf all 3.0.2-2 [11.1 kB]
#8 96.92 Get:311 http://deb.debian.org/debian trixie/main amd64 node-write all 2.0.0~6.0.1+~3.0.4+~2.0.0+~1.0.0+~2.0.1-1 [17.9 kB]
#8 96.93 Get:312 http://deb.debian.org/debian trixie/main amd64 node-flat-cache all 3.0.4~6.0.1+~3.0.4+~2.0.0+~1.0.0+~2.0.1-1 [20.2 kB]
#8 96.95 Get:313 http://deb.debian.org/debian trixie/main amd64 node-file-entry-cache all 6.0.1+~3.0.4+~2.0.0+~1.0.0+~2.0.1-1 [15.3 kB]
#8 96.95 Get:314 http://deb.debian.org/debian trixie/main amd64 node-functional-red-black-tree all 1.0.1+20181105-7 [14.1 kB]
#8 96.95 Get:315 http://deb.debian.org/debian trixie/main amd64 node-is-extglob all 2.1.1-5 [4612 B]
#8 96.95 Get:316 http://deb.debian.org/debian trixie/main amd64 node-is-glob all 4.0.3-2 [6620 B]
#8 96.99 Get:317 http://deb.debian.org/debian trixie/main amd64 node-path-dirname all 1.0.2-2 [4312 B]
#8 97.00 Get:318 http://deb.debian.org/debian trixie/main amd64 node-glob-parent all 6.0.2+~5.1.1-2 [8784 B]
#8 97.17 Get:319 http://deb.debian.org/debian trixie/main amd64 node-globals all 13.23.0-1 [11.3 kB]
#8 97.17 Get:320 http://deb.debian.org/debian trixie/main amd64 node-resolve-from all 5.0.0+~3.1.0+~3.3.0+~2.0.0-1 [7292 B]
#8 97.19 Get:321 http://deb.debian.org/debian trixie/main amd64 node-imurmurhash all 0.1.4+dfsg+~0.1.1-2 [8412 B]
#8 97.19 Get:322 http://deb.debian.org/debian trixie/main amd64 node-ignore all 5.2.1-1 [26.4 kB]
#8 97.21 Get:323 http://deb.debian.org/debian trixie/main amd64 node-prelude-ls all 1.2.1+dfsg-3 [11.3 kB]
#8 97.23 Get:324 http://deb.debian.org/debian trixie/main amd64 node-type-check all 0.4.0+dfsg-3 [9184 B]
#8 97.24 Get:325 http://deb.debian.org/debian trixie/main amd64 node-levn all 0.4.1+dfsg-2 [10.2 kB]
#8 97.46 Get:326 http://deb.debian.org/debian trixie/main amd64 node-lodash all 4.17.21+dfsg+~cs8.31.198.20210220-9 [462 kB]
#8 97.74 Get:327 http://deb.debian.org/debian trixie/main amd64 node-memfs all 3.4.12+~cs1.0.3-1 [46.8 kB]
#8 97.74 Get:328 http://deb.debian.org/debian trixie/main amd64 node-mkdirp all 2.1.6+~cs5.2.1-2 [24.1 kB]
#8 97.75 Get:329 http://deb.debian.org/debian trixie/main amd64 node-deep-is all 0.1.4-1 [5136 B]
#8 97.76 Get:330 http://deb.debian.org/debian trixie/main amd64 node-fast-levenshtein all 2.0.6+ds-3 [6040 B]
#8 97.76 Get:331 http://deb.debian.org/debian trixie/main amd64 node-optionator all 0.9.1+dfsg+~cs1.2.3-1 [17.6 kB]
#8 97.76 Get:332 http://deb.debian.org/debian trixie/main amd64 node-progress all 2.0.3-2 [8256 B]
#8 97.77 Get:333 http://deb.debian.org/debian trixie/main amd64 libjs-regenerate all 1.4.2-3 [14.3 kB]
#8 97.78 Get:334 http://deb.debian.org/debian trixie/main amd64 node-regenerate all 1.4.2-3 [7388 B]
#8 97.78 Get:335 http://deb.debian.org/debian trixie/main amd64 node-regenerate-unicode-properties all 10.1.0+ds-1 [50.7 kB]
#8 98.01 Get:336 http://deb.debian.org/debian trixie/main amd64 node-regexpp all 3.2.0-5 [27.0 kB]
#8 98.03 Get:337 http://deb.debian.org/debian trixie/main amd64 node-lru-cache all 10.0.1-3 [62.6 kB]
#8 98.07 Get:338 http://deb.debian.org/debian trixie/main amd64 node-semver all 7.6.1+~7.5.8-2 [49.5 kB]
#8 98.11 Get:339 http://deb.debian.org/debian trixie/main amd64 node-strip-json-comments all 4.0.0-4 [5668 B]
#8 98.11 Get:340 http://deb.debian.org/debian trixie/main amd64 node-json-schema all 0.4.0+~7.0.11-1 [13.1 kB]
#8 98.14 Get:341 http://deb.debian.org/debian trixie/main amd64 node-v8-compile-cache all 2.4.0-2 [8544 B]
#8 98.16 Get:342 http://deb.debian.org/debian trixie/main amd64 eslint all 6.4.0~dfsg+~6.1.9-12 [606 kB]
#8 98.60 Get:343 http://deb.debian.org/debian trixie/main amd64 fonts-droid-fallback all 1:8.1.0r7-1~1.gbp36536b [1807 kB]
#8 99.55 Get:344 http://deb.debian.org/debian trixie/main amd64 fonts-noto-mono all 20201225-2 [398 kB]
#8 99.80 Get:345 http://deb.debian.org/debian trixie/main amd64 libgs-common all 10.05.1~dfsg-1+deb13u1 [148 kB]
#8 99.86 Get:346 http://deb.debian.org/debian trixie/main amd64 libgs10-common all 10.05.1~dfsg-1+deb13u1 [479 kB]
#8 100.1 Get:347 http://deb.debian.org/debian trixie/main amd64 libavahi-common-data amd64 0.8-16 [112 kB]
#8 100.1 Get:348 http://deb.debian.org/debian trixie/main amd64 libavahi-common3 amd64 0.8-16 [44.2 kB]
#8 100.2 Get:349 http://deb.debian.org/debian trixie/main amd64 libavahi-client3 amd64 0.8-16 [48.4 kB]
#8 100.4 Get:350 http://deb.debian.org/debian trixie/main amd64 libcups2t64 amd64 2.4.10-3+deb13u2 [252 kB]
#8 100.5 Get:351 http://deb.debian.org/debian trixie/main amd64 libijs-0.35 amd64 0.35-15.2 [14.8 kB]
#8 100.5 Get:352 http://deb.debian.org/debian trixie/main amd64 libjbig2dec0 amd64 0.20-1+b3 [65.1 kB]
#8 100.5 Get:353 http://deb.debian.org/debian trixie/main amd64 libpaper2 amd64 2.2.5-0.3+b2 [16.7 kB]
#8 100.8 Get:354 http://deb.debian.org/debian trixie/main amd64 libgs10 amd64 10.05.1~dfsg-1+deb13u1 [2566 kB]
#8 101.6 Get:355 http://deb.debian.org/debian trixie/main amd64 ghostscript amd64 10.05.1~dfsg-1+deb13u1 [50.4 kB]
#8 101.6 Get:356 http://deb.debian.org/debian trixie/main amd64 libngtcp2-16 amd64 1.11.0-1+deb13u1 [132 kB]
#8 101.7 Get:357 http://deb.debian.org/debian trixie/main amd64 libngtcp2-crypto-gnutls8 amd64 1.11.0-1+deb13u1 [29.5 kB]
#8 101.7 Get:358 http://deb.debian.org/debian trixie/main amd64 libcurl3t64-gnutls amd64 8.14.1-2+deb13u4 [384 kB]
#8 101.8 Get:359 http://deb.debian.org/debian trixie/main amd64 liberror-perl all 0.17030-1 [26.9 kB]
#8 101.8 Get:360 http://deb.debian.org/debian trixie/main amd64 git-man all 1:2.47.3-0+deb13u1 [2205 kB]
#8 102.6 Get:361 http://deb.debian.org/debian trixie/main amd64 git amd64 1:2.47.3-0+deb13u1 [8862 kB]
#8 105.8 Get:362 http://deb.debian.org/debian trixie/main amd64 gyp all 0.16.2-2 [255 kB]
#8 106.0 Get:363 http://deb.debian.org/debian trixie/main amd64 node-neo-async all 2.6.2+~cs3.0.0-3 [41.8 kB]
#8 106.0 Get:364 http://deb.debian.org/debian trixie/main amd64 node-arrify all 2.0.1-3 [3700 B]
#8 106.0 Get:365 http://deb.debian.org/debian trixie/main amd64 node-is-plain-obj all 3.0.0-2 [3972 B]
#8 106.0 Get:366 http://deb.debian.org/debian trixie/main amd64 node-is-buffer all 2.0.5-2 [4112 B]
#8 106.0 Get:367 http://deb.debian.org/debian trixie/main amd64 node-kind-of all 6.0.3+dfsg-2 [10.2 kB]
#8 106.0 Get:368 http://deb.debian.org/debian trixie/main amd64 node-minimist all 1.2.8+~cs5.3.5-1 [15.9 kB]
#8 106.0 Get:369 http://deb.debian.org/debian trixie/main amd64 node-wordwrap all 1.0.0-4 [4628 B]
#8 106.0 Get:370 http://deb.debian.org/debian trixie/main amd64 node-optimist all 0.6.1+~0.0.30-2 [13.5 kB]
#8 106.0 Get:371 http://deb.debian.org/debian trixie/main amd64 libjs-source-map all 0.7.0++dfsg2+really.0.6.1-15 [29.6 kB]
#8 106.3 Get:372 http://deb.debian.org/debian trixie/main amd64 node-source-map all 0.7.0++dfsg2+really.0.6.1-15 [41.7 kB]
#8 106.5 Get:373 http://deb.debian.org/debian trixie/main amd64 handlebars all 3:4.7.7+~4.1.0-1 [199 kB]
#8 106.5 Get:374 http://deb.debian.org/debian trixie/main amd64 hicolor-icon-theme all 0.18-2 [11.8 kB]
#8 106.5 Get:375 http://deb.debian.org/debian-security trixie-security/main amd64 imagemagick-7.q16 amd64 8:7.1.1.43+dfsg1-1+deb13u11 [736 kB]
#8 106.9 Get:376 http://deb.debian.org/debian-security trixie-security/main amd64 imagemagick amd64 8:7.1.1.43+dfsg1-1+deb13u11 [29.4 kB]
#8 106.9 Get:377 http://deb.debian.org/debian trixie/main amd64 javascript-common all 12+nmu1 [4864 B]
#8 106.9 Get:378 http://deb.debian.org/debian trixie/main amd64 libabsl20240722 amd64 20240722.0-4 [492 kB]
#8 107.2 Get:379 http://deb.debian.org/debian-security trixie-security/main amd64 libaom3 amd64 3.12.1-1+deb13u1 [1872 kB]
#8 108.1 Get:380 http://deb.debian.org/debian trixie/main amd64 libarchive-zip-perl all 1.68-1 [104 kB]
#8 108.1 Get:381 http://deb.debian.org/debian trixie/main amd64 libauthen-sasl-perl all 2.1700-1 [44.8 kB]
#8 108.1 Get:382 http://deb.debian.org/debian trixie/main amd64 libclone-perl amd64 0.47-1+b1 [13.9 kB]
#8 108.1 Get:383 http://deb.debian.org/debian trixie/main amd64 libcompress-raw-lzma-perl amd64 2.213-1+b1 [38.2 kB]
#8 108.2 Get:384 http://deb.debian.org/debian trixie/main amd64 libjson-c5 amd64 0.18+ds-1 [46.0 kB]
#8 108.4 Get:385 http://deb.debian.org/debian trixie/main amd64 libcryptsetup12 amd64 2:2.7.5-2 [254 kB]
#8 108.6 Get:386 http://deb.debian.org/debian trixie/main amd64 libdata-dump-perl all 1.25-1 [28.4 kB]
#8 108.6 Get:387 http://deb.debian.org/debian trixie/main amd64 libdrm-common all 2.4.124-2 [8288 B]
#8 108.6 Get:388 http://deb.debian.org/debian trixie/main amd64 libdrm2 amd64 2.4.124-2 [39.0 kB]
#8 108.6 Get:389 http://deb.debian.org/debian trixie/main amd64 libdrm-amdgpu1 amd64 2.4.124-2 [22.6 kB]
#8 109.2 Get:390 http://deb.debian.org/debian trixie/main amd64 libpciaccess0 amd64 0.17-3+b3 [51.9 kB]
#8 109.2 Get:391 http://deb.debian.org/debian trixie/main amd64 libdrm-intel1 amd64 2.4.124-2 [64.1 kB]
#8 109.3 Get:392 http://deb.debian.org/debian trixie/main amd64 libwayland-server0 amd64 1.23.1-3 [34.4 kB]
#8 109.3 Get:393 http://deb.debian.org/debian trixie/main amd64 libz3-4 amd64 4.13.3-1 [8560 kB]
#8 113.6 Get:394 http://deb.debian.org/debian trixie/main amd64 libllvm19 amd64 1:19.1.7-3+b1 [26.0 MB]
#8 126.4 Get:395 http://deb.debian.org/debian trixie/main amd64 libsensors-config all 1:3.6.2-2 [16.2 kB]
#8 126.4 Get:396 http://deb.debian.org/debian trixie/main amd64 libsensors5 amd64 1:3.6.2-2 [37.5 kB]
#8 126.5 Get:397 http://deb.debian.org/debian trixie/main amd64 libx11-xcb1 amd64 2:1.8.12-1 [247 kB]
#8 126.6 Get:398 http://deb.debian.org/debian trixie/main amd64 libxcb-dri3-0 amd64 1.17.0-2+b1 [107 kB]
#8 126.6 Get:399 http://deb.debian.org/debian trixie/main amd64 libxcb-present0 amd64 1.17.0-2+b1 [106 kB]
#8 126.7 Get:400 http://deb.debian.org/debian trixie/main amd64 libxcb-randr0 amd64 1.17.0-2+b1 [117 kB]
#8 126.7 Get:401 http://deb.debian.org/debian trixie/main amd64 libxcb-sync1 amd64 1.17.0-2+b1 [109 kB]
#8 126.7 Get:402 http://deb.debian.org/debian trixie/main amd64 libxcb-xfixes0 amd64 1.17.0-2+b1 [109 kB]
#8 126.8 Get:403 http://deb.debian.org/debian trixie/main amd64 libxshmfence1 amd64 1.3.3-1 [10.9 kB]
#8 126.8 Get:404 http://deb.debian.org/debian trixie/main amd64 mesa-libgallium amd64 25.0.7-2+deb13u1 [9630 kB]
#8 130.3 Get:405 http://deb.debian.org/debian trixie/main amd64 libgbm1 amd64 25.0.7-2+deb13u1 [44.6 kB]
#8 130.3 Get:406 http://deb.debian.org/debian trixie/main amd64 libwayland-client0 amd64 1.23.1-3 [26.8 kB]
#8 130.4 Get:407 http://deb.debian.org/debian trixie/main amd64 libegl-mesa0 amd64 25.0.7-2+deb13u1 [128 kB]
#8 130.4 Get:408 http://deb.debian.org/debian trixie/main amd64 libencode-locale-perl all 1.05-3 [12.9 kB]
#8 130.6 Get:409 http://deb.debian.org/debian trixie/main amd64 libexif-doc all 0.6.25-1+deb13u1 [166 kB]
#8 130.7 Get:410 http://deb.debian.org/debian trixie/main amd64 libipc-system-simple-perl all 1.30-2 [26.8 kB]
#8 130.7 Get:411 http://deb.debian.org/debian trixie/main amd64 libfile-basedir-perl all 0.09-2 [15.1 kB]
#8 130.7 Get:412 http://deb.debian.org/debian trixie/main amd64 liburi-perl all 5.30-1 [105 kB]
#8 130.7 Get:413 http://deb.debian.org/debian trixie/main amd64 libfile-desktopentry-perl all 0.22-3 [17.6 kB]
#8 130.8 Get:414 http://deb.debian.org/debian trixie/main amd64 libtimedate-perl all 2.3300-2 [39.3 kB]
#8 130.8 Get:415 http://deb.debian.org/debian trixie/main amd64 libhttp-date-perl all 6.06-1 [10.7 kB]
#8 130.8 Get:416 http://deb.debian.org/debian trixie/main amd64 libfile-listing-perl all 6.16-1 [12.4 kB]
#8 130.8 Get:417 http://deb.debian.org/debian trixie/main amd64 libfile-mimeinfo-perl all 0.35-1 [44.4 kB]
#8 130.9 Get:418 http://deb.debian.org/debian trixie/main amd64 libfont-afm-perl all 1.20-4 [13.1 kB]
#8 130.9 Get:419 http://deb.debian.org/debian trixie/main amd64 libglvnd0 amd64 1.7.0-1+b2 [52.0 kB]
#8 131.2 Get:420 http://deb.debian.org/debian trixie/main amd64 libxcb-glx0 amd64 1.17.0-2+b1 [122 kB]
#8 131.2 Get:421 http://deb.debian.org/debian trixie/main amd64 libxxf86vm1 amd64 1:1.1.4-1+b4 [19.3 kB]
#8 131.3 Get:422 http://deb.debian.org/debian trixie/main amd64 libvulkan1 amd64 1.4.309.0-1 [130 kB]
#8 131.4 Get:423 http://deb.debian.org/debian trixie/main amd64 libgl1-mesa-dri amd64 25.0.7-2+deb13u1 [46.2 kB]
#8 131.4 Get:424 http://deb.debian.org/debian trixie/main amd64 libglx-mesa0 amd64 25.0.7-2+deb13u1 [143 kB]
#8 131.5 Get:425 http://deb.debian.org/debian trixie/main amd64 libglx0 amd64 1.7.0-1+b2 [34.9 kB]
#8 131.5 Get:426 http://deb.debian.org/debian trixie/main amd64 libgl1 amd64 1.7.0-1+b2 [89.5 kB]
#8 131.6 Get:427 http://deb.debian.org/debian trixie/main amd64 libgles2 amd64 1.7.0-1+b2 [17.3 kB]
#8 131.6 Get:428 http://deb.debian.org/debian trixie/main amd64 libgpm2 amd64 1.20.7-11+b2 [14.4 kB]
#8 131.6 Get:429 http://deb.debian.org/debian-security trixie-security/main amd64 libheif-plugin-aomenc amd64 1.19.8-1+deb13u1 [24.1 kB]
#8 131.6 Get:430 http://deb.debian.org/debian trixie/main amd64 libnuma1 amd64 2.0.19-1 [22.2 kB]
#8 131.7 Get:431 http://deb.debian.org/debian trixie/main amd64 libx265-215 amd64 4.1-2 [1237 kB]
#8 132.4 Get:432 http://deb.debian.org/debian-security trixie-security/main amd64 libheif-plugin-x265 amd64 1.19.8-1+deb13u1 [22.2 kB]
#8 132.4 Get:433 http://deb.debian.org/debian trixie/main amd64 libhtml-tagset-perl all 3.24-1 [14.7 kB]
#8 132.4 Get:434 http://deb.debian.org/debian trixie/main amd64 libhtml-parser-perl amd64 3.83-2~deb13u1 [99.6 kB]
#8 132.4 Get:435 http://deb.debian.org/debian trixie/main amd64 libio-html-perl all 1.004-3 [16.2 kB]
#8 132.4 Get:436 http://deb.debian.org/debian trixie/main amd64 liblwp-mediatypes-perl all 6.04-2 [20.2 kB]
#8 132.5 Get:437 http://deb.debian.org/debian trixie/main amd64 libhttp-message-perl all 7.00-2 [79.8 kB]
#8 132.5 Get:438 http://deb.debian.org/debian trixie/main amd64 libhtml-form-perl all 6.12-1 [32.3 kB]
#8 132.7 Get:439 http://deb.debian.org/debian trixie/main amd64 libhtml-tree-perl all 5.07-3 [211 kB]
#8 132.9 Get:440 http://deb.debian.org/debian trixie/main amd64 libhtml-format-perl all 2.16-2 [38.8 kB]
#8 132.9 Get:441 http://deb.debian.org/debian trixie/main amd64 libhttp-cookies-perl all 6.11-1 [19.1 kB]
#8 132.9 Get:442 http://deb.debian.org/debian trixie/main amd64 libhttp-daemon-perl all 6.16-1+deb13u1 [23.8 kB]
#8 133.0 Get:443 http://deb.debian.org/debian trixie/main amd64 libhttp-negotiate-perl all 6.01-2 [13.1 kB]
#8 133.0 Get:444 http://deb.debian.org/debian trixie/main amd64 libimage-exiftool-perl all 13.25+dfsg-1 [5736 kB]
#8 138.9 Get:445 http://deb.debian.org/debian trixie/main amd64 libio-compress-brotli-perl amd64 0.004001-2+b3 [16.9 kB]
#8 140.7 Get:446 http://deb.debian.org/debian trixie/main amd64 perl-openssl-defaults amd64 7+b2 [6724 B]
#8 142.1 Get:447 http://deb.debian.org/debian trixie/main amd64 libnet-ssleay-perl amd64 1.94-3 [339 kB]
#8 142.1 Get:448 http://deb.debian.org/debian trixie/main amd64 libio-socket-ssl-perl all 2.089-1 [223 kB]
#8 142.1 Get:449 http://deb.debian.org/debian trixie/main amd64 libio-stringy-perl all 2.113-2 [48.3 kB]
#8 142.1 Get:450 http://deb.debian.org/debian trixie/main amd64 libjs-events all 3.3.0+~3.0.0-3 [11.3 kB]
#8 142.1 Get:451 http://deb.debian.org/debian trixie/main amd64 libjs-is-typedarray all 1.0.0-4 [3816 B]
#8 142.1 Get:452 http://deb.debian.org/debian trixie/main amd64 libjs-prettify all 2015.12.04+dfsg-1.1 [41.7 kB]
#8 142.1 Get:453 http://deb.debian.org/debian trixie/main amd64 libjs-sprintf-js all 1.1.2+ds1+~1.1.2-1 [12.8 kB]
#8 143.6 Get:454 http://deb.debian.org/debian trixie/main amd64 libjs-typedarray-to-buffer all 4.0.0-2 [4668 B]
#8 143.6 Get:455 http://deb.debian.org/debian trixie/main amd64 node-lodash-packages all 4.17.21+dfsg+~cs8.31.198.20210220-9 [179 kB]
#8 143.9 Get:456 http://deb.debian.org/debian trixie/main amd64 node-function-bind all 1.1.2+~cs2.1.14-1 [24.6 kB]
#8 146.3 Get:457 http://deb.debian.org/debian trixie/main amd64 node-object-inspect all 1.12.2+~cs1.8.1-1 [20.8 kB]
#8 146.3 Get:458 http://deb.debian.org/debian trixie/main amd64 node-es-abstract all 1.20.4+~cs26.27.47-2 [137 kB]
#8 146.3 Get:459 http://deb.debian.org/debian trixie/main amd64 node-resolve all 1.22.8+~cs5.34.15-2 [29.8 kB]
#8 146.3 Get:460 http://deb.debian.org/debian trixie/main amd64 node-define-properties all 1.2.1+~cs2.2.3-1 [9080 B]
#8 146.3 Get:461 http://deb.debian.org/debian trixie/main amd64 node-debbundle-es-to-primitive all 1.2.1+~cs9.7.25-2 [39.9 kB]
#8 146.3 Get:462 http://deb.debian.org/debian trixie/main amd64 node-isobject all 4.0.0-2 [5332 B]
#8 148.4 Get:463 http://deb.debian.org/debian trixie/main amd64 node-is-descriptor all 3.0.0-2 [5556 B]
#8 148.4 Get:464 http://deb.debian.org/debian trixie/main amd64 node-define-property all 2.0.2+really+2.0.2-3 [6820 B]
#8 148.4 Get:465 http://deb.debian.org/debian trixie/main amd64 node-defined all 1.0.1+~1.0.0-1 [6776 B]
#8 148.4 Get:466 http://deb.debian.org/debian trixie/main amd64 node-abbrev all 1.1.1+~1.1.2-1 [5692 B]
#8 148.4 Get:467 http://deb.debian.org/debian trixie/main amd64 node-archy all 1.0.0-6 [4556 B]
#8 148.6 Get:468 http://deb.debian.org/debian trixie/main amd64 node-async all 3.2.6+dfsg-2 [96.4 kB]
#8 148.6 Get:469 http://deb.debian.org/debian trixie/main amd64 node-convert-source-map all 1.9.0+~1.5.2-1 [8176 B]
#8 148.6 Get:470 http://deb.debian.org/debian trixie/main amd64 node-decamelize all 4.0.0-2 [4080 B]
#8 150.3 Get:471 http://deb.debian.org/debian trixie/main amd64 node-es6-error all 4.1.1-5 [6148 B]
#8 151.6 Get:472 http://deb.debian.org/debian trixie/main amd64 node-esprima all 4.0.1+ds+~4.0.3-2 [69.3 kB]
#8 151.6 Get:473 http://deb.debian.org/debian trixie/main amd64 node-escodegen all 2.1.0+dfsg+~0.0.8-1 [23.0 kB]
#8 151.6 Get:474 http://deb.debian.org/debian trixie/main amd64 node-commondir all 1.0.1+~1.0.0-1 [4388 B]
#8 151.6 Get:475 http://deb.debian.org/debian trixie/main amd64 node-is-number all 7.0.0-4 [6020 B]
#8 151.6 Get:476 http://deb.debian.org/debian trixie/main amd64 node-repeat-string all 1.6.1+repack-1 [5600 B]
#8 151.6 Get:477 http://deb.debian.org/debian trixie/main amd64 node-to-regex-range all 5.0.1-4 [10.5 kB]
#8 152.2 Get:478 http://deb.debian.org/debian trixie/main amd64 node-fill-range all 7.1.1+~7.0.3-1 [8768 B]
#8 152.2 Get:479 http://deb.debian.org/debian trixie/main amd64 node-braces all 3.0.3+~3.0.5-1 [20.6 kB]
#8 153.2 Get:480 http://deb.debian.org/debian trixie/main amd64 node-normalize-path all 3.0.0+~3.0.0-1 [6608 B]
#8 153.2 Get:481 http://deb.debian.org/debian trixie/main amd64 node-anymatch all 3.1.3+~cs4.6.1-2 [33.4 kB]
#8 153.2 Get:482 http://deb.debian.org/debian trixie/main amd64 node-micromatch all 4.0.7+~4.0.9-1 [26.0 kB]
#8 153.2 Get:483 http://deb.debian.org/debian trixie/main amd64 node-pify all 5.0.0+~cs5.0.1-1 [7072 B]
#8 153.2 Get:484 http://deb.debian.org/debian trixie/main amd64 node-path-type all 4.0.0-3 [3944 B]
#8 153.2 Get:485 http://deb.debian.org/debian trixie/main amd64 node-n3 all 1.16.3+~1.2.3+~1.10.4-1 [37.0 kB]
#8 153.2 Get:486 http://deb.debian.org/debian trixie/main amd64 node-slash all 4.0.0-3 [4292 B]
#8 153.2 Get:487 http://deb.debian.org/debian trixie/main amd64 node-globby all 13.1.3+~cs16.25.40-3 [40.5 kB]
#8 154.6 Get:488 http://deb.debian.org/debian trixie/main amd64 node-graceful-fs all 4.2.10-1 [14.4 kB]
#8 154.6 Get:489 http://deb.debian.org/debian trixie/main amd64 node-is-path-cwd all 2.2.0-2 [3672 B]
#8 154.6 Get:490 http://deb.debian.org/debian trixie/main amd64 node-path-is-inside all 1.0.2+~1.0.0-1 [5072 B]
#8 154.6 Get:491 http://deb.debian.org/debian trixie/main amd64 node-is-path-inside all 3.0.3-2 [3980 B]
#8 155.5 Get:492 http://deb.debian.org/debian trixie/main amd64 node-escape-string-regexp all 4.0.0-2 [4296 B]
#8 156.6 Get:493 http://deb.debian.org/debian trixie/main amd64 node-indent-string all 4.0.0-2 [4144 B]
#8 156.6 Get:494 http://deb.debian.org/debian trixie/main amd64 node-p-map all 4.0.0+~3.1.0+~3.0.1-2 [7904 B]
#8 156.6 Get:495 http://deb.debian.org/debian trixie/main amd64 node-del all 7.1.0-1 [8020 B]
#8 156.6 Get:496 http://deb.debian.org/debian trixie/main amd64 node-make-dir all 3.1.0-3 [6040 B]
#8 156.6 Get:497 http://deb.debian.org/debian trixie/main amd64 node-p-limit all 4.0.0+~cs4.0.0-5 [7576 B]
#8 156.6 Get:498 http://deb.debian.org/debian trixie/main amd64 node-p-locate all 6.0.0-12 [5752 B]
#8 156.6 Get:499 http://deb.debian.org/debian trixie/main amd64 node-locate-path all 7.1.1-2 [5584 B]
#8 156.6 Get:500 http://deb.debian.org/debian trixie/main amd64 node-path-exists all 5.0.0-8 [4732 B]
#8 156.6 Get:501 http://deb.debian.org/debian trixie/main amd64 node-find-up all 6.3.0-7 [9388 B]
#8 156.9 Get:502 http://deb.debian.org/debian trixie/main amd64 node-pkg-dir all 5.0.0-2 [4260 B]
#8 156.9 Get:503 http://deb.debian.org/debian trixie/main amd64 node-find-cache-dir all 3.3.2+~3.2.1-1 [6152 B]
#8 156.9 Get:504 http://deb.debian.org/debian trixie/main amd64 node-signal-exit all 4.1.0-7 [14.4 kB]
#8 157.0 Get:505 http://deb.debian.org/debian trixie/main amd64 node-foreground-child all 3.1.1-2 [13.3 kB]
#8 157.0 Get:506 http://deb.debian.org/debian trixie/main amd64 node-is-stream all 3.0.0-4 [5076 B]
#8 157.0 Get:507 http://deb.debian.org/debian trixie/main amd64 node-is-windows all 1.0.2+~cs1.0.0-1 [5936 B]
#8 157.0 Get:508 http://deb.debian.org/debian trixie/main amd64 node-ampproject-remapping all 2.2.0+~cs5.15.37-1 [59.4 kB]
#8 157.0 Get:509 http://deb.debian.org/debian trixie/main amd64 node-sprintf-js all 1.1.2+ds1+~1.1.2-1 [4024 B]
#8 157.3 Get:510 http://deb.debian.org/debian trixie/main amd64 node-argparse all 2.0.1-2 [34.6 kB]
#8 157.3 Get:511 http://deb.debian.org/debian trixie/main amd64 node-js-yaml all 4.1.0+dfsg+~4.0.5-7 [66.6 kB]
#8 158.1 Get:512 http://deb.debian.org/debian trixie/main amd64 node-nopt all 5.0.0-4 [12.1 kB]
#8 158.2 Get:513 http://deb.debian.org/debian trixie/main amd64 node-npm-run-path all 5.1.0+~4.0.0-8 [6276 B]
#8 158.4 Get:514 http://deb.debian.org/debian trixie/main amd64 node-shebang-regex all 3.0.0-2 [3528 B]
#8 158.4 Get:515 http://deb.debian.org/debian trixie/main amd64 node-shebang-command all 2.0.0-1 [3500 B]
#8 158.5 Get:516 http://deb.debian.org/debian trixie/main amd64 node-strip-bom all 4.0.0-2 [4144 B]
#8 158.5 Get:517 http://deb.debian.org/debian trixie/main amd64 node-has-flag all 5.0.1-1 [4404 B]
#8 158.5 Get:518 http://deb.debian.org/debian trixie/main amd64 node-supports-color all 8.1.1+~8.1.1-1 [6920 B]
#8 158.5 Get:519 http://deb.debian.org/debian trixie/main amd64 node-util all 0.12.5+~1.0.10-1 [5700 B]
#8 158.6 Get:520 http://deb.debian.org/debian trixie/main amd64 node-assert all 2.0.0+~cs3.9.8-2 [26.8 kB]
#8 158.7 Get:521 http://deb.debian.org/debian trixie/main amd64 node-babel-plugin-add-module-exports all 1.0.4+dfsg1~cs5.8.0-4 [8672 B]
#8 158.8 Get:522 http://deb.debian.org/debian trixie/main amd64 node-regenerator-runtime all 0.15.2+~0.10.8-1 [10.7 kB]
#8 158.8 Get:523 http://deb.debian.org/debian trixie/main amd64 node-babel7-runtime all 7.20.15+ds1+~cs214.269.168-8 [116 kB]
#8 158.9 Get:524 http://deb.debian.org/debian trixie/main amd64 node-babel-helper-define-polyfill-provider all 0.3.3~0~20220913+ds1-1 [27.4 kB]
#8 158.9 Get:525 http://deb.debian.org/debian trixie/main amd64 node-babel-plugin-polyfill-corejs2 all 0.3.3~0~20220913+ds1-1 [17.1 kB]
#8 159.0 Get:526 http://deb.debian.org/debian trixie/main amd64 node-caniuse-lite all 1.0.30001723+dfsg+~1.0.5-1 [255 kB]
#8 159.1 Get:527 http://deb.debian.org/debian trixie/main amd64 node-electron-to-chromium all 1.5.166-1 [20.9 kB]
#8 159.1 Get:528 http://deb.debian.org/debian trixie/main amd64 node-picocolors all 1.0.0-4 [6652 B]
#8 159.1 Get:529 http://deb.debian.org/debian trixie/main amd64 node-browserslist all 4.25.0+~cs6.3.22-1 [72.3 kB]
#8 159.2 Get:530 http://deb.debian.org/debian trixie/main amd64 node-core-js-compat all 3.33.2-1 [78.5 kB]
#8 159.2 Get:531 http://deb.debian.org/debian trixie/main amd64 node-babel-plugin-polyfill-corejs3 all 0.6.0~0~20220913+ds1-1 [29.5 kB]
#8 159.2 Get:532 http://deb.debian.org/debian trixie/main amd64 node-babel-plugin-polyfill-regenerator all 0.4.1~0~20220913+ds1-1 [5036 B]
#8 159.2 Get:533 http://deb.debian.org/debian trixie/main amd64 node-color-name all 1.1.4+~1.1.1-2 [5920 B]
#8 159.2 Get:534 http://deb.debian.org/debian trixie/main amd64 node-color-convert all 2.0.1+~cs2.0.0-2 [13.1 kB]
#8 159.2 Get:535 http://deb.debian.org/debian trixie/main amd64 node-ansi-styles all 6.2.1-3 [8716 B]
#8 159.4 Get:536 http://deb.debian.org/debian trixie/main amd64 node-chalk all 5.3.0-1 [18.2 kB]
#8 159.4 Get:537 http://deb.debian.org/debian trixie/main amd64 node-for-in all 1.0.2-4 [4840 B]
#8 159.4 Get:538 http://deb.debian.org/debian trixie/main amd64 node-for-own all 1.0.0-3 [4800 B]
#8 159.4 Get:539 http://deb.debian.org/debian trixie/main amd64 node-is-plain-object all 5.0.0-7 [6108 B]
#8 159.4 Get:540 http://deb.debian.org/debian trixie/main amd64 node-is-extendable all 1.0.1-3 [5228 B]
#8 159.5 Get:541 http://deb.debian.org/debian trixie/main amd64 node-clone-deep all 4.0.1+~cs7.0.2-1 [6720 B]
#8 159.5 Get:542 http://deb.debian.org/debian trixie/main amd64 node-commander all 9.4.1-1 [65.3 kB]
#8 159.5 Get:543 http://deb.debian.org/debian trixie/main amd64 node-core-js all 3.33.2-1 [301 kB]
#8 159.6 Get:544 http://deb.debian.org/debian trixie/main amd64 node-core-js-pure all 3.33.2-1 [282 kB]
#8 159.7 Get:545 http://deb.debian.org/debian trixie/main amd64 node-fs-readdir-recursive all 1.1.0+~1.1.0-1 [4540 B]
#8 159.7 Get:546 http://deb.debian.org/debian trixie/main amd64 node-js-tokens all 8.0.0-2 [14.9 kB]
#8 159.7 Get:547 http://deb.debian.org/debian trixie/main amd64 node-jsesc all 3.0.2+~3.0.1-1 [17.6 kB]
#8 159.7 Get:548 http://deb.debian.org/debian trixie/main amd64 node-json5 all 2.2.3+dfsg-1 [25.6 kB]
#8 159.8 Get:549 http://deb.debian.org/debian trixie/main amd64 node-quick-lru all 6.1.1-4 [8076 B]
#8 159.8 Get:550 http://deb.debian.org/debian trixie/main amd64 node-regenerator-transform all 0.15.2+~0.10.8-1 [24.9 kB]
#8 159.8 Get:551 http://deb.debian.org/debian trixie/main amd64 node-regjsgen all 0.7.1+ds-1 [6968 B]
#8 159.8 Get:552 http://deb.debian.org/debian trixie/main amd64 node-regjsparser all 0.9.1+ds-2 [22.1 kB]
#8 159.9 Get:553 http://deb.debian.org/debian trixie/main amd64 node-unicode-canonical-property-names-ecmascript all 2.0.0-2 [4540 B]
#8 160.0 Get:554 http://deb.debian.org/debian trixie/main amd64 node-unicode-property-aliases-ecmascript all 2.1.0+ds-1 [5256 B]
#8 160.0 Get:555 http://deb.debian.org/debian trixie/main amd64 node-unicode-match-property-ecmascript all 2.0.0-2 [4440 B]
#8 160.0 Get:556 http://deb.debian.org/debian trixie/main amd64 node-unicode-match-property-value-ecmascript all 2.1.0+ds-1 [7272 B]
#8 160.0 Get:557 http://deb.debian.org/debian trixie/main amd64 node-regexpu-core all 5.2.2-3 [13.9 kB]
#8 160.0 Get:558 http://deb.debian.org/debian trixie/main amd64 node-source-map-support all 0.5.21+ds+~0.5.10-1 [15.3 kB]
#8 160.0 Get:559 http://deb.debian.org/debian trixie/main amd64 node-to-fast-properties all 3.0.1-3 [4332 B]
#8 160.0 Get:560 http://deb.debian.org/debian trixie/main amd64 node-v8flags all 3.2.0+~3.1.1-1 [7612 B]
#8 160.3 Get:561 http://deb.debian.org/debian trixie/main amd64 node-babel7 all 7.20.15+ds1+~cs214.269.168-8 [709 kB]
#8 160.9 Get:562 http://deb.debian.org/debian trixie/main amd64 node-is-arrayish all 0.3.2-3 [3960 B]
#8 160.9 Get:563 http://deb.debian.org/debian trixie/main amd64 node-error-ex all 1.3.2-4 [5656 B]
#8 160.9 Get:564 http://deb.debian.org/debian trixie/main amd64 node-json-parse-better-errors all 1.0.2+~cs3.3.1-3 [7724 B]
#8 160.9 Get:565 http://deb.debian.org/debian trixie/main amd64 node-parse-json all 5.2.0+~cs5.1.7-2 [7304 B]
#8 160.9 Get:566 http://deb.debian.org/debian trixie/main amd64 node-hosted-git-info all 6.1.1-2 [12.6 kB]
#8 160.9 Get:567 http://deb.debian.org/debian trixie/main amd64 node-spdx-license-ids all 3.0.12-1 [6276 B]
#8 160.9 Get:568 http://deb.debian.org/debian trixie/main amd64 node-spdx-exceptions all 2.3.0-2 [3992 B]
#8 160.9 Get:569 http://deb.debian.org/debian trixie/main amd64 node-spdx-expression-parse all 3.0.1+~3.0.1-1 [7532 B]
#8 160.9 Get:570 http://deb.debian.org/debian trixie/main amd64 node-spdx-correct all 3.1.1-2 [5464 B]
#8 161.2 Get:571 http://deb.debian.org/debian trixie/main amd64 node-validate-npm-package-license all 3.0.4-2 [4280 B]
#8 161.2 Get:572 http://deb.debian.org/debian trixie/main amd64 node-normalize-package-data all 4.0.1+~2.4.1-1 [13.6 kB]
#8 161.2 Get:573 http://deb.debian.org/debian trixie/main amd64 node-read-pkg all 5.2.0-2 [24.0 kB]
#8 161.2 Get:574 http://deb.debian.org/debian trixie/main amd64 node-uuid all 8.3.2+~8.3.4-1 [44.5 kB]
#8 161.2 Get:575 http://deb.debian.org/debian trixie/main amd64 node-isexe all 2.0.0+~2.0.1-5 [6084 B]
#8 161.2 Get:576 http://deb.debian.org/debian trixie/main amd64 node-which all 2.0.2+~cs1.3.2-3 [8368 B]
#8 161.8 Get:577 http://deb.debian.org/debian trixie/main amd64 node-is-typedarray all 1.0.0-4 [3292 B]
#8 161.8 Get:578 http://deb.debian.org/debian trixie/main amd64 node-typedarray-to-buffer all 4.0.0-2 [3380 B]
#8 161.8 Get:579 http://deb.debian.org/debian trixie/main amd64 node-write-file-atomic all 4.0.2+~4.0.0-2 [9308 B]
#8 161.8 Get:580 http://deb.debian.org/debian trixie/main amd64 node-slice-ansi all 5.0.0+~cs9.0.0-5 [8788 B]
#8 161.8 Get:581 http://deb.debian.org/debian trixie/main amd64 node-ansi-regex all 5.0.1-1 [4912 B]
#8 161.8 Get:582 http://deb.debian.org/debian trixie/main amd64 node-strip-ansi all 6.0.1-2 [4120 B]
#8 161.8 Get:583 http://deb.debian.org/debian trixie/main amd64 node-clone all 2.1.2+~2.1.2-1 [9140 B]
#8 161.8 Get:584 http://deb.debian.org/debian trixie/main amd64 node-defaults all 1.0.4+~1.0.3-1 [4400 B]
#8 161.8 Get:585 http://deb.debian.org/debian trixie/main amd64 node-wcwidth.js all 1.0.2-2 [7088 B]
#8 162.0 Get:586 http://deb.debian.org/debian trixie/main amd64 node-string-width all 4.2.3+~cs13.2.3-1 [10.7 kB]
#8 162.0 Get:587 http://deb.debian.org/debian trixie/main amd64 node-wrap-ansi all 8.0.1+~8.0.1-3 [11.8 kB]
#8 162.0 Get:588 http://deb.debian.org/debian trixie/main amd64 node-cliui all 7.0.4+repack+1+~cs1.4.2-2 [21.6 kB]
#8 162.0 Get:589 http://deb.debian.org/debian trixie/main amd64 node-get-caller-file all 2.0.5+~cs1.1.1-4 [5728 B]
#8 162.0 Get:590 http://deb.debian.org/debian trixie/main amd64 node-require-directory all 2.1.1+~2.1.2-1 [7092 B]
#8 163.3 Get:591 http://deb.debian.org/debian trixie/main amd64 node-y18n all 5.0.8+~5.0.0-3 [10.2 kB]
#8 163.3 Get:592 http://deb.debian.org/debian trixie/main amd64 node-camelcase all 7.0.0-3 [6032 B]
#8 163.3 Get:593 http://deb.debian.org/debian trixie/main amd64 node-yargs-parser all 21.1.1+~21.0.0-4 [28.4 kB]
#8 164.1 Get:594 http://deb.debian.org/debian trixie/main amd64 node-yargs all 16.2.0+~16.0.4-7 [128 kB]
#8 164.1 Get:595 http://deb.debian.org/debian trixie/main amd64 node-istanbul all 0.4.5+repack10+~cs98.25.59-3 [211 kB]
#8 164.6 Get:596 http://deb.debian.org/debian trixie/main amd64 node-through all 2.3.8+~cs0.0.30-1 [5452 B]
#8 164.6 Get:597 http://deb.debian.org/debian trixie/main amd64 node-resumer all 0.0.0-6 [4144 B]
#8 164.6 Get:598 http://deb.debian.org/debian trixie/main amd64 node-tape all 5.6.1+~cs8.20.19-3 [71.0 kB]
#8 164.6 Get:599 http://deb.debian.org/debian trixie/main amd64 node-deep-equal all 2.2.3+~cs43.15.94-1 [131 kB]
#8 165.4 Get:600 http://deb.debian.org/debian trixie/main amd64 libjs-util all 0.12.5+~1.0.10-1 [16.0 kB]
#8 165.4 Get:601 http://deb.debian.org/debian trixie/main amd64 libjxr0t64 amd64 1.2~git20170615.f752187-5.3 [171 kB]
#8 165.4 Get:602 http://deb.debian.org/debian trixie/main amd64 libjxr-tools amd64 1.2~git20170615.f752187-5.3 [16.9 kB]
#8 165.4 Get:603 http://deb.debian.org/debian trixie/main amd64 libkmod2 amd64 34.2-2 [63.2 kB]
#8 165.4 Get:604 http://deb.debian.org/debian trixie/main amd64 libnet-http-perl all 6.23-1 [23.9 kB]
#8 165.4 Get:605 http://deb.debian.org/debian trixie/main amd64 libtry-tiny-perl all 0.32-1 [22.9 kB]
#8 165.4 Get:606 http://deb.debian.org/debian trixie/main amd64 libwww-robotrules-perl all 6.02-1 [12.9 kB]
#8 166.8 Get:607 http://deb.debian.org/debian trixie/main amd64 libwww-perl all 6.78-1 [183 kB]
#8 166.8 Get:608 http://deb.debian.org/debian trixie/main amd64 liblwp-protocol-https-perl all 6.14-1 [10.8 kB]
#8 166.8 Get:609 http://deb.debian.org/debian trixie/main amd64 libnet-smtp-ssl-perl all 1.04-2 [6548 B]
#8 166.8 Get:610 http://deb.debian.org/debian trixie/main amd64 libmailtools-perl all 2.22-1 [88.8 kB]
#8 166.9 Get:611 http://deb.debian.org/debian trixie/main amd64 libmime-charset-perl all 1.013.1-2 [34.0 kB]
#8 168.9 Get:612 http://deb.debian.org/debian trixie/main amd64 libxml-parser-perl amd64 2.47-2~deb13u1 [198 kB]
#8 168.9 Get:613 http://deb.debian.org/debian trixie/main amd64 libxml-twig-perl all 1:3.52-3 [177 kB]
#8 168.9 Get:614 http://deb.debian.org/debian trixie/main amd64 libnet-dbus-perl amd64 1.2.0-2+b3 [168 kB]
#8 170.4 Get:615 http://deb.debian.org/debian trixie/main amd64 libnetpbm11t64 amd64 2:11.10.02-1 [184 kB]
#8 170.4 Get:616 http://deb.debian.org/debian-security trixie-security/main amd64 libssl-dev amd64 3.5.7-1~deb13u2 [2965 kB]
#8 181.1 Get:617 http://deb.debian.org/debian trixie/main amd64 libuv1-dev amd64 1.50.0-2 [189 kB]
#8 181.2 Get:618 http://deb.debian.org/debian trixie/main amd64 libnode-dev amd64 20.19.2+dfsg-1+deb13u2 [537 kB]
#8 181.3 Get:619 http://deb.debian.org/debian trixie/main amd64 libnotify4 amd64 0.8.6-1 [26.6 kB]
#8 181.4 Get:620 http://deb.debian.org/debian trixie/main amd64 libnotify-bin amd64 0.8.6-1 [12.8 kB]
#8 181.4 Get:621 http://deb.debian.org/debian trixie/main amd64 libonig-dev amd64 6.9.9-1+b1 [95.5 kB]
#8 181.5 Get:622 http://deb.debian.org/debian trixie/main amd64 libpaper-utils amd64 2.2.5-0.3+b2 [16.5 kB]
#8 181.6 Get:623 http://deb.debian.org/debian trixie/main amd64 libpng-tools amd64 1.6.48-1+deb13u5 [130 kB]
#8 181.7 Get:624 http://deb.debian.org/debian trixie/main amd64 libre2-11 amd64 20240702-3+b1 [169 kB]
#8 181.7 Get:625 http://deb.debian.org/debian trixie/main amd64 libsodium23 amd64 1.0.18-1+deb13u1 [165 kB]
#8 181.7 Get:626 http://deb.debian.org/debian trixie/main amd64 libsodium-dev amd64 1.0.18-1+deb13u1 [185 kB]
#8 181.8 Get:627 http://deb.debian.org/debian trixie/main amd64 libsombok3 amd64 2.4.0-2+b2 [31.8 kB]
#8 181.8 Get:628 http://deb.debian.org/debian trixie/main amd64 libtext-iconv-perl amd64 1.7-8+b4 [14.4 kB]
#8 181.8 Get:629 http://deb.debian.org/debian trixie/main amd64 libtie-ixhash-perl all 1.23-4 [11.7 kB]
#8 181.9 Get:630 http://deb.debian.org/debian trixie/main amd64 libtool all 2.5.4-4 [539 kB]
#8 182.3 Get:631 http://deb.debian.org/debian trixie/main amd64 libunicode-linebreak-perl amd64 0.0.20190101-1+b9 [96.1 kB]
#8 182.3 Get:632 http://deb.debian.org/debian trixie/main amd64 libx11-protocol-perl all 0.56-9 [120 kB]
#8 182.3 Get:633 http://deb.debian.org/debian trixie/main amd64 libxmu6 amd64 2:1.1.3-3+b4 [59.0 kB]
#8 182.4 Get:634 http://deb.debian.org/debian trixie/main amd64 libxpm4 amd64 1:3.5.17-1+deb13u1 [55.9 kB]
#8 182.6 Get:635 http://deb.debian.org/debian trixie/main amd64 libxaw7 amd64 2:1.0.16-1 [212 kB]
#8 182.8 Get:636 http://deb.debian.org/debian trixie/main amd64 libxcb-shape0 amd64 1.17.0-2+b1 [106 kB]
#8 182.8 Get:637 http://deb.debian.org/debian trixie/main amd64 libxcomposite1 amd64 1:0.4.6-1 [16.3 kB]
#8 182.8 Get:638 http://deb.debian.org/debian trixie/main amd64 libxfixes3 amd64 1:6.0.0-2+b4 [20.2 kB]
#8 182.9 Get:639 http://deb.debian.org/debian trixie/main amd64 libxcursor1 amd64 1:1.2.3-1 [39.7 kB]
#8 182.9 Get:640 http://deb.debian.org/debian trixie/main amd64 libxi6 amd64 2:1.8.2-1 [78.9 kB]
#8 182.9 Get:641 http://deb.debian.org/debian trixie/main amd64 libxinerama1 amd64 2:1.1.4-3+b4 [16.0 kB]
#8 182.9 Get:642 http://deb.debian.org/debian trixie/main amd64 libxkbfile1 amd64 1:1.1.0-1+b4 [76.5 kB]
#8 183.0 Get:643 http://deb.debian.org/debian trixie/main amd64 libxml-xpathengine-perl all 0.14-2 [33.5 kB]
#8 183.0 Get:644 http://deb.debian.org/debian trixie/main amd64 libxmuu1 amd64 2:1.1.3-3+b4 [21.9 kB]
#8 183.0 Get:645 http://deb.debian.org/debian trixie/main amd64 libxrandr2 amd64 2:1.5.4-1+b3 [36.3 kB]
#8 183.1 Get:646 http://deb.debian.org/debian trixie/main amd64 libxtst6 amd64 2:1.2.5-1 [25.8 kB]
#8 183.1 Get:647 http://deb.debian.org/debian trixie/main amd64 libxv1 amd64 2:1.0.11-1.1+b3 [23.4 kB]
#8 183.1 Get:648 http://deb.debian.org/debian trixie/main amd64 libxxf86dga1 amd64 2:1.1.5-1+b3 [20.8 kB]
#8 183.2 Get:649 http://deb.debian.org/debian trixie/main amd64 libzip5 amd64 1.11.3-2 [62.6 kB]
#8 183.2 Get:650 http://deb.debian.org/debian trixie/main amd64 zipcmp amd64 1.11.3-2 [19.8 kB]
#8 183.2 Get:651 http://deb.debian.org/debian trixie/main amd64 zipmerge amd64 1.11.3-2 [14.5 kB]
#8 183.2 Get:652 http://deb.debian.org/debian trixie/main amd64 ziptool amd64 1.11.3-2 [22.6 kB]
#8 183.6 Get:653 http://deb.debian.org/debian trixie/main amd64 libzip-dev amd64 1.11.3-2 [181 kB]
#8 183.6 Get:654 http://deb.debian.org/debian trixie/main amd64 luit amd64 2.0.20240910-1 [55.1 kB]
#8 183.6 Get:655 http://deb.debian.org/debian trixie/main amd64 mesa-vulkan-drivers amd64 25.0.7-2+deb13u1 [14.2 MB]
#8 192.8 Get:656 http://deb.debian.org/debian trixie/main amd64 netpbm amd64 2:11.10.02-1 [2083 kB]
#8 194.4 Get:657 http://deb.debian.org/debian trixie/main amd64 node-agent-base all 7.1.1~0~2024040606-6+deb13u1 [11.6 kB]
#8 194.4 Get:658 http://deb.debian.org/debian trixie/main amd64 node-ajv-keywords all 5.1.0-4 [32.3 kB]
#8 194.5 Get:659 http://deb.debian.org/debian trixie/main amd64 node-ansi-escapes all 5.0.0+really.4.3.1-1 [8896 B]
#8 194.5 Get:660 http://deb.debian.org/debian trixie/main amd64 node-aproba all 2.0.0-3 [5844 B]
#8 194.5 Get:661 http://deb.debian.org/debian trixie/main amd64 node-delegates all 1.0.0-3 [4528 B]
#8 194.5 Get:662 http://deb.debian.org/debian trixie/main amd64 node-are-we-there-yet all 3.0.1+~1.1.0-1 [10.0 kB]
#8 194.5 Get:663 http://deb.debian.org/debian trixie/main amd64 node-async-each all 1.0.3-3 [4292 B]
#8 194.5 Get:664 http://deb.debian.org/debian trixie/main amd64 node-auto-bind all 4.0.0-2 [4816 B]
#8 194.5 Get:665 http://deb.debian.org/debian trixie/main amd64 node-babel-plugin-lodash all 3.3.4+~cs2.0.1-7 [11.0 kB]
#8 194.6 Get:666 http://deb.debian.org/debian trixie/main amd64 node-object-visit all 1.0.1-5 [4868 B]
#8 194.7 Get:667 http://deb.debian.org/debian trixie/main amd64 node-map-visit all 1.0.0-4 [6208 B]
#8 194.7 Get:668 http://deb.debian.org/debian trixie/main amd64 node-collection-visit all 1.0.0-4 [4924 B]
#8 194.7 Get:669 http://deb.debian.org/debian trixie/main amd64 node-get-value all 1:3.0.1-4 [5248 B]
#8 194.8 Get:670 http://deb.debian.org/debian trixie/main amd64 node-sellside-emitter all 1.2.1-3 [4440 B]
#8 194.8 Get:671 http://deb.debian.org/debian trixie/main amd64 node-is-primitive all 3.0.1-3 [4892 B]
#8 194.8 Get:672 http://deb.debian.org/debian trixie/main amd64 node-set-value all 4.1.0+~4.0.1-2 [10.4 kB]
#8 194.8 Get:673 http://deb.debian.org/debian trixie/main amd64 node-union-value all 2.0.1-4 [5352 B]
#8 194.8 Get:674 http://deb.debian.org/debian trixie/main amd64 node-has-values all 2.0.1-4 [5628 B]
#8 194.8 Get:675 http://deb.debian.org/debian trixie/main amd64 node-has-value all 2.0.2-4 [6000 B]
#8 194.9 Get:676 http://deb.debian.org/debian trixie/main amd64 node-unset-value all 2.0.1-1 [5928 B]
#8 194.9 Get:677 http://deb.debian.org/debian trixie/main amd64 node-cache-base all 4.0.2-1 [12.4 kB]
#8 194.9 Get:678 http://deb.debian.org/debian trixie/main amd64 node-mixin-deep all 2.0.1-3 [5428 B]
#8 194.9 Get:679 http://deb.debian.org/debian trixie/main amd64 node-pascalcase all 1.0.0-1 [5004 B]
#8 195.0 Get:680 http://deb.debian.org/debian trixie/main amd64 node-base all 3.0.0-3 [12.9 kB]
#8 195.0 Get:681 http://deb.debian.org/debian trixie/main amd64 node-base64-js all 1.5.1+dfsg+~1.3.0-2 [7140 B]
#8 195.1 Get:682 http://deb.debian.org/debian trixie/main amd64 node-binary-extensions all 2.2.0-2 [4408 B]
#8 195.1 Get:683 http://deb.debian.org/debian trixie/main amd64 node-builtins all 5.0.1-1 [4072 B]
#8 195.1 Get:684 http://deb.debian.org/debian trixie/main amd64 node-chownr all 2.0.0-3 [4312 B]
#8 195.3 Get:685 http://deb.debian.org/debian trixie/main amd64 node-iconv-lite all 0.6.3-3 [115 kB]
#8 195.3 Get:686 http://deb.debian.org/debian trixie/main amd64 node-encoding all 0.1.13-2 [4400 B]
#8 195.4 Get:687 http://deb.debian.org/debian trixie/main amd64 node-jsonparse all 1.3.1-10 [8020 B]
#8 195.4 Get:688 http://deb.debian.org/debian trixie/main amd64 node-yallist all 4.0.0+~4.0.1-1 [8172 B]
#8 195.4 Get:689 http://deb.debian.org/debian trixie/main amd64 node-minipass all 5.0.0+~cs10.3.21-3 [46.9 kB]
#8 195.4 Get:690 http://deb.debian.org/debian trixie/main amd64 node-iferr all 1.0.2+~1.0.2-1 [4588 B]
#8 195.4 Get:691 http://deb.debian.org/debian trixie/main amd64 node-fs-write-stream-atomic all 1.0.10-6 [5316 B]
#8 195.4 Get:692 http://deb.debian.org/debian trixie/main amd64 node-run-queue all 2.0.0-3 [5156 B]
#8 195.4 Get:693 http://deb.debian.org/debian trixie/main amd64 node-copy-concurrently all 1.0.5-9 [7100 B]
#8 195.4 Get:694 http://deb.debian.org/debian trixie/main amd64 node-move-concurrently all 1.0.1-5 [5152 B]
#8 195.6 Get:695 http://deb.debian.org/debian trixie/main amd64 node-promise-inflight all 1.0.1+~1.0.0-1 [4864 B]
#8 195.6 Get:696 http://deb.debian.org/debian trixie/main amd64 node-ssri all 9.0.1-3 [18.1 kB]
#8 195.6 Get:697 http://deb.debian.org/debian trixie/main amd64 node-unique-filename all 1.1.1+ds-2 [4032 B]
#8 195.6 Get:698 http://deb.debian.org/debian trixie/main amd64 node-cacache all 17.0.3+~cs10.3.7-2 [45.2 kB]
#8 195.7 Get:699 http://deb.debian.org/debian trixie/main amd64 node-is-binary-path all 2.1.0-5 [3684 B]
#8 195.7 Get:700 http://deb.debian.org/debian trixie/main amd64 node-path-is-absolute all 2.0.0-2 [4068 B]
#8 195.7 Get:701 http://deb.debian.org/debian trixie/main amd64 node-set-immediate-shim all 2.0.0-2 [3740 B]
#8 195.7 Get:702 http://deb.debian.org/debian trixie/main amd64 node-readdirp all 3.6.0-1 [11.5 kB]
#8 195.7 Get:703 http://deb.debian.org/debian trixie/main amd64 node-chokidar all 3.6.0-3 [32.4 kB]
#8 195.7 Get:704 http://deb.debian.org/debian trixie/main amd64 node-tslib all 2.4.1-1 [19.5 kB]
#8 195.8 Get:705 http://deb.debian.org/debian trixie/main amd64 node-chrome-trace-event all 1.0.3-2 [6984 B]
#8 195.9 Get:706 http://deb.debian.org/debian trixie/main amd64 node-ci-info all 4.0.0+~cs1.1.0-1 [12.5 kB]
#8 195.9 Get:707 http://deb.debian.org/debian trixie/main amd64 node-cli-boxes all 3.0.0-1 [4796 B]
#8 195.9 Get:708 http://deb.debian.org/debian trixie/main amd64 node-restore-cursor all 4.0.0-4 [4444 B]
#8 195.9 Get:709 http://deb.debian.org/debian trixie/main amd64 node-cli-cursor all 4.0.0-3 [7880 B]
#8 196.0 Get:710 http://deb.debian.org/debian trixie/main amd64 node-colors all 1.4.0-4 [11.9 kB]
#8 196.0 Get:711 http://deb.debian.org/debian trixie/main amd64 node-cli-table all 0.3.11+~cs0.13.4-3 [23.6 kB]
#8 196.0 Get:712 http://deb.debian.org/debian trixie/main amd64 node-cli-truncate all 2.1.0-5 [5628 B]
#8 196.0 Get:713 http://deb.debian.org/debian trixie/main amd64 node-columnify all 1.6.0+~1.5.1-1 [12.4 kB]
#8 196.0 Get:714 http://deb.debian.org/debian trixie/main amd64 node-console-control-strings all 1.1.0-3 [5564 B]
#8 196.1 Get:715 http://deb.debian.org/debian trixie/main amd64 node-growl all 1.10.5-4 [7684 B]
#8 196.1 Get:716 http://deb.debian.org/debian trixie/main amd64 node-lcov-parse all 1.0.0+20170612git80d039574ed9-6 [5116 B]
#8 196.1 Get:717 http://deb.debian.org/debian trixie/main amd64 node-log-driver all 1.2.7+git+20180219+bba1761737-7 [5396 B]
#8 196.1 Get:718 http://deb.debian.org/debian trixie/main amd64 node-data-uri-to-buffer all 6.0.2~0~2024040606-6+deb13u1 [9180 B]
#8 196.4 Get:719 http://deb.debian.org/debian trixie/main amd64 node-fetch all 3.3.2+~cs11.4.11-3 [213 kB]
#8 196.5 Get:720 http://deb.debian.org/debian trixie/main amd64 node-coveralls all 3.1.1-4 [13.9 kB]
#8 196.5 Get:721 http://deb.debian.org/debian trixie/main amd64 node-css-selector-tokenizer all 0.8.0+~cs4.8.3-1 [13.0 kB]
#8 196.7 Get:722 http://deb.debian.org/debian trixie/main amd64 node-postcss all 8.4.49+~cs9.2.32-1 [189 kB]
#8 196.8 Get:723 http://deb.debian.org/debian trixie/main amd64 node-icss-utils all 5.1.0+~5.1.0-1 [7564 B]
#8 196.8 Get:724 http://deb.debian.org/debian trixie/main amd64 node-postcss-modules-extract-imports all 3.0.0-2 [6584 B]
#8 196.8 Get:725 http://deb.debian.org/debian trixie/main amd64 node-postcss-modules-values all 4.0.0+~4.0.0-1 [7180 B]
#8 196.8 Get:726 http://deb.debian.org/debian trixie/main amd64 node-postcss-value-parser all 4.2.0-1 [10.4 kB]
#8 196.8 Get:727 http://deb.debian.org/debian trixie/main amd64 node-prr all 1.0.1-3 [4352 B]
#8 196.8 Get:728 http://deb.debian.org/debian trixie/main amd64 node-errno all 1.0.0-3 [7736 B]
#8 196.8 Get:729 http://deb.debian.org/debian trixie/main amd64 node-memory-fs all 0.5.0+~0.3.3-2 [7676 B]
#8 196.8 Get:730 http://deb.debian.org/debian trixie/main amd64 node-tapable all 2.2.1-3 [13.5 kB]
#8 196.8 Get:731 http://deb.debian.org/debian trixie/main amd64 node-enhanced-resolve all 5.15.0-1 [36.4 kB]
#8 197.1 Get:732 http://deb.debian.org/debian trixie/main amd64 node-es-module-lexer all 1.1.0+dfsg-3 [19.8 kB]
#8 197.1 Get:733 http://deb.debian.org/debian trixie/main amd64 node-events all 3.3.0+~3.0.0-3 [5888 B]
#8 197.1 Get:734 http://deb.debian.org/debian trixie/main amd64 node-resolve-cwd all 3.0.0-2 [4212 B]
#8 197.3 Get:735 http://deb.debian.org/debian trixie/main amd64 node-jest-debbundle all 29.6.2~ds1+~cs73.45.28-5 [135 kB]
#8 197.4 Get:736 http://deb.debian.org/debian trixie/main amd64 node-interpret all 2.2.0-3 [7660 B]
#8 197.4 Get:737 http://deb.debian.org/debian trixie/main amd64 node-merge-stream all 2.0.0+~1.1.2-2 [5124 B]
#8 197.4 Get:738 http://deb.debian.org/debian trixie/main amd64 node-jest-worker all 29.6.2~ds1+~cs73.45.28-5 [116 kB]
#8 197.4 Get:739 http://deb.debian.org/debian trixie/main amd64 node-loader-runner all 4.3.0-1 [7644 B]
#8 197.4 Get:740 http://deb.debian.org/debian trixie/main amd64 node-mime all 3.0.0+dfsg+~cs6.97.2-2 [40.3 kB]
#8 197.5 Get:741 http://deb.debian.org/debian trixie/main amd64 node-mime-types all 2.1.35-2 [8752 B]
#8 197.5 Get:742 http://deb.debian.org/debian trixie/main amd64 node-rechoir all 0.8.0+~0.6.1-2 [6628 B]
#8 197.5 Get:743 http://deb.debian.org/debian trixie/main amd64 node-schema-utils all 4.2.0~ds-3 [22.0 kB]
#8 197.5 Get:744 http://deb.debian.org/debian trixie/main amd64 node-randombytes all 2.1.0+~2.0.0-2 [4852 B]
#8 197.6 Get:745 http://deb.debian.org/debian trixie/main amd64 node-serialize-javascript all 6.0.2-1 [13.0 kB]
#8 197.6 Get:746 http://deb.debian.org/debian trixie/main amd64 node-watchpack all 2.4.0+~cs2.8.1-1 [20.2 kB]
#8 197.6 Get:747 http://deb.debian.org/debian trixie/main amd64 node-webassemblyjs all 1.11.4+dfsg+~cs10.11.17-2 [139 kB]
#8 199.9 Get:748 http://deb.debian.org/debian trixie/main amd64 node-source-list-map all 2.0.1+dfsg+~0.1.2-1 [10.1 kB]
#8 199.9 Get:749 http://deb.debian.org/debian trixie/main amd64 node-webpack-sources all 3.2.3+~3.2.0-2 [23.2 kB]
#8 200.2 Get:750 http://deb.debian.org/debian trixie/main amd64 node-terser all 5.38.0-1 [220 kB]
#8 202.5 Get:751 http://deb.debian.org/debian trixie/main amd64 terser all 5.38.0-1 [19.4 kB]
#8 202.5 Get:752 http://deb.debian.org/debian trixie/main amd64 node-get-stream all 8.0.1-11 [11.6 kB]
#8 202.5 Get:753 http://deb.debian.org/debian trixie/main amd64 node-mimic-fn all 4.0.0-5 [5492 B]
#8 202.5 Get:754 http://deb.debian.org/debian trixie/main amd64 node-strip-eof all 3.0.0-5 [4656 B]
#8 202.5 Get:755 http://deb.debian.org/debian trixie/main amd64 node-execa all 8.0.1+dfsg1+~cs12.0.0-1 [43.9 kB]
#8 202.5 Get:756 http://deb.debian.org/debian trixie/main amd64 node-envinfo all 7.11.0+~cs14.3.0-3 [32.6 kB]
#8 202.5 Get:757 http://deb.debian.org/debian trixie/main amd64 webpack all 5.97.1+dfsg1+~cs11.18.27-3 [810 kB]
#8 203.5 Get:758 http://deb.debian.org/debian trixie/main amd64 node-css-loader all 6.8.1+~cs14.0.17-1 [74.5 kB]
#8 203.5 Get:759 http://deb.debian.org/debian trixie/main amd64 node-mimic-response all 3.1.0-9 [5424 B]
#8 203.5 Get:760 http://deb.debian.org/debian trixie/main amd64 node-decompress-response all 6.0.0-3 [4656 B]
#8 203.5 Get:761 http://deb.debian.org/debian trixie/main amd64 node-depd all 2.0.0-2 [11.2 kB]
#8 203.5 Get:762 http://deb.debian.org/debian trixie/main amd64 node-diff all 5.0.0~dfsg+~5.0.1-4 [69.7 kB]
#8 203.5 Get:763 http://deb.debian.org/debian trixie/main amd64 node-err-code all 2.0.3+dfsg-3 [4884 B]
#8 204.7 Get:764 http://deb.debian.org/debian trixie/main amd64 node-time-stamp all 2.2.0-2 [6016 B]
#8 204.7 Get:765 http://deb.debian.org/debian trixie/main amd64 node-fancy-log all 1.3.3+~cs1.3.1-2 [7940 B]
#8 204.7 Get:766 http://deb.debian.org/debian trixie/main amd64 node-has-unicode all 2.0.1-5 [3992 B]
#8 204.7 Get:767 http://deb.debian.org/debian trixie/main amd64 node-wide-align all 1.1.3-4 [4244 B]
#8 204.7 Get:768 http://deb.debian.org/debian trixie/main amd64 node-gauge all 4.0.4-2 [19.7 kB]
#8 204.7 Get:769 http://deb.debian.org/debian trixie/main amd64 node-lowercase-keys all 2.0.0-2 [3768 B]
#8 205.4 Get:770 http://deb.debian.org/debian trixie/main amd64 node-json-buffer all 3.0.1+~3.0.0-1 [4536 B]
#8 206.4 Get:771 http://deb.debian.org/debian trixie/main amd64 node-p-cancelable all 2.1.1-1 [7272 B]
#8 206.4 Get:772 http://deb.debian.org/debian trixie/main amd64 node-got all 11.8.5+~cs58.13.36-5 [121 kB]
#8 206.6 Get:773 http://deb.debian.org/debian trixie/main amd64 node-https-proxy-agent all 7.0.4~0~2024040606-6+deb13u1 [13.7 kB]
#8 207.3 Get:774 http://deb.debian.org/debian trixie/main amd64 node-set-blocking all 2.0.0-2 [4248 B]
#8 207.3 Get:775 http://deb.debian.org/debian trixie/main amd64 node-npmlog all 7.0.1+~4.1.4-1 [11.4 kB]
#8 207.3 Get:776 http://deb.debian.org/debian trixie/main amd64 node-osenv all 0.1.5+~0.1.1-1 [5884 B]
#8 207.3 Get:777 http://deb.debian.org/debian trixie/main amd64 node-tar all 6.2.1+~cs7.0.8-1+deb13u1 [52.7 kB]
#8 207.6 Get:778 http://deb.debian.org/debian trixie/main amd64 node-gyp all 11.1.0+~5.0.0-1 [67.6 kB]
#8 207.6 Get:779 http://deb.debian.org/debian trixie/main amd64 node-http-proxy-agent all 7.0.2~0~2024040606-6+deb13u1 [10.8 kB]
#8 208.1 Get:780 http://deb.debian.org/debian trixie/main amd64 node-ieee754 all 1.2.1-3 [5268 B]
#8 208.7 Get:781 http://deb.debian.org/debian trixie/main amd64 node-ini all 3.0.1-2 [6928 B]
#8 208.7 Get:782 http://deb.debian.org/debian trixie/main amd64 node-ip all 2.0.1+~1.1.3-3 [8616 B]
#8 208.7 Get:783 http://deb.debian.org/debian trixie/main amd64 node-ip-regex all 4.3.0+~4.1.1-1 [5188 B]
#8 208.7 Get:784 http://deb.debian.org/debian trixie/main amd64 node-mute-stream all 0.0.8+~0.0.1-3 [6232 B]
#8 208.7 Get:785 http://deb.debian.org/debian trixie/main amd64 node-negotiator all 0.6.3+~0.6.1-1 [10.8 kB]
#8 208.7 Get:786 http://deb.debian.org/debian trixie/main amd64 node-read-package-json all 5.0.2+~2.0.0-2 [11.6 kB]
#8 208.7 Get:787 http://deb.debian.org/debian trixie/main amd64 node-npm-bundled all 2.0.1-2 [6408 B]
#8 208.7 Get:788 http://deb.debian.org/debian trixie/main amd64 node-validate-npm-package-name all 5.0.0+~4.0.0-1 [7444 B]
#8 210.3 Get:789 http://deb.debian.org/debian trixie/main amd64 node-npm-package-arg all 10.0.0+~3.0.0-2 [11.4 kB]
#8 210.3 Get:790 http://deb.debian.org/debian trixie/main amd64 xdg-utils all 1.2.1-2 [75.8 kB]
#8 210.3 Get:791 http://deb.debian.org/debian trixie/main amd64 node-opener all 1.5.2+~1.4.0-1 [5940 B]
#8 210.3 Get:792 http://deb.debian.org/debian trixie/main amd64 node-retry all 0.13.1.+~cs2.19.16-1 [14.2 kB]
#8 210.3 Get:793 http://deb.debian.org/debian trixie/main amd64 node-promise-retry all 2.0.1-4 [5016 B]
#8 210.3 Get:794 http://deb.debian.org/debian trixie/main amd64 node-read all 1.0.7-5 [5388 B]
#8 210.3 Get:795 http://deb.debian.org/debian trixie/main amd64 node-promzard all 0.3.0-2 [6788 B]
#8 210.3 Get:796 http://deb.debian.org/debian trixie/main amd64 node-re2 amd64 1.21.4+~cs2.13.13-2+b2 [50.1 kB]
#8 212.3 Get:797 http://deb.debian.org/debian trixie/main amd64 node-require-from-string all 2.0.2+~1.2.1-1 [4468 B]
#8 213.5 Get:798 http://deb.debian.org/debian trixie/main amd64 node-shell-quote all 1.7.4+~1.7.1-1+deb13u1 [14.7 kB]
#8 214.1 Get:799 http://deb.debian.org/debian trixie/main amd64 node-stack-utils all 2.0.6+~2.0.1-1 [9260 B]
#8 215.0 Get:800 http://deb.debian.org/debian trixie/main amd64 node-yaml all 2.3.4+~cs0.4.0-1 [124 kB]
#8 215.0 Get:801 http://deb.debian.org/debian trixie/main amd64 node-tap-parser all 13.0.1+~cs4.1.3-3 [46.3 kB]
#8 215.0 Get:802 http://deb.debian.org/debian trixie/main amd64 node-tap-mocha-reporter all 5.0.3+~2.0.2-3 [38.7 kB]
#8 215.0 Get:803 http://deb.debian.org/debian trixie/main amd64 node-widest-line all 3.1.0-2 [4092 B]
#8 215.0 Get:804 http://deb.debian.org/debian trixie/main amd64 node-ws all 8.18.1+~cs14.18.2-1 [54.2 kB]
#8 215.0 Get:805 http://deb.debian.org/debian trixie/main amd64 node-tap all 16.3.7+ds3+~cs49.5.20-1 [98.4 kB]
#8 215.5 Get:806 http://deb.debian.org/debian trixie/main amd64 node-text-table all 0.2.0-4 [4736 B]
#8 215.5 Get:807 http://deb.debian.org/debian trixie/main amd64 nodejs-doc all 20.19.2+dfsg-1+deb13u2 [6084 kB]
#8 220.9 Get:808 http://deb.debian.org/debian trixie/main amd64 npm all 9.2.0~ds1-3 [669 kB]
#8 221.4 Get:809 http://deb.debian.org/debian-security trixie-security/main amd64 openssl amd64 3.5.7-1~deb13u2 [1507 kB]
#8 228.0 Get:810 http://deb.debian.org/debian trixie/main amd64 psmisc amd64 23.7-2 [267 kB]
#8 228.0 Get:811 http://deb.debian.org/debian trixie/main amd64 systemd-cryptsetup amd64 257.13-1~deb13u1 [173 kB]
#8 229.4 Get:812 http://deb.debian.org/debian-security trixie-security/main amd64 unzip amd64 6.0-29+deb13u1 [173 kB]
#8 229.4 Get:813 http://deb.debian.org/debian trixie/main amd64 x11-utils amd64 7.7+7 [182 kB]
#8 229.4 Get:814 http://deb.debian.org/debian trixie/main amd64 x11-xserver-utils amd64 7.7+11 [163 kB]
#8 229.4 Get:815 http://deb.debian.org/debian trixie/main amd64 xauth amd64 1:1.1.2-1.1 [35.9 kB]
#8 229.4 Get:816 http://deb.debian.org/debian trixie/main amd64 xdg-user-dirs amd64 0.18-2 [53.2 kB]
#8 229.4 Get:817 http://deb.debian.org/debian-security trixie-security/main amd64 zip amd64 3.0-15+deb13u1 [235 kB]
#8 230.4 Get:818 http://deb.debian.org/debian trixie/main amd64 libegl1 amd64 1.7.0-1+b2 [34.6 kB]
#8 230.4 Get:819 http://deb.debian.org/debian trixie/main amd64 zutty amd64 0.16.2.20241020+dfsg1-1 [182 kB]
#8 237.3 debconf: unable to initialize frontend: Dialog
#8 237.3 debconf: (TERM is not set, so the dialog frontend is not usable.)
#8 237.3 debconf: falling back to frontend: Readline
#8 237.4 debconf: unable to initialize frontend: Readline
#8 237.4 debconf: (This frontend requires a controlling tty.)
#8 237.4 debconf: falling back to frontend: Teletype
#8 237.4 debconf: unable to initialize frontend: Teletype
#8 237.4 debconf: (This frontend requires a controlling tty.)
#8 237.4 debconf: falling back to frontend: Noninteractive
#8 302.9 Preconfiguring packages ...
#8 315.8 Fetched 250 MB in 3min 23s (1233 kB/s)
#8 321.4 (Reading database ... (Reading database ... 5%(Reading database ... 10%(Reading database ... 15%(Reading database ... 20%(Reading database ... 25%(Reading database ... 30%(Reading database ... 35%(Reading database ... 40%(Reading database ... 45%(Reading database ... 50%(Reading database ... 55%(Reading database ... 60%(Reading database ... 65%(Reading database ... 70%(Reading database ... 75%(Reading database ... 80%(Reading database ... 85%(Reading database ... 90%(Reading database ... 95%(Reading database ... 100%(Reading database ... 14644 files and directories currently installed.)
#8 321.7 Preparing to unpack .../bsdutils_1%3a2.41.5-0+deb13u1_amd64.deb ...
#8 321.8 Unpacking bsdutils (1:2.41.5-0+deb13u1) over (1:2.41-5) ...
#8 322.1 Setting up bsdutils (1:2.41.5-0+deb13u1) ...
#8 322.3 (Reading database ... (Reading database ... 5%(Reading database ... 10%(Reading database ... 15%(Reading database ... 20%(Reading database ... 25%(Reading database ... 30%(Reading database ... 35%(Reading database ... 40%(Reading database ... 45%(Reading database ... 50%(Reading database ... 55%(Reading database ... 60%(Reading database ... 65%(Reading database ... 70%(Reading database ... 75%(Reading database ... 80%(Reading database ... 85%(Reading database ... 90%(Reading database ... 95%(Reading database ... 100%(Reading database ... 14644 files and directories currently installed.)
#8 322.3 Preparing to unpack .../liblastlog2-2_2.41.5-0+deb13u1_amd64.deb ...
#8 322.3 Unpacking liblastlog2-2:amd64 (2.41.5-0+deb13u1) over (2.41-5) ...
#8 322.5 Setting up liblastlog2-2:amd64 (2.41.5-0+deb13u1) ...
#8 322.6 (Reading database ... (Reading database ... 5%(Reading database ... 10%(Reading database ... 15%(Reading database ... 20%(Reading database ... 25%(Reading database ... 30%(Reading database ... 35%(Reading database ... 40%(Reading database ... 45%(Reading database ... 50%(Reading database ... 55%(Reading database ... 60%(Reading database ... 65%(Reading database ... 70%(Reading database ... 75%(Reading database ... 80%(Reading database ... 85%(Reading database ... 90%(Reading database ... 95%(Reading database ... 100%(Reading database ... 14644 files and directories currently installed.)
#8 322.7 Preparing to unpack .../libblkid1_2.41.5-0+deb13u1_amd64.deb ...
#8 322.7 Unpacking libblkid1:amd64 (2.41.5-0+deb13u1) over (2.41-5) ...
#8 322.9 Setting up libblkid1:amd64 (2.41.5-0+deb13u1) ...
#8 323.0 (Reading database ... (Reading database ... 5%(Reading database ... 10%(Reading database ... 15%(Reading database ... 20%(Reading database ... 25%(Reading database ... 30%(Reading database ... 35%(Reading database ... 40%(Reading database ... 45%(Reading database ... 50%(Reading database ... 55%(Reading database ... 60%(Reading database ... 65%(Reading database ... 70%(Reading database ... 75%(Reading database ... 80%(Reading database ... 85%(Reading database ... 90%(Reading database ... 95%(Reading database ... 100%(Reading database ... 14644 files and directories currently installed.)
#8 323.1 Preparing to unpack .../libmount1_2.41.5-0+deb13u1_amd64.deb ...
#8 323.1 Unpacking libmount1:amd64 (2.41.5-0+deb13u1) over (2.41-5) ...
#8 323.2 Setting up libmount1:amd64 (2.41.5-0+deb13u1) ...
#8 323.3 (Reading database ... (Reading database ... 5%(Reading database ... 10%(Reading database ... 15%(Reading database ... 20%(Reading database ... 25%(Reading database ... 30%(Reading database ... 35%(Reading database ... 40%(Reading database ... 45%(Reading database ... 50%(Reading database ... 55%(Reading database ... 60%(Reading database ... 65%(Reading database ... 70%(Reading database ... 75%(Reading database ... 80%(Reading database ... 85%(Reading database ... 90%(Reading database ... 95%(Reading database ... 100%(Reading database ... 14644 files and directories currently installed.)
#8 323.3 Preparing to unpack .../libsmartcols1_2.41.5-0+deb13u1_amd64.deb ...
#8 323.4 Unpacking libsmartcols1:amd64 (2.41.5-0+deb13u1) over (2.41-5) ...
#8 323.5 Setting up libsmartcols1:amd64 (2.41.5-0+deb13u1) ...
#8 323.7 (Reading database ... (Reading database ... 5%(Reading database ... 10%(Reading database ... 15%(Reading database ... 20%(Reading database ... 25%(Reading database ... 30%(Reading database ... 35%(Reading database ... 40%(Reading database ... 45%(Reading database ... 50%(Reading database ... 55%(Reading database ... 60%(Reading database ... 65%(Reading database ... 70%(Reading database ... 75%(Reading database ... 80%(Reading database ... 85%(Reading database ... 90%(Reading database ... 95%(Reading database ... 100%(Reading database ... 14644 files and directories currently installed.)
#8 323.7 Preparing to unpack .../mount_2.41.5-0+deb13u1_amd64.deb ...
#8 323.7 Unpacking mount (2.41.5-0+deb13u1) over (2.41-5) ...
#8 324.1 Preparing to unpack .../libuuid1_2.41.5-0+deb13u1_amd64.deb ...
#8 324.1 Unpacking libuuid1:amd64 (2.41.5-0+deb13u1) over (2.41-5) ...
#8 324.3 Setting up libuuid1:amd64 (2.41.5-0+deb13u1) ...
#8 324.5 (Reading database ... (Reading database ... 5%(Reading database ... 10%(Reading database ... 15%(Reading database ... 20%(Reading database ... 25%(Reading database ... 30%(Reading database ... 35%(Reading database ... 40%(Reading database ... 45%(Reading database ... 50%(Reading database ... 55%(Reading database ... 60%(Reading database ... 65%(Reading database ... 70%(Reading database ... 75%(Reading database ... 80%(Reading database ... 85%(Reading database ... 90%(Reading database ... 95%(Reading database ... 100%(Reading database ... 14644 files and directories currently installed.)
#8 324.5 Preparing to unpack .../util-linux_2.41.5-0+deb13u1_amd64.deb ...
#8 324.5 Unpacking util-linux (2.41.5-0+deb13u1) over (2.41-5) ...
#8 326.7 Setting up util-linux (2.41.5-0+deb13u1) ...
#8 327.1 update-alternatives: warning: forcing reinstallation of alternative /bin/more because link group pager is broken
#8 327.1 update-alternatives: warning: skip creation of /usr/share/man/man1/pager.1.gz because associated file /usr/share/man/man1/more.1.gz (of link group pager) doesn't exist
#8 327.7 (Reading database ... (Reading database ... 5%(Reading database ... 10%(Reading database ... 15%(Reading database ... 20%(Reading database ... 25%(Reading database ... 30%(Reading database ... 35%(Reading database ... 40%(Reading database ... 45%(Reading database ... 50%(Reading database ... 55%(Reading database ... 60%(Reading database ... 65%(Reading database ... 70%(Reading database ... 75%(Reading database ... 80%(Reading database ... 85%(Reading database ... 90%(Reading database ... 95%(Reading database ... 100%(Reading database ... 14649 files and directories currently installed.)
#8 327.7 Preparing to unpack .../login_1%3a4.16.0-2+really2.41.5-0+deb13u1_amd64.deb ...
#8 327.9 Unpacking login (1:4.16.0-2+really2.41.5-0+deb13u1) over (1:4.16.0-2+really2.41-5) ...
#8 328.1 Preparing to unpack .../openssl-provider-legacy_3.5.7-1~deb13u2_amd64.deb ...
#8 328.2 Unpacking openssl-provider-legacy (3.5.7-1~deb13u2) over (3.5.4-1~deb13u1) ...
#8 328.4 Setting up openssl-provider-legacy (3.5.7-1~deb13u2) ...
#8 328.8 (Reading database ... (Reading database ... 5%(Reading database ... 10%(Reading database ... 15%(Reading database ... 20%(Reading database ... 25%(Reading database ... 30%(Reading database ... 35%(Reading database ... 40%(Reading database ... 45%(Reading database ... 50%(Reading database ... 55%(Reading database ... 60%(Reading database ... 65%(Reading database ... 70%(Reading database ... 75%(Reading database ... 80%(Reading database ... 85%(Reading database ... 90%(Reading database ... 95%(Reading database ... 100%(Reading database ... 14651 files and directories currently installed.)
#8 328.8 Preparing to unpack .../libssl3t64_3.5.7-1~deb13u2_amd64.deb ...
#8 329.0 Unpacking libssl3t64:amd64 (3.5.7-1~deb13u2) over (3.5.4-1~deb13u1) ...
#8 329.5 Setting up libssl3t64:amd64 (3.5.7-1~deb13u2) ...
#8 329.8 Selecting previously unselected package libsystemd-shared:amd64.
#8 329.8 (Reading database ... (Reading database ... 5%(Reading database ... 10%(Reading database ... 15%(Reading database ... 20%(Reading database ... 25%(Reading database ... 30%(Reading database ... 35%(Reading database ... 40%(Reading database ... 45%(Reading database ... 50%(Reading database ... 55%(Reading database ... 60%(Reading database ... 65%(Reading database ... 70%(Reading database ... 75%(Reading database ... 80%(Reading database ... 85%(Reading database ... 90%(Reading database ... 95%(Reading database ... 100%(Reading database ... 14651 files and directories currently installed.)
#8 329.8 Preparing to unpack .../libsystemd-shared_257.13-1~deb13u1_amd64.deb ...
#8 329.8 Unpacking libsystemd-shared:amd64 (257.13-1~deb13u1) ...
#8 330.4 Selecting previously unselected package libapparmor1:amd64.
#8 330.4 Preparing to unpack .../libapparmor1_4.1.0-1_amd64.deb ...
#8 330.4 Unpacking libapparmor1:amd64 (4.1.0-1) ...
#8 330.6 Preparing to unpack .../libsystemd0_257.13-1~deb13u1_amd64.deb ...
#8 330.6 Unpacking libsystemd0:amd64 (257.13-1~deb13u1) over (257.9-1~deb13u1) ...
#8 330.9 Setting up libsystemd0:amd64 (257.13-1~deb13u1) ...
#8 331.0 Setting up libsystemd-shared:amd64 (257.13-1~deb13u1) ...
#8 331.2 Selecting previously unselected package systemd.
#8 331.2 (Reading database ... (Reading database ... 5%(Reading database ... 10%(Reading database ... 15%(Reading database ... 20%(Reading database ... 25%(Reading database ... 30%(Reading database ... 35%(Reading database ... 40%(Reading database ... 45%(Reading database ... 50%(Reading database ... 55%(Reading database ... 60%(Reading database ... 65%(Reading database ... 70%(Reading database ... 75%(Reading database ... 80%(Reading database ... 85%(Reading database ... 90%(Reading database ... 95%(Reading database ... 100%(Reading database ... 14664 files and directories currently installed.)
#8 331.2 Preparing to unpack .../systemd_257.13-1~deb13u1_amd64.deb ...
#8 331.3 Unpacking systemd (257.13-1~deb13u1) ...
#8 331.9 Selecting previously unselected package cron-daemon-common.
#8 331.9 Preparing to unpack .../cron-daemon-common_3.0pl1-197_all.deb ...
#8 332.0 Unpacking cron-daemon-common (3.0pl1-197) ...
#8 332.1 Selecting previously unselected package sensible-utils.
#8 332.1 Preparing to unpack .../sensible-utils_0.0.25_all.deb ...
#8 332.1 Unpacking sensible-utils (0.0.25) ...
#8 332.2 Setting up libapparmor1:amd64 (4.1.0-1) ...
#8 332.2 Setting up mount (2.41.5-0+deb13u1) ...
#8 332.3 Setting up systemd (257.13-1~deb13u1) ...
#8 332.4 Created symlink '/etc/systemd/system/getty.target.wants/getty@tty1.service' → '/usr/lib/systemd/system/getty@.service'.
#8 332.5 Created symlink '/etc/systemd/system/multi-user.target.wants/remote-fs.target' → '/usr/lib/systemd/system/remote-fs.target'.
#8 332.5 Created symlink '/etc/systemd/system/sysinit.target.wants/systemd-pstore.service' → '/usr/lib/systemd/system/systemd-pstore.service'.
#8 332.5 Initializing machine ID from random generator.
#8 332.6 Creating group 'systemd-journal' with GID 999.
#8 332.6 Creating group 'systemd-network' with GID 998.
#8 332.6 Creating user 'systemd-network' (systemd Network Management) with UID 998 and GID 998.
#8 332.7 /usr/lib/tmpfiles.d/legacy.conf:14: Duplicate line for path "/run/lock", ignoring.
#8 332.8 Setting up cron-daemon-common (3.0pl1-197) ...
#8 333.0 Creating group 'crontab' with GID 997.
#8 333.3 Selecting previously unselected package cron.
#8 333.3 (Reading database ... (Reading database ... 5%(Reading database ... 10%(Reading database ... 15%(Reading database ... 20%(Reading database ... 25%(Reading database ... 30%(Reading database ... 35%(Reading database ... 40%(Reading database ... 45%(Reading database ... 50%(Reading database ... 55%(Reading database ... 60%(Reading database ... 65%(Reading database ... 70%(Reading database ... 75%(Reading database ... 80%(Reading database ... 85%(Reading database ... 90%(Reading database ... 95%(Reading database ... 100%(Reading database ... 15650 files and directories currently installed.)
#8 333.4 Preparing to unpack .../00-cron_3.0pl1-197_amd64.deb ...
#8 333.4 Unpacking cron (3.0pl1-197) ...
#8 333.9 Selecting previously unselected package libdbus-1-3:amd64.
#8 333.9 Preparing to unpack .../01-libdbus-1-3_1.16.2-2_amd64.deb ...
#8 333.9 Unpacking libdbus-1-3:amd64 (1.16.2-2) ...
#8 334.6 Selecting previously unselected package dbus-bin.
#8 334.6 Preparing to unpack .../02-dbus-bin_1.16.2-2_amd64.deb ...
#8 334.7 Unpacking dbus-bin (1.16.2-2) ...
#8 336.1 Selecting previously unselected package dbus-session-bus-common.
#8 336.1 Preparing to unpack .../03-dbus-session-bus-common_1.16.2-2_all.deb ...
#8 336.3 Unpacking dbus-session-bus-common (1.16.2-2) ...
#8 336.7 Selecting previously unselected package libexpat1:amd64.
#8 336.7 Preparing to unpack .../04-libexpat1_2.8.3-1~deb13u1_amd64.deb ...
#8 336.7 Unpacking libexpat1:amd64 (2.8.3-1~deb13u1) ...
#8 336.9 Selecting previously unselected package dbus-daemon.
#8 336.9 Preparing to unpack .../05-dbus-daemon_1.16.2-2_amd64.deb ...
#8 336.9 Unpacking dbus-daemon (1.16.2-2) ...
#8 337.1 Selecting previously unselected package dbus-system-bus-common.
#8 337.1 Preparing to unpack .../06-dbus-system-bus-common_1.16.2-2_all.deb ...
#8 337.2 Unpacking dbus-system-bus-common (1.16.2-2) ...
#8 337.4 Selecting previously unselected package dbus.
#8 337.4 Preparing to unpack .../07-dbus_1.16.2-2_amd64.deb ...
#8 337.4 Unpacking dbus (1.16.2-2) ...
#8 337.6 Selecting previously unselected package imagemagick-7-common.
#8 337.6 Preparing to unpack .../08-imagemagick-7-common_8%3a7.1.1.43+dfsg1-1+deb13u11_all.deb ...
#8 337.6 Unpacking imagemagick-7-common (8:7.1.1.43+dfsg1-1+deb13u11) ...
#8 337.7 Selecting previously unselected package libmagickcore-7-headers.
#8 337.7 Preparing to unpack .../09-libmagickcore-7-headers_8%3a7.1.1.43+dfsg1-1+deb13u11_all.deb ...
#8 337.8 Unpacking libmagickcore-7-headers (8:7.1.1.43+dfsg1-1+deb13u11) ...
#8 337.9 Selecting previously unselected package libmagickcore-7-arch-config:amd64.
#8 337.9 Preparing to unpack .../10-libmagickcore-7-arch-config_8%3a7.1.1.43+dfsg1-1+deb13u11_amd64.deb ...
#8 337.9 Unpacking libmagickcore-7-arch-config:amd64 (8:7.1.1.43+dfsg1-1+deb13u11) ...
#8 338.1 Selecting previously unselected package libfftw3-double3:amd64.
#8 338.1 Preparing to unpack .../11-libfftw3-double3_3.3.10-2+b1_amd64.deb ...
#8 338.1 Unpacking libfftw3-double3:amd64 (3.3.10-2+b1) ...
#8 338.4 Selecting previously unselected package libpng16-16t64:amd64.
#8 338.4 Preparing to unpack .../12-libpng16-16t64_1.6.48-1+deb13u5_amd64.deb ...
#8 338.4 Unpacking libpng16-16t64:amd64 (1.6.48-1+deb13u5) ...
#8 338.6 Selecting previously unselected package libfreetype6:amd64.
#8 338.7 Preparing to unpack .../13-libfreetype6_2.13.3+dfsg-1+deb13u1_amd64.deb ...
#8 338.7 Unpacking libfreetype6:amd64 (2.13.3+dfsg-1+deb13u1) ...
#8 339.0 Selecting previously unselected package fonts-dejavu-mono.
#8 339.0 Preparing to unpack .../14-fonts-dejavu-mono_2.37-8_all.deb ...
#8 339.0 Unpacking fonts-dejavu-mono (2.37-8) ...
#8 339.3 Selecting previously unselected package fonts-dejavu-core.
#8 339.3 Preparing to unpack .../15-fonts-dejavu-core_2.37-8_all.deb ...
#8 339.5 Unpacking fonts-dejavu-core (2.37-8) ...
#8 339.7 Selecting previously unselected package libfontenc1:amd64.
#8 339.7 Preparing to unpack .../16-libfontenc1_1%3a1.1.8-1+b2_amd64.deb ...
#8 339.7 Unpacking libfontenc1:amd64 (1:1.1.8-1+b2) ...
#8 339.9 Selecting previously unselected package x11-common.
#8 339.9 Preparing to unpack .../17-x11-common_1%3a7.7+24+deb13u1_all.deb ...
#8 339.9 Unpacking x11-common (1:7.7+24+deb13u1) ...
#8 340.0 Selecting previously unselected package xfonts-encodings.
#8 340.0 Preparing to unpack .../18-xfonts-encodings_1%3a1.0.4-2.2_all.deb ...
#8 340.1 Unpacking xfonts-encodings (1:1.0.4-2.2) ...
#8 340.2 Selecting previously unselected package xfonts-utils.
#8 340.2 Preparing to unpack .../19-xfonts-utils_1%3a7.7+7_amd64.deb ...
#8 340.2 Unpacking xfonts-utils (1:7.7+7) ...
#8 340.4 Selecting previously unselected package fonts-urw-base35.
#8 340.4 Preparing to unpack .../20-fonts-urw-base35_20200910-8_all.deb ...
#8 340.7 Unpacking fonts-urw-base35 (20200910-8) ...
#8 341.6 Selecting previously unselected package fontconfig-config.
#8 341.6 Preparing to unpack .../21-fontconfig-config_2.15.0-2.3_amd64.deb ...
#8 341.6 Unpacking fontconfig-config (2.15.0-2.3) ...
#8 341.8 Selecting previously unselected package libfontconfig1:amd64.
#8 341.8 Preparing to unpack .../22-libfontconfig1_2.15.0-2.3_amd64.deb ...
#8 341.8 Unpacking libfontconfig1:amd64 (2.15.0-2.3) ...
#8 342.0 Selecting previously unselected package libsharpyuv0:amd64.
#8 342.0 Preparing to unpack .../23-libsharpyuv0_1.5.0-0.1_amd64.deb ...
#8 342.1 Unpacking libsharpyuv0:amd64 (1.5.0-0.1) ...
#8 342.2 Selecting previously unselected package libdav1d7:amd64.
#8 342.2 Preparing to unpack .../24-libdav1d7_1.5.1-1_amd64.deb ...
#8 342.2 Unpacking libdav1d7:amd64 (1.5.1-1) ...
#8 342.3 Selecting previously unselected package libheif-plugin-dav1d:amd64.
#8 342.3 Preparing to unpack .../25-libheif-plugin-dav1d_1.19.8-1+deb13u1_amd64.deb ...
#8 342.4 Unpacking libheif-plugin-dav1d:amd64 (1.19.8-1+deb13u1) ...
#8 342.5 Selecting previously unselected package libde265-0:amd64.
#8 342.5 Preparing to unpack .../26-libde265-0_1.0.15-1+deb13u1_amd64.deb ...
#8 342.5 Unpacking libde265-0:amd64 (1.0.15-1+deb13u1) ...
#8 342.6 Selecting previously unselected package libheif-plugin-libde265:amd64.
#8 342.6 Preparing to unpack .../27-libheif-plugin-libde265_1.19.8-1+deb13u1_amd64.deb ...
#8 342.6 Unpacking libheif-plugin-libde265:amd64 (1.19.8-1+deb13u1) ...
#8 342.7 Selecting previously unselected package libheif1:amd64.
#8 342.7 Preparing to unpack .../28-libheif1_1.19.8-1+deb13u1_amd64.deb ...
#8 342.7 Unpacking libheif1:amd64 (1.19.8-1+deb13u1) ...
#8 342.9 Selecting previously unselected package libjbig0:amd64.
#8 342.9 Preparing to unpack .../29-libjbig0_2.1-6.1+b2_amd64.deb ...
#8 342.9 Unpacking libjbig0:amd64 (2.1-6.1+b2) ...
#8 343.0 Selecting previously unselected package libjpeg62-turbo:amd64.
#8 343.0 Preparing to unpack .../30-libjpeg62-turbo_1%3a2.1.5-4_amd64.deb ...
#8 343.0 Unpacking libjpeg62-turbo:amd64 (1:2.1.5-4) ...
#8 343.2 Selecting previously unselected package liblcms2-2:amd64.
#8 343.2 Preparing to unpack .../31-liblcms2-2_2.16-2+deb13u2_amd64.deb ...
#8 343.2 Unpacking liblcms2-2:amd64 (2.16-2+deb13u2) ...
#8 343.4 Selecting previously unselected package libglib2.0-0t64:amd64.
#8 343.4 Preparing to unpack .../32-libglib2.0-0t64_2.84.4-3~deb13u3_amd64.deb ...
#8 343.4 Unpacking libglib2.0-0t64:amd64 (2.84.4-3~deb13u3) ...
#8 343.7 Selecting previously unselected package liblqr-1-0:amd64.
#8 343.7 Preparing to unpack .../33-liblqr-1-0_0.4.2-2.1+b2_amd64.deb ...
#8 343.7 Unpacking liblqr-1-0:amd64 (0.4.2-2.1+b2) ...
#8 343.8 Selecting previously unselected package libltdl7:amd64.
#8 343.8 Preparing to unpack .../34-libltdl7_2.5.4-4_amd64.deb ...
#8 343.8 Unpacking libltdl7:amd64 (2.5.4-4) ...
#8 343.9 Preparing to unpack .../35-liblzma5_5.8.1-1+deb13u1_amd64.deb ...
#8 344.0 Unpacking liblzma5:amd64 (5.8.1-1+deb13u1) over (5.8.1-1) ...
#8 344.2 Setting up liblzma5:amd64 (5.8.1-1+deb13u1) ...
#8 344.3 Selecting previously unselected package libopenjp2-7:amd64.
#8 344.3 (Reading database ... (Reading database ... 5%(Reading database ... 10%(Reading database ... 15%(Reading database ... 20%(Reading database ... 25%(Reading database ... 30%(Reading database ... 35%(Reading database ... 40%(Reading database ... 45%(Reading database ... 50%(Reading database ... 55%(Reading database ... 60%(Reading database ... 65%(Reading database ... 70%(Reading database ... 75%(Reading database ... 80%(Reading database ... 85%(Reading database ... 90%(Reading database ... 95%(Reading database ... 100%(Reading database ... 16486 files and directories currently installed.)
#8 344.4 Preparing to unpack .../00-libopenjp2-7_2.5.3-2.1~deb13u2_amd64.deb ...
#8 344.4 Unpacking libopenjp2-7:amd64 (2.5.3-2.1~deb13u2) ...
#8 344.5 Selecting previously unselected package libraw23t64:amd64.
#8 344.5 Preparing to unpack .../01-libraw23t64_0.21.4-2_amd64.deb ...
#8 344.5 Unpacking libraw23t64:amd64 (0.21.4-2) ...
#8 344.8 Selecting previously unselected package libdeflate0:amd64.
#8 344.8 Preparing to unpack .../02-libdeflate0_1.23-2_amd64.deb ...
#8 344.8 Unpacking libdeflate0:amd64 (1.23-2) ...
#8 344.9 Selecting previously unselected package liblerc4:amd64.
#8 344.9 Preparing to unpack .../03-liblerc4_4.0.0+ds-5_amd64.deb ...
#8 344.9 Unpacking liblerc4:amd64 (4.0.0+ds-5) ...
#8 345.0 Selecting previously unselected package libwebp7:amd64.
#8 345.1 Preparing to unpack .../04-libwebp7_1.5.0-0.1_amd64.deb ...
#8 345.1 Unpacking libwebp7:amd64 (1.5.0-0.1) ...
#8 345.3 Selecting previously unselected package libtiff6:amd64.
#8 345.3 Preparing to unpack .../05-libtiff6_4.7.0-3+deb13u3_amd64.deb ...
#8 345.3 Unpacking libtiff6:amd64 (4.7.0-3+deb13u3) ...
#8 345.5 Selecting previously unselected package libwebpdemux2:amd64.
#8 345.5 Preparing to unpack .../06-libwebpdemux2_1.5.0-0.1_amd64.deb ...
#8 345.5 Unpacking libwebpdemux2:amd64 (1.5.0-0.1) ...
#8 345.7 Selecting previously unselected package libwebpmux3:amd64.
#8 345.7 Preparing to unpack .../07-libwebpmux3_1.5.0-0.1_amd64.deb ...
#8 345.7 Unpacking libwebpmux3:amd64 (1.5.0-0.1) ...
#8 345.9 Selecting previously unselected package libxau6:amd64.
#8 345.9 Preparing to unpack .../08-libxau6_1%3a1.0.11-1_amd64.deb ...
#8 345.9 Unpacking libxau6:amd64 (1:1.0.11-1) ...
#8 346.1 Selecting previously unselected package libxdmcp6:amd64.
#8 346.1 Preparing to unpack .../09-libxdmcp6_1%3a1.1.5-1_amd64.deb ...
#8 346.2 Unpacking libxdmcp6:amd64 (1:1.1.5-1) ...
#8 346.5 Selecting previously unselected package libxcb1:amd64.
#8 346.5 Preparing to unpack .../10-libxcb1_1.17.0-2+b1_amd64.deb ...
#8 346.5 Unpacking libxcb1:amd64 (1.17.0-2+b1) ...
#8 346.6 Selecting previously unselected package libx11-data.
#8 346.6 Preparing to unpack .../11-libx11-data_2%3a1.8.12-1_all.deb ...
#8 346.6 Unpacking libx11-data (2:1.8.12-1) ...
#8 346.9 Selecting previously unselected package libx11-6:amd64.
#8 346.9 Preparing to unpack .../12-libx11-6_2%3a1.8.12-1_amd64.deb ...
#8 346.9 Unpacking libx11-6:amd64 (2:1.8.12-1) ...
#8 347.1 Selecting previously unselected package libxext6:amd64.
#8 347.1 Preparing to unpack .../13-libxext6_2%3a1.3.4-1+b3_amd64.deb ...
#8 347.1 Unpacking libxext6:amd64 (2:1.3.4-1+b3) ...
#8 347.3 Preparing to unpack .../14-libxml2_2.12.7+dfsg+really2.9.14-2.1+deb13u3_amd64.deb ...
#8 347.3 Unpacking libxml2:amd64 (2.12.7+dfsg+really2.9.14-2.1+deb13u3) over (2.12.7+dfsg+really2.9.14-2.1+deb13u2) ...
#8 347.6 Selecting previously unselected package libmagickcore-7.q16-10:amd64.
#8 347.6 Preparing to unpack .../15-libmagickcore-7.q16-10_8%3a7.1.1.43+dfsg1-1+deb13u11_amd64.deb ...
#8 347.6 Unpacking libmagickcore-7.q16-10:amd64 (8:7.1.1.43+dfsg1-1+deb13u11) ...
#8 348.1 Selecting previously unselected package libpixman-1-0:amd64.
#8 348.1 Preparing to unpack .../16-libpixman-1-0_0.44.0-3_amd64.deb ...
#8 348.1 Unpacking libpixman-1-0:amd64 (0.44.0-3) ...
#8 348.3 Selecting previously unselected package libxcb-render0:amd64.
#8 348.3 Preparing to unpack .../17-libxcb-render0_1.17.0-2+b1_amd64.deb ...
#8 348.4 Unpacking libxcb-render0:amd64 (1.17.0-2+b1) ...
#8 348.7 Selecting previously unselected package libxcb-shm0:amd64.
#8 348.7 Preparing to unpack .../18-libxcb-shm0_1.17.0-2+b1_amd64.deb ...
#8 348.7 Unpacking libxcb-shm0:amd64 (1.17.0-2+b1) ...
#8 349.0 Selecting previously unselected package libxrender1:amd64.
#8 349.0 Preparing to unpack .../19-libxrender1_1%3a0.9.12-1_amd64.deb ...
#8 349.1 Unpacking libxrender1:amd64 (1:0.9.12-1) ...
#8 349.2 Selecting previously unselected package libcairo2:amd64.
#8 349.2 Preparing to unpack .../20-libcairo2_1.18.4-1+b1_amd64.deb ...
#8 349.2 Unpacking libcairo2:amd64 (1.18.4-1+b1) ...
#8 349.4 Selecting previously unselected package libdjvulibre-text.
#8 349.4 Preparing to unpack .../21-libdjvulibre-text_3.5.28-2.2_all.deb ...
#8 349.4 Unpacking libdjvulibre-text (3.5.28-2.2) ...
#8 349.6 Selecting previously unselected package libdjvulibre21:amd64.
#8 349.6 Preparing to unpack .../22-libdjvulibre21_3.5.28-2.2_amd64.deb ...
#8 349.7 Unpacking libdjvulibre21:amd64 (3.5.28-2.2) ...
#8 349.9 Selecting previously unselected package libmagickwand-7.q16-10:amd64.
#8 349.9 Preparing to unpack .../23-libmagickwand-7.q16-10_8%3a7.1.1.43+dfsg1-1+deb13u11_amd64.deb ...
#8 349.9 Unpacking libmagickwand-7.q16-10:amd64 (8:7.1.1.43+dfsg1-1+deb13u11) ...
#8 350.1 Selecting previously unselected package libimath-3-1-29t64:amd64.
#8 350.1 Preparing to unpack .../24-libimath-3-1-29t64_3.1.12-1+b3_amd64.deb ...
#8 350.1 Unpacking libimath-3-1-29t64:amd64 (3.1.12-1+b3) ...
#8 350.3 Selecting previously unselected package libopenexr-3-1-30:amd64.
#8 350.3 Preparing to unpack .../25-libopenexr-3-1-30_3.1.13-2_amd64.deb ...
#8 350.3 Unpacking libopenexr-3-1-30:amd64 (3.1.13-2) ...
#8 350.7 Selecting previously unselected package fontconfig.
#8 350.7 Preparing to unpack .../26-fontconfig_2.15.0-2.3_amd64.deb ...
#8 350.7 Unpacking fontconfig (2.15.0-2.3) ...
#8 350.9 Selecting previously unselected package libfribidi0:amd64.
#8 350.9 Preparing to unpack .../27-libfribidi0_1.0.16-1_amd64.deb ...
#8 350.9 Unpacking libfribidi0:amd64 (1.0.16-1) ...
#8 351.0 Selecting previously unselected package libgraphite2-3:amd64.
#8 351.0 Preparing to unpack .../28-libgraphite2-3_1.3.14-2+deb13u1_amd64.deb ...
#8 351.0 Unpacking libgraphite2-3:amd64 (1.3.14-2+deb13u1) ...
#8 351.2 Selecting previously unselected package libharfbuzz0b:amd64.
#8 351.2 Preparing to unpack .../29-libharfbuzz0b_10.2.0-1+deb13u1_amd64.deb ...
#8 351.2 Unpacking libharfbuzz0b:amd64 (10.2.0-1+deb13u1) ...
#8 351.4 Selecting previously unselected package libthai-data.
#8 351.4 Preparing to unpack .../30-libthai-data_0.1.29-2_all.deb ...
#8 351.4 Unpacking libthai-data (0.1.29-2) ...
#8 351.5 Selecting previously unselected package libdatrie1:amd64.
#8 351.5 Preparing to unpack .../31-libdatrie1_0.2.13-3+b1_amd64.deb ...
#8 351.5 Unpacking libdatrie1:amd64 (0.2.13-3+b1) ...
#8 351.6 Selecting previously unselected package libthai0:amd64.
#8 351.7 Preparing to unpack .../32-libthai0_0.1.29-2+b1_amd64.deb ...
#8 351.7 Unpacking libthai0:amd64 (0.1.29-2+b1) ...
#8 351.7 Selecting previously unselected package libpango-1.0-0:amd64.
#8 351.8 Preparing to unpack .../33-libpango-1.0-0_1.56.3-1_amd64.deb ...
#8 351.8 Unpacking libpango-1.0-0:amd64 (1.56.3-1) ...
#8 352.0 Selecting previously unselected package libpangoft2-1.0-0:amd64.
#8 352.0 Preparing to unpack .../34-libpangoft2-1.0-0_1.56.3-1_amd64.deb ...
#8 352.0 Unpacking libpangoft2-1.0-0:amd64 (1.56.3-1) ...
#8 352.2 Selecting previously unselected package libpangocairo-1.0-0:amd64.
#8 352.2 Preparing to unpack .../35-libpangocairo-1.0-0_1.56.3-1_amd64.deb ...
#8 352.2 Unpacking libpangocairo-1.0-0:amd64 (1.56.3-1) ...
#8 352.3 Selecting previously unselected package libwmflite-0.2-7:amd64.
#8 352.3 Preparing to unpack .../36-libwmflite-0.2-7_0.2.13-1.1+b3_amd64.deb ...
#8 352.4 Unpacking libwmflite-0.2-7:amd64 (0.2.13-1.1+b3) ...
#8 352.5 Selecting previously unselected package libmagickcore-7.q16-10-extra:amd64.
#8 352.5 Preparing to unpack .../37-libmagickcore-7.q16-10-extra_8%3a7.1.1.43+dfsg1-1+deb13u11_amd64.deb ...
#8 352.5 Unpacking libmagickcore-7.q16-10-extra:amd64 (8:7.1.1.43+dfsg1-1+deb13u11) ...
#8 352.7 Selecting previously unselected package libbz2-dev:amd64.
#8 352.7 Preparing to unpack .../38-libbz2-dev_1.0.8-6_amd64.deb ...
#8 352.7 Unpacking libbz2-dev:amd64 (1.0.8-6) ...
#8 352.8 Selecting previously unselected package libjpeg62-turbo-dev:amd64.
#8 352.8 Preparing to unpack .../39-libjpeg62-turbo-dev_1%3a2.1.5-4_amd64.deb ...
#8 352.9 Unpacking libjpeg62-turbo-dev:amd64 (1:2.1.5-4) ...
#8 353.0 Selecting previously unselected package libjpeg-dev:amd64.
#8 353.0 Preparing to unpack .../40-libjpeg-dev_1%3a2.1.5-4_amd64.deb ...
#8 353.0 Unpacking libjpeg-dev:amd64 (1:2.1.5-4) ...
#8 353.3 Selecting previously unselected package libdjvulibre-dev:amd64.
#8 353.3 Preparing to unpack .../41-libdjvulibre-dev_3.5.28-2.2_amd64.deb ...
#8 353.3 Unpacking libdjvulibre-dev:amd64 (3.5.28-2.2) ...
#8 353.7 Selecting previously unselected package libexif12:amd64.
#8 353.7 Preparing to unpack .../42-libexif12_0.6.25-1+deb13u1_amd64.deb ...
#8 353.7 Unpacking libexif12:amd64 (0.6.25-1+deb13u1) ...
#8 353.9 Selecting previously unselected package libexif-dev:amd64.
#8 353.9 Preparing to unpack .../43-libexif-dev_0.6.25-1+deb13u1_amd64.deb ...
#8 353.9 Unpacking libexif-dev:amd64 (0.6.25-1+deb13u1) ...
#8 354.1 Selecting previously unselected package libbrotli-dev:amd64.
#8 354.1 Preparing to unpack .../44-libbrotli-dev_1.1.0-2+b7_amd64.deb ...
#8 354.1 Unpacking libbrotli-dev:amd64 (1.1.0-2+b7) ...
#8 354.2 Selecting previously unselected package zlib1g-dev:amd64.
#8 354.2 Preparing to unpack .../45-zlib1g-dev_1%3a1.3.dfsg+really1.3.1-1+b1_amd64.deb ...
#8 354.2 Unpacking zlib1g-dev:amd64 (1:1.3.dfsg+really1.3.1-1+b1) ...
#8 354.4 Selecting previously unselected package libpng-dev:amd64.
#8 354.4 Preparing to unpack .../46-libpng-dev_1.6.48-1+deb13u5_amd64.deb ...
#8 354.4 Unpacking libpng-dev:amd64 (1.6.48-1+deb13u5) ...
#8 354.5 Selecting previously unselected package libfreetype-dev:amd64.
#8 354.5 Preparing to unpack .../47-libfreetype-dev_2.13.3+dfsg-1+deb13u1_amd64.deb ...
#8 354.5 Unpacking libfreetype-dev:amd64 (2.13.3+dfsg-1+deb13u1) ...
#8 354.8 Selecting previously unselected package libopenjp2-7-dev:amd64.
#8 354.8 Preparing to unpack .../48-libopenjp2-7-dev_2.5.3-2.1~deb13u2_amd64.deb ...
#8 354.8 Unpacking libopenjp2-7-dev:amd64 (2.5.3-2.1~deb13u2) ...
#8 355.0 Selecting previously unselected package liblcms2-dev:amd64.
#8 355.0 Preparing to unpack .../49-liblcms2-dev_2.16-2+deb13u2_amd64.deb ...
#8 355.0 Unpacking liblcms2-dev:amd64 (2.16-2+deb13u2) ...
#8 355.1 Selecting previously unselected package liblqr-1-0-dev:amd64.
#8 355.1 Preparing to unpack .../50-liblqr-1-0-dev_0.4.2-2.1+b2_amd64.deb ...
#8 355.1 Unpacking liblqr-1-0-dev:amd64 (0.4.2-2.1+b2) ...
#8 355.2 Selecting previously unselected package autotools-dev.
#8 355.3 Preparing to unpack .../51-autotools-dev_20240727.1_all.deb ...
#8 355.3 Unpacking autotools-dev (20240727.1) ...
#8 355.4 Selecting previously unselected package automake.
#8 355.4 Preparing to unpack .../52-automake_1%3a1.17-4_all.deb ...
#8 355.4 Unpacking automake (1:1.17-4) ...
#8 355.6 Selecting previously unselected package libltdl-dev:amd64.
#8 355.6 Preparing to unpack .../53-libltdl-dev_2.5.4-4_amd64.deb ...
#8 355.6 Unpacking libltdl-dev:amd64 (2.5.4-4) ...
#8 355.7 Selecting previously unselected package libimath-dev:amd64.
#8 355.7 Preparing to unpack .../54-libimath-dev_3.1.12-1+b3_amd64.deb ...
#8 355.7 Unpacking libimath-dev:amd64 (3.1.12-1+b3) ...
#8 355.8 Selecting previously unselected package libopenexr-dev.
#8 355.9 Preparing to unpack .../55-libopenexr-dev_3.1.13-2_amd64.deb ...
#8 355.9 Unpacking libopenexr-dev (3.1.13-2) ...
#8 356.0 Selecting previously unselected package gir1.2-glib-2.0:amd64.
#8 356.0 Preparing to unpack .../56-gir1.2-glib-2.0_2.84.4-3~deb13u3_amd64.deb ...
#8 356.0 Unpacking gir1.2-glib-2.0:amd64 (2.84.4-3~deb13u3) ...
#8 356.2 Selecting previously unselected package libcairo-gobject2:amd64.
#8 356.2 Preparing to unpack .../57-libcairo-gobject2_1.18.4-1+b1_amd64.deb ...
#8 356.3 Unpacking libcairo-gobject2:amd64 (1.18.4-1+b1) ...
#8 356.4 Selecting previously unselected package gir1.2-freedesktop:amd64.
#8 356.4 Preparing to unpack .../58-gir1.2-freedesktop_1.84.0-1_amd64.deb ...
#8 356.4 Unpacking gir1.2-freedesktop:amd64 (1.84.0-1) ...
#8 356.5 Selecting previously unselected package libgdk-pixbuf2.0-common.
#8 356.5 Preparing to unpack .../59-libgdk-pixbuf2.0-common_2.42.12+dfsg-4+deb13u1_all.deb ...
#8 356.6 Unpacking libgdk-pixbuf2.0-common (2.42.12+dfsg-4+deb13u1) ...
#8 356.7 Selecting previously unselected package shared-mime-info.
#8 356.7 Preparing to unpack .../60-shared-mime-info_2.4-5+b2_amd64.deb ...
#8 356.7 Unpacking shared-mime-info (2.4-5+b2) ...
#8 357.1 Selecting previously unselected package libgdk-pixbuf-2.0-0:amd64.
#8 357.1 Preparing to unpack .../61-libgdk-pixbuf-2.0-0_2.42.12+dfsg-4+deb13u1_amd64.deb ...
#8 357.1 Unpacking libgdk-pixbuf-2.0-0:amd64 (2.42.12+dfsg-4+deb13u1) ...
#8 357.3 Selecting previously unselected package gir1.2-gdkpixbuf-2.0:amd64.
#8 357.3 Preparing to unpack .../62-gir1.2-gdkpixbuf-2.0_2.42.12+dfsg-4+deb13u1_amd64.deb ...
#8 357.3 Unpacking gir1.2-gdkpixbuf-2.0:amd64 (2.42.12+dfsg-4+deb13u1) ...
#8 357.6 Selecting previously unselected package librsvg2-2:amd64.
#8 357.6 Preparing to unpack .../63-librsvg2-2_2.60.0+dfsg-1_amd64.deb ...
#8 357.6 Unpacking librsvg2-2:amd64 (2.60.0+dfsg-1) ...
#8 358.1 Selecting previously unselected package gir1.2-rsvg-2.0:amd64.
#8 358.1 Preparing to unpack .../64-gir1.2-rsvg-2.0_2.60.0+dfsg-1_amd64.deb ...
#8 358.1 Unpacking gir1.2-rsvg-2.0:amd64 (2.60.0+dfsg-1) ...
#8 358.3 Selecting previously unselected package liblzo2-2:amd64.
#8 358.3 Preparing to unpack .../65-liblzo2-2_2.10-3+b1_amd64.deb ...
#8 358.4 Unpacking liblzo2-2:amd64 (2.10-3+b1) ...
#8 358.5 Selecting previously unselected package libcairo-script-interpreter2:amd64.
#8 358.5 Preparing to unpack .../66-libcairo-script-interpreter2_1.18.4-1+b1_amd64.deb ...
#8 358.6 Unpacking libcairo-script-interpreter2:amd64 (1.18.4-1+b1) ...
#8 358.9 Selecting previously unselected package libexpat1-dev:amd64.
#8 358.9 Preparing to unpack .../67-libexpat1-dev_2.8.3-1~deb13u1_amd64.deb ...
#8 358.9 Unpacking libexpat1-dev:amd64 (2.8.3-1~deb13u1) ...
#8 359.3 Selecting previously unselected package uuid-dev:amd64.
#8 359.3 Preparing to unpack .../68-uuid-dev_2.41.5-0+deb13u1_amd64.deb ...
#8 359.3 Unpacking uuid-dev:amd64 (2.41.5-0+deb13u1) ...
#8 359.5 Selecting previously unselected package libfontconfig-dev:amd64.
#8 359.5 Preparing to unpack .../69-libfontconfig-dev_2.15.0-2.3_amd64.deb ...
#8 359.5 Unpacking libfontconfig-dev:amd64 (2.15.0-2.3) ...
#8 359.7 Selecting previously unselected package native-architecture.
#8 359.7 Preparing to unpack .../70-native-architecture_0.2.6_all.deb ...
#8 359.7 Unpacking native-architecture (0.2.6) ...
#8 359.9 Selecting previously unselected package libgirepository-2.0-0:amd64.
#8 359.9 Preparing to unpack .../71-libgirepository-2.0-0_2.84.4-3~deb13u3_amd64.deb ...
#8 359.9 Unpacking libgirepository-2.0-0:amd64 (2.84.4-3~deb13u3) ...
#8 360.0 Selecting previously unselected package girepository-tools:amd64.
#8 360.0 Preparing to unpack .../72-girepository-tools_2.84.4-3~deb13u3_amd64.deb ...
#8 360.0 Unpacking girepository-tools:amd64 (2.84.4-3~deb13u3) ...
#8 360.2 Selecting previously unselected package libffi-dev:amd64.
#8 360.2 Preparing to unpack .../73-libffi-dev_3.4.8-2_amd64.deb ...
#8 360.2 Unpacking libffi-dev:amd64 (3.4.8-2) ...
#8 360.3 Selecting previously unselected package libblkid-dev:amd64.
#8 360.3 Preparing to unpack .../74-libblkid-dev_2.41.5-0+deb13u1_amd64.deb ...
#8 360.3 Unpacking libblkid-dev:amd64 (2.41.5-0+deb13u1) ...
#8 360.4 Selecting previously unselected package libsepol-dev:amd64.
#8 360.4 Preparing to unpack .../75-libsepol-dev_3.8.1-1_amd64.deb ...
#8 360.5 Unpacking libsepol-dev:amd64 (3.8.1-1) ...
#8 360.7 Selecting previously unselected package libpcre2-16-0:amd64.
#8 360.7 Preparing to unpack .../76-libpcre2-16-0_10.46-1~deb13u1_amd64.deb ...
#8 360.7 Unpacking libpcre2-16-0:amd64 (10.46-1~deb13u1) ...
#8 361.0 Selecting previously unselected package libpcre2-32-0:amd64.
#8 361.0 Preparing to unpack .../77-libpcre2-32-0_10.46-1~deb13u1_amd64.deb ...
#8 361.0 Unpacking libpcre2-32-0:amd64 (10.46-1~deb13u1) ...
#8 361.3 Selecting previously unselected package libpcre2-posix3:amd64.
#8 361.3 Preparing to unpack .../78-libpcre2-posix3_10.46-1~deb13u1_amd64.deb ...
#8 361.3 Unpacking libpcre2-posix3:amd64 (10.46-1~deb13u1) ...
#8 361.4 Selecting previously unselected package libpcre2-dev:amd64.
#8 361.4 Preparing to unpack .../79-libpcre2-dev_10.46-1~deb13u1_amd64.deb ...
#8 361.4 Unpacking libpcre2-dev:amd64 (10.46-1~deb13u1) ...
#8 361.7 Selecting previously unselected package libselinux1-dev:amd64.
#8 361.7 Preparing to unpack .../80-libselinux1-dev_3.8.1-1_amd64.deb ...
#8 361.7 Unpacking libselinux1-dev:amd64 (3.8.1-1) ...
#8 361.8 Selecting previously unselected package libmount-dev:amd64.
#8 361.8 Preparing to unpack .../81-libmount-dev_2.41.5-0+deb13u1_amd64.deb ...
#8 361.8 Unpacking libmount-dev:amd64 (2.41.5-0+deb13u1) ...
#8 362.0 Selecting previously unselected package libsysprof-capture-4-dev:amd64.
#8 362.0 Preparing to unpack .../82-libsysprof-capture-4-dev_48.0-2_amd64.deb ...
#8 362.0 Unpacking libsysprof-capture-4-dev:amd64 (48.0-2) ...
#8 362.2 Selecting previously unselected package libgio-2.0-dev:amd64.
#8 362.2 Preparing to unpack .../83-libgio-2.0-dev_2.84.4-3~deb13u3_amd64.deb ...
#8 362.2 Unpacking libgio-2.0-dev:amd64 (2.84.4-3~deb13u3) ...
#8 362.8 Selecting previously unselected package libglib2.0-data.
#8 362.8 Preparing to unpack .../84-libglib2.0-data_2.84.4-3~deb13u3_all.deb ...
#8 362.8 Unpacking libglib2.0-data (2.84.4-3~deb13u3) ...
#8 363.1 Selecting previously unselected package libelf1t64:amd64.
#8 363.1 Preparing to unpack .../85-libelf1t64_0.192-4_amd64.deb ...
#8 363.1 Unpacking libelf1t64:amd64 (0.192-4) ...
#8 363.3 Selecting previously unselected package libglib2.0-bin.
#8 363.3 Preparing to unpack .../86-libglib2.0-bin_2.84.4-3~deb13u3_amd64.deb ...
#8 363.3 Unpacking libglib2.0-bin (2.84.4-3~deb13u3) ...
#8 363.5 Selecting previously unselected package libpython3.13-minimal:amd64.
#8 363.5 Preparing to unpack .../87-libpython3.13-minimal_3.13.5-2+deb13u4_amd64.deb ...
#8 363.7 Unpacking libpython3.13-minimal:amd64 (3.13.5-2+deb13u4) ...
#8 364.2 Selecting previously unselected package python3.13-minimal.
#8 364.2 Preparing to unpack .../88-python3.13-minimal_3.13.5-2+deb13u4_amd64.deb ...
#8 364.3 Unpacking python3.13-minimal (3.13.5-2+deb13u4) ...
#8 364.8 Setting up libpython3.13-minimal:amd64 (3.13.5-2+deb13u4) ...
#8 364.8 Setting up libexpat1:amd64 (2.8.3-1~deb13u1) ...
#8 364.9 Setting up python3.13-minimal (3.13.5-2+deb13u4) ...
#8 367.0 Selecting previously unselected package python3-minimal.
#8 367.0 (Reading database ... (Reading database ... 5%(Reading database ... 10%(Reading database ... 15%(Reading database ... 20%(Reading database ... 25%(Reading database ... 30%(Reading database ... 35%(Reading database ... 40%(Reading database ... 45%(Reading database ... 50%(Reading database ... 55%(Reading database ... 60%(Reading database ... 65%(Reading database ... 70%(Reading database ... 75%(Reading database ... 80%(Reading database ... 85%(Reading database ... 90%(Reading database ... 95%(Reading database ... 100%(Reading database ... 19940 files and directories currently installed.)
#8 367.1 Preparing to unpack .../0-python3-minimal_3.13.5-1_amd64.deb ...
#8 367.1 Unpacking python3-minimal (3.13.5-1) ...
#8 367.2 Selecting previously unselected package media-types.
#8 367.3 Preparing to unpack .../1-media-types_13.0.0_all.deb ...
#8 367.3 Unpacking media-types (13.0.0) ...
#8 367.4 Selecting previously unselected package netbase.
#8 367.4 Preparing to unpack .../2-netbase_6.5_all.deb ...
#8 367.4 Unpacking netbase (6.5) ...
#8 367.6 Selecting previously unselected package libncursesw6:amd64.
#8 367.6 Preparing to unpack .../3-libncursesw6_6.5+20250216-2_amd64.deb ...
#8 367.6 Unpacking libncursesw6:amd64 (6.5+20250216-2) ...
#8 367.7 Selecting previously unselected package libpython3.13-stdlib:amd64.
#8 367.8 Preparing to unpack .../4-libpython3.13-stdlib_3.13.5-2+deb13u4_amd64.deb ...
#8 367.8 Unpacking libpython3.13-stdlib:amd64 (3.13.5-2+deb13u4) ...
#8 368.7 Selecting previously unselected package python3.13.
#8 368.7 Preparing to unpack .../5-python3.13_3.13.5-2+deb13u4_amd64.deb ...
#8 368.8 Unpacking python3.13 (3.13.5-2+deb13u4) ...
#8 369.0 Selecting previously unselected package libpython3-stdlib:amd64.
#8 369.0 Preparing to unpack .../6-libpython3-stdlib_3.13.5-1_amd64.deb ...
#8 369.0 Unpacking libpython3-stdlib:amd64 (3.13.5-1) ...
#8 369.2 Setting up python3-minimal (3.13.5-1) ...
#8 370.0 Selecting previously unselected package python3.
#8 370.0 (Reading database ... (Reading database ... 5%(Reading database ... 10%(Reading database ... 15%(Reading database ... 20%(Reading database ... 25%(Reading database ... 30%(Reading database ... 35%(Reading database ... 40%(Reading database ... 45%(Reading database ... 50%(Reading database ... 55%(Reading database ... 60%(Reading database ... 65%(Reading database ... 70%(Reading database ... 75%(Reading database ... 80%(Reading database ... 85%(Reading database ... 90%(Reading database ... 95%(Reading database ... 100%(Reading database ... 20410 files and directories currently installed.)
#8 370.1 Preparing to unpack .../00-python3_3.13.5-1_amd64.deb ...
#8 370.1 Unpacking python3 (3.13.5-1) ...
#8 370.2 Selecting previously unselected package python3-packaging.
#8 370.2 Preparing to unpack .../01-python3-packaging_25.0-1_all.deb ...
#8 370.2 Unpacking python3-packaging (25.0-1) ...
#8 370.4 Selecting previously unselected package libgio-2.0-dev-bin.
#8 370.4 Preparing to unpack .../02-libgio-2.0-dev-bin_2.84.4-3~deb13u3_amd64.deb ...
#8 370.4 Unpacking libgio-2.0-dev-bin (2.84.4-3~deb13u3) ...
#8 370.6 Selecting previously unselected package libglib2.0-dev-bin.
#8 370.6 Preparing to unpack .../03-libglib2.0-dev-bin_2.84.4-3~deb13u3_amd64.deb ...
#8 370.6 Unpacking libglib2.0-dev-bin (2.84.4-3~deb13u3) ...
#8 370.7 Selecting previously unselected package libglib2.0-dev:amd64.
#8 370.7 Preparing to unpack .../04-libglib2.0-dev_2.84.4-3~deb13u3_amd64.deb ...
#8 370.7 Unpacking libglib2.0-dev:amd64 (2.84.4-3~deb13u3) ...
#8 370.9 Selecting previously unselected package libpixman-1-dev:amd64.
#8 370.9 Preparing to unpack .../05-libpixman-1-dev_0.44.0-3_amd64.deb ...
#8 370.9 Unpacking libpixman-1-dev:amd64 (0.44.0-3) ...
#8 371.0 Selecting previously unselected package libice6:amd64.
#8 371.0 Preparing to unpack .../06-libice6_2%3a1.1.1-1_amd64.deb ...
#8 371.0 Unpacking libice6:amd64 (2:1.1.1-1) ...
#8 371.2 Selecting previously unselected package libsm6:amd64.
#8 371.2 Preparing to unpack .../07-libsm6_2%3a1.2.6-1_amd64.deb ...
#8 371.2 Unpacking libsm6:amd64 (2:1.2.6-1) ...
#8 371.3 Selecting previously unselected package xorg-sgml-doctools.
#8 371.3 Preparing to unpack .../08-xorg-sgml-doctools_1%3a1.11-1.1_all.deb ...
#8 371.3 Unpacking xorg-sgml-doctools (1:1.11-1.1) ...
#8 371.4 Selecting previously unselected package x11proto-dev.
#8 371.4 Preparing to unpack .../09-x11proto-dev_2024.1-1_all.deb ...
#8 371.4 Unpacking x11proto-dev (2024.1-1) ...
#8 371.6 Selecting previously unselected package libice-dev:amd64.
#8 371.7 Preparing to unpack .../10-libice-dev_2%3a1.1.1-1_amd64.deb ...
#8 371.7 Unpacking libice-dev:amd64 (2:1.1.1-1) ...
#8 371.8 Selecting previously unselected package libsm-dev:amd64.
#8 371.8 Preparing to unpack .../11-libsm-dev_2%3a1.2.6-1_amd64.deb ...
#8 371.8 Unpacking libsm-dev:amd64 (2:1.2.6-1) ...
#8 371.9 Selecting previously unselected package libxau-dev:amd64.
#8 371.9 Preparing to unpack .../12-libxau-dev_1%3a1.0.11-1_amd64.deb ...
#8 371.9 Unpacking libxau-dev:amd64 (1:1.0.11-1) ...
#8 372.1 Selecting previously unselected package libxdmcp-dev:amd64.
#8 372.1 Preparing to unpack .../13-libxdmcp-dev_1%3a1.1.5-1_amd64.deb ...
#8 372.1 Unpacking libxdmcp-dev:amd64 (1:1.1.5-1) ...
#8 372.2 Selecting previously unselected package xtrans-dev.
#8 372.2 Preparing to unpack .../14-xtrans-dev_1.4.0-1_all.deb ...
#8 372.2 Unpacking xtrans-dev (1.4.0-1) ...
#8 372.3 Selecting previously unselected package libxcb1-dev:amd64.
#8 372.3 Preparing to unpack .../15-libxcb1-dev_1.17.0-2+b1_amd64.deb ...
#8 372.3 Unpacking libxcb1-dev:amd64 (1.17.0-2+b1) ...
#8 372.5 Selecting previously unselected package libx11-dev:amd64.
#8 372.5 Preparing to unpack .../16-libx11-dev_2%3a1.8.12-1_amd64.deb ...
#8 372.5 Unpacking libx11-dev:amd64 (2:1.8.12-1) ...
#8 372.7 Selecting previously unselected package libxcb-render0-dev:amd64.
#8 372.7 Preparing to unpack .../17-libxcb-render0-dev_1.17.0-2+b1_amd64.deb ...
#8 372.8 Unpacking libxcb-render0-dev:amd64 (1.17.0-2+b1) ...
#8 372.9 Selecting previously unselected package libxcb-shm0-dev:amd64.
#8 372.9 Preparing to unpack .../18-libxcb-shm0-dev_1.17.0-2+b1_amd64.deb ...
#8 372.9 Unpacking libxcb-shm0-dev:amd64 (1.17.0-2+b1) ...
#8 373.0 Selecting previously unselected package libxext-dev:amd64.
#8 373.0 Preparing to unpack .../19-libxext-dev_2%3a1.3.4-1+b3_amd64.deb ...
#8 373.1 Unpacking libxext-dev:amd64 (2:1.3.4-1+b3) ...
#8 373.2 Selecting previously unselected package libxrender-dev:amd64.
#8 373.2 Preparing to unpack .../20-libxrender-dev_1%3a0.9.12-1_amd64.deb ...
#8 373.2 Unpacking libxrender-dev:amd64 (1:0.9.12-1) ...
#8 373.3 Selecting previously unselected package libcairo2-dev:amd64.
#8 373.3 Preparing to unpack .../21-libcairo2-dev_1.18.4-1+b1_amd64.deb ...
#8 373.4 Unpacking libcairo2-dev:amd64 (1.18.4-1+b1) ...
#8 373.5 Selecting previously unselected package libgdk-pixbuf2.0-bin.
#8 373.5 Preparing to unpack .../22-libgdk-pixbuf2.0-bin_2.42.12+dfsg-4+deb13u1_amd64.deb ...
#8 373.5 Unpacking libgdk-pixbuf2.0-bin (2.42.12+dfsg-4+deb13u1) ...
#8 373.6 Selecting previously unselected package libjbig-dev:amd64.
#8 373.6 Preparing to unpack .../23-libjbig-dev_2.1-6.1+b2_amd64.deb ...
#8 373.6 Unpacking libjbig-dev:amd64 (2.1-6.1+b2) ...
#8 373.7 Selecting previously unselected package liblzma-dev:amd64.
#8 373.7 Preparing to unpack .../24-liblzma-dev_5.8.1-1+deb13u1_amd64.deb ...
#8 373.8 Unpacking liblzma-dev:amd64 (5.8.1-1+deb13u1) ...
#8 373.9 Selecting previously unselected package libzstd-dev:amd64.
#8 373.9 Preparing to unpack .../25-libzstd-dev_1.5.7+dfsg-1_amd64.deb ...
#8 373.9 Unpacking libzstd-dev:amd64 (1.5.7+dfsg-1) ...
#8 374.0 Selecting previously unselected package libwebpdecoder3:amd64.
#8 374.0 Preparing to unpack .../26-libwebpdecoder3_1.5.0-0.1_amd64.deb ...
#8 374.1 Unpacking libwebpdecoder3:amd64 (1.5.0-0.1) ...
#8 374.2 Selecting previously unselected package libsharpyuv-dev:amd64.
#8 374.2 Preparing to unpack .../27-libsharpyuv-dev_1.5.0-0.1_amd64.deb ...
#8 374.2 Unpacking libsharpyuv-dev:amd64 (1.5.0-0.1) ...
#8 374.3 Selecting previously unselected package libwebp-dev:amd64.
#8 374.3 Preparing to unpack .../28-libwebp-dev_1.5.0-0.1_amd64.deb ...
#8 374.3 Unpacking libwebp-dev:amd64 (1.5.0-0.1) ...
#8 374.5 Selecting previously unselected package libtiffxx6:amd64.
#8 374.5 Preparing to unpack .../29-libtiffxx6_4.7.0-3+deb13u3_amd64.deb ...
#8 374.5 Unpacking libtiffxx6:amd64 (4.7.0-3+deb13u3) ...
#8 374.6 Selecting previously unselected package libdeflate-dev:amd64.
#8 374.6 Preparing to unpack .../30-libdeflate-dev_1.23-2_amd64.deb ...
#8 374.6 Unpacking libdeflate-dev:amd64 (1.23-2) ...
#8 374.7 Selecting previously unselected package liblerc-dev:amd64.
#8 374.8 Preparing to unpack .../31-liblerc-dev_4.0.0+ds-5_amd64.deb ...
#8 374.8 Unpacking liblerc-dev:amd64 (4.0.0+ds-5) ...
#8 374.9 Selecting previously unselected package libtiff-dev:amd64.
#8 374.9 Preparing to unpack .../32-libtiff-dev_4.7.0-3+deb13u3_amd64.deb ...
#8 374.9 Unpacking libtiff-dev:amd64 (4.7.0-3+deb13u3) ...
#8 375.0 Selecting previously unselected package gir1.2-glib-2.0-dev:amd64.
#8 375.1 Preparing to unpack .../33-gir1.2-glib-2.0-dev_2.84.4-3~deb13u3_amd64.deb ...
#8 375.1 Unpacking gir1.2-glib-2.0-dev:amd64 (2.84.4-3~deb13u3) ...
#8 375.5 Selecting previously unselected package libgdk-pixbuf-2.0-dev:amd64.
#8 375.5 Preparing to unpack .../34-libgdk-pixbuf-2.0-dev_2.42.12+dfsg-4+deb13u1_amd64.deb ...
#8 375.6 Unpacking libgdk-pixbuf-2.0-dev:amd64 (2.42.12+dfsg-4+deb13u1) ...
#8 375.7 Selecting previously unselected package libharfbuzz-gobject0:amd64.
#8 375.7 Preparing to unpack .../35-libharfbuzz-gobject0_10.2.0-1+deb13u1_amd64.deb ...
#8 375.7 Unpacking libharfbuzz-gobject0:amd64 (10.2.0-1+deb13u1) ...
#8 375.9 Selecting previously unselected package gir1.2-harfbuzz-0.0:amd64.
#8 375.9 Preparing to unpack .../36-gir1.2-harfbuzz-0.0_10.2.0-1+deb13u1_amd64.deb ...
#8 375.9 Unpacking gir1.2-harfbuzz-0.0:amd64 (10.2.0-1+deb13u1) ...
#8 376.1 Selecting previously unselected package libxft2:amd64.
#8 376.1 Preparing to unpack .../37-libxft2_2.3.6-1+b4_amd64.deb ...
#8 376.1 Unpacking libxft2:amd64 (2.3.6-1+b4) ...
#8 376.2 Selecting previously unselected package libpangoxft-1.0-0:amd64.
#8 376.2 Preparing to unpack .../38-libpangoxft-1.0-0_1.56.3-1_amd64.deb ...
#8 376.2 Unpacking libpangoxft-1.0-0:amd64 (1.56.3-1) ...
#8 376.4 Selecting previously unselected package gir1.2-pango-1.0:amd64.
#8 376.4 Preparing to unpack .../39-gir1.2-pango-1.0_1.56.3-1_amd64.deb ...
#8 376.4 Unpacking gir1.2-pango-1.0:amd64 (1.56.3-1) ...
#8 376.5 Selecting previously unselected package libfribidi-dev:amd64.
#8 376.5 Preparing to unpack .../40-libfribidi-dev_1.0.16-1_amd64.deb ...
#8 376.5 Unpacking libfribidi-dev:amd64 (1.0.16-1) ...
#8 376.7 Selecting previously unselected package gir1.2-freedesktop-dev:amd64.
#8 376.7 Preparing to unpack .../41-gir1.2-freedesktop-dev_1.84.0-1_amd64.deb ...
#8 376.7 Unpacking gir1.2-freedesktop-dev:amd64 (1.84.0-1) ...
#8 376.8 Selecting previously unselected package libicu76:amd64.
#8 376.8 Preparing to unpack .../42-libicu76_76.1-4_amd64.deb ...
#8 376.8 Unpacking libicu76:amd64 (76.1-4) ...
#8 378.5 Selecting previously unselected package libharfbuzz-icu0:amd64.
#8 378.5 Preparing to unpack .../43-libharfbuzz-icu0_10.2.0-1+deb13u1_amd64.deb ...
#8 378.5 Unpacking libharfbuzz-icu0:amd64 (10.2.0-1+deb13u1) ...
#8 378.8 Selecting previously unselected package libharfbuzz-subset0:amd64.
#8 378.8 Preparing to unpack .../44-libharfbuzz-subset0_10.2.0-1+deb13u1_amd64.deb ...
#8 378.9 Unpacking libharfbuzz-subset0:amd64 (10.2.0-1+deb13u1) ...
#8 379.5 Selecting previously unselected package libharfbuzz-cairo0:amd64.
#8 379.5 Preparing to unpack .../45-libharfbuzz-cairo0_10.2.0-1+deb13u1_amd64.deb ...
#8 379.5 Unpacking libharfbuzz-cairo0:amd64 (10.2.0-1+deb13u1) ...
#8 379.7 Selecting previously unselected package libgraphite2-dev:amd64.
#8 379.7 Preparing to unpack .../46-libgraphite2-dev_1.3.14-2+deb13u1_amd64.deb ...
#8 379.7 Unpacking libgraphite2-dev:amd64 (1.3.14-2+deb13u1) ...
#8 379.8 Selecting previously unselected package icu-devtools.
#8 379.8 Preparing to unpack .../47-icu-devtools_76.1-4_amd64.deb ...
#8 379.8 Unpacking icu-devtools (76.1-4) ...
#8 380.1 Selecting previously unselected package libicu-dev:amd64.
#8 380.1 Preparing to unpack .../48-libicu-dev_76.1-4_amd64.deb ...
#8 380.1 Unpacking libicu-dev:amd64 (76.1-4) ...
#8 382.6 Selecting previously unselected package libharfbuzz-dev:amd64.
#8 382.6 Preparing to unpack .../49-libharfbuzz-dev_10.2.0-1+deb13u1_amd64.deb ...
#8 382.7 Unpacking libharfbuzz-dev:amd64 (10.2.0-1+deb13u1) ...
#8 382.8 Selecting previously unselected package libdatrie-dev:amd64.
#8 382.8 Preparing to unpack .../50-libdatrie-dev_0.2.13-3+b1_amd64.deb ...
#8 382.8 Unpacking libdatrie-dev:amd64 (0.2.13-3+b1) ...
#8 383.0 Selecting previously unselected package libthai-dev:amd64.
#8 383.0 Preparing to unpack .../51-libthai-dev_0.1.29-2+b1_amd64.deb ...
#8 383.0 Unpacking libthai-dev:amd64 (0.1.29-2+b1) ...
#8 383.2 Selecting previously unselected package libxft-dev:amd64.
#8 383.2 Preparing to unpack .../52-libxft-dev_2.3.6-1+b4_amd64.deb ...
#8 383.2 Unpacking libxft-dev:amd64 (2.3.6-1+b4) ...
#8 383.3 Selecting previously unselected package pango1.0-tools.
#8 383.3 Preparing to unpack .../53-pango1.0-tools_1.56.3-1_amd64.deb ...
#8 383.3 Unpacking pango1.0-tools (1.56.3-1) ...
#8 383.4 Selecting previously unselected package libpango1.0-dev:amd64.
#8 383.4 Preparing to unpack .../54-libpango1.0-dev_1.56.3-1_amd64.deb ...
#8 383.5 Unpacking libpango1.0-dev:amd64 (1.56.3-1) ...
#8 383.6 Selecting previously unselected package libxml2-dev:amd64.
#8 383.6 Preparing to unpack .../55-libxml2-dev_2.12.7+dfsg+really2.9.14-2.1+deb13u3_amd64.deb ...
#8 383.6 Unpacking libxml2-dev:amd64 (2.12.7+dfsg+really2.9.14-2.1+deb13u3) ...
#8 383.8 Selecting previously unselected package librsvg2-common:amd64.
#8 383.8 Preparing to unpack .../56-librsvg2-common_2.60.0+dfsg-1_amd64.deb ...
#8 383.8 Unpacking librsvg2-common:amd64 (2.60.0+dfsg-1) ...
#8 384.0 Selecting previously unselected package libdav1d-dev:amd64.
#8 384.0 Preparing to unpack .../57-libdav1d-dev_1.5.1-1_amd64.deb ...
#8 384.0 Unpacking libdav1d-dev:amd64 (1.5.1-1) ...
#8 384.1 Selecting previously unselected package librsvg2-dev:amd64.
#8 384.1 Preparing to unpack .../58-librsvg2-dev_2.60.0+dfsg-1_amd64.deb ...
#8 384.1 Unpacking librsvg2-dev:amd64 (2.60.0+dfsg-1) ...
#8 384.3 Selecting previously unselected package libwmf-0.2-7:amd64.
#8 384.3 Preparing to unpack .../59-libwmf-0.2-7_0.2.13-1.1+b3_amd64.deb ...
#8 384.3 Unpacking libwmf-0.2-7:amd64 (0.2.13-1.1+b3) ...
#8 384.4 Selecting previously unselected package libwmf-dev.
#8 384.4 Preparing to unpack .../60-libwmf-dev_0.2.13-1.1+b3_amd64.deb ...
#8 384.4 Unpacking libwmf-dev (0.2.13-1.1+b3) ...
#8 384.6 Selecting previously unselected package libxt6t64:amd64.
#8 384.6 Preparing to unpack .../61-libxt6t64_1%3a1.2.1-1.2+b2_amd64.deb ...
#8 384.6 Unpacking libxt6t64:amd64 (1:1.2.1-1.2+b2) ...
#8 384.7 Selecting previously unselected package libxt-dev:amd64.
#8 384.7 Preparing to unpack .../62-libxt-dev_1%3a1.2.1-1.2+b2_amd64.deb ...
#8 384.7 Unpacking libxt-dev:amd64 (1:1.2.1-1.2+b2) ...
#8 384.9 Selecting previously unselected package libfftw3-long3:amd64.
#8 384.9 Preparing to unpack .../63-libfftw3-long3_3.3.10-2+b1_amd64.deb ...
#8 384.9 Unpacking libfftw3-long3:amd64 (3.3.10-2+b1) ...
#8 385.0 Selecting previously unselected package libfftw3-quad3:amd64.
#8 385.0 Preparing to unpack .../64-libfftw3-quad3_3.3.10-2+b1_amd64.deb ...
#8 385.0 Unpacking libfftw3-quad3:amd64 (3.3.10-2+b1) ...
#8 385.2 Selecting previously unselected package libfftw3-single3:amd64.
#8 385.2 Preparing to unpack .../65-libfftw3-single3_3.3.10-2+b1_amd64.deb ...
#8 385.3 Unpacking libfftw3-single3:amd64 (3.3.10-2+b1) ...
#8 385.4 Selecting previously unselected package libfftw3-bin.
#8 385.5 Preparing to unpack .../66-libfftw3-bin_3.3.10-2+b1_amd64.deb ...
#8 385.5 Unpacking libfftw3-bin (3.3.10-2+b1) ...
#8 385.6 Selecting previously unselected package libfftw3-dev:amd64.
#8 385.6 Preparing to unpack .../67-libfftw3-dev_3.3.10-2+b1_amd64.deb ...
#8 385.7 Unpacking libfftw3-dev:amd64 (3.3.10-2+b1) ...
#8 386.5 Selecting previously unselected package libmagickcore-7.q16-dev:amd64.
#8 386.5 Preparing to unpack .../68-libmagickcore-7.q16-dev_8%3a7.1.1.43+dfsg1-1+deb13u11_amd64.deb ...
#8 386.5 Unpacking libmagickcore-7.q16-dev:amd64 (8:7.1.1.43+dfsg1-1+deb13u11) ...
#8 387.0 Selecting previously unselected package libmagickwand-7-headers.
#8 387.0 Preparing to unpack .../69-libmagickwand-7-headers_8%3a7.1.1.43+dfsg1-1+deb13u11_all.deb ...
#8 387.0 Unpacking libmagickwand-7-headers (8:7.1.1.43+dfsg1-1+deb13u11) ...
#8 387.1 Selecting previously unselected package libmagickwand-7.q16-dev:amd64.
#8 387.1 Preparing to unpack .../70-libmagickwand-7.q16-dev_8%3a7.1.1.43+dfsg1-1+deb13u11_amd64.deb ...
#8 387.2 Unpacking libmagickwand-7.q16-dev:amd64 (8:7.1.1.43+dfsg1-1+deb13u11) ...
#8 387.4 Selecting previously unselected package libmagickwand-dev.
#8 387.4 Preparing to unpack .../71-libmagickwand-dev_8%3a7.1.1.43+dfsg1-1+deb13u11_all.deb ...
#8 387.4 Unpacking libmagickwand-dev (8:7.1.1.43+dfsg1-1+deb13u11) ...
#8 387.6 Selecting previously unselected package poppler-data.
#8 387.6 Preparing to unpack .../72-poppler-data_0.4.12-1_all.deb ...
#8 387.6 Unpacking poppler-data (0.4.12-1) ...
#8 388.5 Selecting previously unselected package python3-autocommand.
#8 388.6 Preparing to unpack .../73-python3-autocommand_2.2.2-3_all.deb ...
#8 388.6 Unpacking python3-autocommand (2.2.2-3) ...
#8 388.8 Selecting previously unselected package python3-more-itertools.
#8 388.8 Preparing to unpack .../74-python3-more-itertools_10.7.0-1_all.deb ...
#8 388.9 Unpacking python3-more-itertools (10.7.0-1) ...
#8 389.1 Selecting previously unselected package python3-typing-extensions.
#8 389.1 Preparing to unpack .../75-python3-typing-extensions_4.13.2-1_all.deb ...
#8 389.2 Unpacking python3-typing-extensions (4.13.2-1) ...
#8 389.4 Selecting previously unselected package python3-typeguard.
#8 389.4 Preparing to unpack .../76-python3-typeguard_4.4.2-1_all.deb ...
#8 389.4 Unpacking python3-typeguard (4.4.2-1) ...
#8 389.6 Selecting previously unselected package python3-inflect.
#8 389.6 Preparing to unpack .../77-python3-inflect_7.3.1-2_all.deb ...
#8 389.6 Unpacking python3-inflect (7.3.1-2) ...
#8 389.7 Selecting previously unselected package python3-jaraco.context.
#8 389.7 Preparing to unpack .../78-python3-jaraco.context_6.0.1-1+deb13u1_all.deb ...
#8 389.7 Unpacking python3-jaraco.context (6.0.1-1+deb13u1) ...
#8 389.9 Selecting previously unselected package python3-jaraco.functools.
#8 389.9 Preparing to unpack .../79-python3-jaraco.functools_4.1.0-1_all.deb ...
#8 389.9 Unpacking python3-jaraco.functools (4.1.0-1) ...
#8 390.1 Selecting previously unselected package python3-pkg-resources.
#8 390.1 Preparing to unpack .../80-python3-pkg-resources_78.1.1-0.1_all.deb ...
#8 390.1 Unpacking python3-pkg-resources (78.1.1-0.1) ...
#8 390.3 Selecting previously unselected package supervisor.
#8 390.3 Preparing to unpack .../81-supervisor_4.2.5-3_all.deb ...
#8 390.4 Unpacking supervisor (4.2.5-3) ...
#8 390.7 Preparing to unpack .../82-libudev1_257.13-1~deb13u1_amd64.deb ...
#8 390.7 Unpacking libudev1:amd64 (257.13-1~deb13u1) over (257.9-1~deb13u1) ...
#8 391.1 Setting up libudev1:amd64 (257.13-1~deb13u1) ...
#8 391.6 Selecting previously unselected package less.
#8 391.6 (Reading database ... (Reading database ... 5%(Reading database ... 10%(Reading database ... 15%(Reading database ... 20%(Reading database ... 25%(Reading database ... 30%(Reading database ... 35%(Reading database ... 40%(Reading database ... 45%(Reading database ... 50%(Reading database ... 55%(Reading database ... 60%(Reading database ... 65%(Reading database ... 70%(Reading database ... 75%(Reading database ... 80%(Reading database ... 85%(Reading database ... 90%(Reading database ... 95%(Reading database ... 100%(Reading database ... 23449 files and directories currently installed.)
#8 391.7 Preparing to unpack .../000-less_668-1_amd64.deb ...
#8 391.7 Unpacking less (668-1) ...
#8 391.9 Selecting previously unselected package linux-sysctl-defaults.
#8 391.9 Preparing to unpack .../001-linux-sysctl-defaults_4.12.1_all.deb ...
#8 391.9 Unpacking linux-sysctl-defaults (4.12.1) ...
#8 392.0 Selecting previously unselected package liblockfile-bin.
#8 392.0 Preparing to unpack .../002-liblockfile-bin_1.17-2_amd64.deb ...
#8 392.0 Unpacking liblockfile-bin (1.17-2) ...
#8 392.2 Selecting previously unselected package libedit2:amd64.
#8 392.2 Preparing to unpack .../003-libedit2_3.1-20250104-1_amd64.deb ...
#8 392.2 Unpacking libedit2:amd64 (3.1-20250104-1) ...
#8 392.3 Selecting previously unselected package libcbor0.10:amd64.
#8 392.3 Preparing to unpack .../004-libcbor0.10_0.10.2-2_amd64.deb ...
#8 392.3 Unpacking libcbor0.10:amd64 (0.10.2-2) ...
#8 392.5 Selecting previously unselected package libfido2-1:amd64.
#8 392.5 Preparing to unpack .../005-libfido2-1_1.15.0-1+b1_amd64.deb ...
#8 392.5 Unpacking libfido2-1:amd64 (1.15.0-1+b1) ...
#8 392.7 Selecting previously unselected package openssh-client.
#8 392.7 Preparing to unpack .../006-openssh-client_1%3a10.0p1-7+deb13u4_amd64.deb ...
#8 392.8 Unpacking openssh-client (1:10.0p1-7+deb13u4) ...
#8 393.1 Selecting previously unselected package systemd-timesyncd.
#8 393.1 Preparing to unpack .../007-systemd-timesyncd_257.13-1~deb13u1_amd64.deb ...
#8 393.1 Unpacking systemd-timesyncd (257.13-1~deb13u1) ...
#8 393.3 Preparing to unpack .../008-xz-utils_5.8.1-1+deb13u1_amd64.deb ...
#8 393.3 Unpacking xz-utils (5.8.1-1+deb13u1) over (5.8.1-1) ...
#8 393.7 Selecting previously unselected package exim4-config.
#8 393.7 Preparing to unpack .../009-exim4-config_4.98.2-1+deb13u4_all.deb ...
#8 393.7 Unpacking exim4-config (4.98.2-1+deb13u4) ...
#8 393.8 Selecting previously unselected package libfile-fcntllock-perl.
#8 393.8 Preparing to unpack .../010-libfile-fcntllock-perl_0.22-4+b4_amd64.deb ...
#8 393.8 Unpacking libfile-fcntllock-perl (0.22-4+b4) ...
#8 394.1 Selecting previously unselected package exim4-base.
#8 394.1 Preparing to unpack .../011-exim4-base_4.98.2-1+deb13u4_amd64.deb ...
#8 394.1 Unpacking exim4-base (4.98.2-1+deb13u4) ...
#8 394.3 Preparing to unpack .../012-libgnutls30t64_3.8.9-3+deb13u4_amd64.deb ...
#8 394.4 Unpacking libgnutls30t64:amd64 (3.8.9-3+deb13u4) over (3.8.9-3) ...
#8 395.2 Selecting previously unselected package libevent-2.1-7t64:amd64.
#8 395.2 Preparing to unpack .../013-libevent-2.1-7t64_2.1.12-stable-10+b1_amd64.deb ...
#8 395.2 Unpacking libevent-2.1-7t64:amd64 (2.1.12-stable-10+b1) ...
#8 395.4 Selecting previously unselected package libunbound8:amd64.
#8 395.4 Preparing to unpack .../014-libunbound8_1.22.0-2+deb13u3_amd64.deb ...
#8 395.4 Unpacking libunbound8:amd64 (1.22.0-2+deb13u3) ...
#8 395.7 Selecting previously unselected package libgnutls-dane0t64:amd64.
#8 395.7 Preparing to unpack .../015-libgnutls-dane0t64_3.8.9-3+deb13u4_amd64.deb ...
#8 395.7 Unpacking libgnutls-dane0t64:amd64 (3.8.9-3+deb13u4) ...
#8 396.0 Selecting previously unselected package libidn12:amd64.
#8 396.0 Preparing to unpack .../016-libidn12_1.43-1_amd64.deb ...
#8 396.0 Unpacking libidn12:amd64 (1.43-1) ...
#8 396.2 Selecting previously unselected package libtirpc-common.
#8 396.3 Preparing to unpack .../017-libtirpc-common_1.3.6+ds-1_all.deb ...
#8 396.3 Unpacking libtirpc-common (1.3.6+ds-1) ...
#8 396.6 Selecting previously unselected package libtirpc3t64:amd64.
#8 396.6 Preparing to unpack .../018-libtirpc3t64_1.3.6+ds-1_amd64.deb ...
#8 396.6 Adding 'diversion of /lib/x86_64-linux-gnu/libtirpc.so.3 to /lib/x86_64-linux-gnu/libtirpc.so.3.usr-is-merged by libtirpc3t64'
#8 396.6 Adding 'diversion of /lib/x86_64-linux-gnu/libtirpc.so.3.0.0 to /lib/x86_64-linux-gnu/libtirpc.so.3.0.0.usr-is-merged by libtirpc3t64'
#8 396.6 Unpacking libtirpc3t64:amd64 (1.3.6+ds-1) ...
#8 396.8 Selecting previously unselected package libnsl2:amd64.
#8 396.8 Preparing to unpack .../019-libnsl2_1.3.0-3+b3_amd64.deb ...
#8 396.8 Unpacking libnsl2:amd64 (1.3.0-3+b3) ...
#8 397.1 Selecting previously unselected package exim4-daemon-light.
#8 397.1 Preparing to unpack .../020-exim4-daemon-light_4.98.2-1+deb13u4_amd64.deb ...
#8 397.2 Unpacking exim4-daemon-light (4.98.2-1+deb13u4) ...
#8 397.5 Selecting previously unselected package liblockfile1:amd64.
#8 397.5 Preparing to unpack .../021-liblockfile1_1.17-2_amd64.deb ...
#8 397.5 Unpacking liblockfile1:amd64 (1.17-2) ...
#8 397.7 Selecting previously unselected package bsd-mailx.
#8 397.7 Preparing to unpack .../022-bsd-mailx_8.1.2-0.20220412cvs-1.1_amd64.deb ...
#8 397.7 Unpacking bsd-mailx (8.1.2-0.20220412cvs-1.1) ...
#8 397.9 Selecting previously unselected package build-essential.
#8 397.9 Preparing to unpack .../023-build-essential_12.12_amd64.deb ...
#8 397.9 Unpacking build-essential (12.12) ...
#8 398.0 Selecting previously unselected package bzip2-doc.
#8 398.0 Preparing to unpack .../024-bzip2-doc_1.0.8-6_all.deb ...
#8 398.1 Unpacking bzip2-doc (1.0.8-6) ...
#8 398.2 Preparing to unpack .../025-curl_8.14.1-2+deb13u4_amd64.deb ...
#8 398.3 Unpacking curl (8.14.1-2+deb13u4) over (8.14.1-2+deb13u2) ...
#8 398.7 Preparing to unpack .../026-libcurl4t64_8.14.1-2+deb13u4_amd64.deb ...
#8 398.8 Unpacking libcurl4t64:amd64 (8.14.1-2+deb13u4) over (8.14.1-2+deb13u2) ...
#8 399.4 Selecting previously unselected package libdevmapper1.02.1:amd64.
#8 399.4 Preparing to unpack .../027-libdevmapper1.02.1_2%3a1.02.205-2_amd64.deb ...
#8 399.4 Unpacking libdevmapper1.02.1:amd64 (2:1.02.205-2) ...
#8 399.6 Selecting previously unselected package dmsetup.
#8 399.6 Preparing to unpack .../028-dmsetup_2%3a1.02.205-2_amd64.deb ...
#8 399.6 Unpacking dmsetup (2:1.02.205-2) ...
#8 399.9 Selecting previously unselected package node-fast-deep-equal.
#8 399.9 Preparing to unpack .../029-node-fast-deep-equal_3.1.3-3_all.deb ...
#8 399.9 Unpacking node-fast-deep-equal (3.1.3-3) ...
#8 400.1 Selecting previously unselected package node-json-schema-traverse.
#8 400.1 Preparing to unpack .../030-node-json-schema-traverse_1.0.0-3_all.deb ...
#8 400.2 Unpacking node-json-schema-traverse (1.0.0-3) ...
#8 400.3 Selecting previously unselected package node-jsonify.
#8 400.3 Preparing to unpack .../031-node-jsonify_0.0.1-1_all.deb ...
#8 400.3 Unpacking node-jsonify (0.0.1-1) ...
#8 400.5 Selecting previously unselected package node-json-stable-stringify.
#8 400.5 Preparing to unpack .../032-node-json-stable-stringify_1.0.2+repack1+~cs1.0.34-2_all.deb ...
#8 400.5 Unpacking node-json-stable-stringify (1.0.2+repack1+~cs1.0.34-2) ...
#8 400.6 Selecting previously unselected package node-punycode.
#8 400.6 Preparing to unpack .../033-node-punycode_2.3.1+~2.1.4-1_all.deb ...
#8 400.6 Unpacking node-punycode (2.3.1+~2.1.4-1) ...
#8 400.8 Selecting previously unselected package node-uri-js.
#8 400.8 Preparing to unpack .../034-node-uri-js_4.4.0+dfsg-8_all.deb ...
#8 400.8 Unpacking node-uri-js (4.4.0+dfsg-8) ...
#8 401.0 Selecting previously unselected package libcares2:amd64.
#8 401.0 Preparing to unpack .../035-libcares2_1.34.5-1+deb13u1_amd64.deb ...
#8 401.0 Unpacking libcares2:amd64 (1.34.5-1+deb13u1) ...
#8 401.2 Selecting previously unselected package libuv1t64:amd64.
#8 401.2 Preparing to unpack .../036-libuv1t64_1.50.0-2_amd64.deb ...
#8 401.2 Unpacking libuv1t64:amd64 (1.50.0-2) ...
#8 401.3 Selecting previously unselected package node-xtend.
#8 401.3 Preparing to unpack .../037-node-xtend_4.0.2-3_all.deb ...
#8 401.4 Unpacking node-xtend (4.0.2-3) ...
#8 401.5 Selecting previously unselected package node-acorn.
#8 401.5 Preparing to unpack .../038-node-acorn_8.8.1+ds+~cs25.17.7-2_all.deb ...
#8 401.5 Unpacking node-acorn (8.8.1+ds+~cs25.17.7-2) ...
#8 401.7 Selecting previously unselected package node-cjs-module-lexer.
#8 401.7 Preparing to unpack .../039-node-cjs-module-lexer_1.2.3+dfsg-1_all.deb ...
#8 401.7 Unpacking node-cjs-module-lexer (1.2.3+dfsg-1) ...
#8 401.8 Selecting previously unselected package node-balanced-match.
#8 401.8 Preparing to unpack .../040-node-balanced-match_2.0.0-1_all.deb ...
#8 401.9 Unpacking node-balanced-match (2.0.0-1) ...
#8 402.0 Selecting previously unselected package node-brace-expansion.
#8 402.0 Preparing to unpack .../041-node-brace-expansion_2.0.1+~1.1.0-2_all.deb ...
#8 402.0 Unpacking node-brace-expansion (2.0.1+~1.1.0-2) ...
#8 402.1 Selecting previously unselected package node-minimatch.
#8 402.1 Preparing to unpack .../042-node-minimatch_9.0.3-6_all.deb ...
#8 402.1 Unpacking node-minimatch (9.0.3-6) ...
#8 402.3 Selecting previously unselected package node-undici.
#8 402.3 Preparing to unpack .../043-node-undici_7.3.0+dfsg1+~cs24.12.11-1_all.deb ...
#8 402.4 Unpacking node-undici (7.3.0+dfsg1+~cs24.12.11-1) ...
#8 402.7 Selecting previously unselected package libnode115:amd64.
#8 402.7 Preparing to unpack .../044-libnode115_20.19.2+dfsg-1+deb13u2_amd64.deb ...
#8 402.8 Unpacking libnode115:amd64 (20.19.2+dfsg-1+deb13u2) ...
#8 405.4 Selecting previously unselected package node-corepack.
#8 405.5 Preparing to unpack .../045-node-corepack_0.24.0-5_all.deb ...
#8 405.5 Unpacking node-corepack (0.24.0-5) ...
#8 405.8 Selecting previously unselected package nodejs.
#8 405.8 Preparing to unpack .../046-nodejs_20.19.2+dfsg-1+deb13u2_amd64.deb ...
#8 405.8 Unpacking nodejs (20.19.2+dfsg-1+deb13u2) ...
#8 406.0 Selecting previously unselected package node-ajv.
#8 406.0 Preparing to unpack .../047-node-ajv_8.12.0~ds+~2.1.1-5_all.deb ...
#8 406.1 Unpacking node-ajv (8.12.0~ds+~2.1.1-5) ...
#8 406.6 Selecting previously unselected package libjs-inherits.
#8 406.6 Preparing to unpack .../048-libjs-inherits_2.0.4-6_all.deb ...
#8 406.6 Unpacking libjs-inherits (2.0.4-6) ...
#8 406.8 Selecting previously unselected package node-inherits.
#8 406.8 Preparing to unpack .../049-node-inherits_2.0.4-6_all.deb ...
#8 406.9 Unpacking node-inherits (2.0.4-6) ...
#8 407.0 Selecting previously unselected package node-core-util-is.
#8 407.0 Preparing to unpack .../050-node-core-util-is_1.0.3-1_all.deb ...
#8 407.1 Unpacking node-core-util-is (1.0.3-1) ...
#8 407.2 Selecting previously unselected package node-safe-buffer.
#8 407.2 Preparing to unpack .../051-node-safe-buffer_5.2.1+~cs2.1.2-3_all.deb ...
#8 407.2 Unpacking node-safe-buffer (5.2.1+~cs2.1.2-3) ...
#8 407.3 Selecting previously unselected package node-string-decoder.
#8 407.3 Preparing to unpack .../052-node-string-decoder_1.3.0-6_all.deb ...
#8 407.3 Unpacking node-string-decoder (1.3.0-6) ...
#8 407.7 Selecting previously unselected package node-process-nextick-args.
#8 407.7 Preparing to unpack .../053-node-process-nextick-args_2.0.1-3_all.deb ...
#8 407.7 Unpacking node-process-nextick-args (2.0.1-3) ...
#8 407.8 Selecting previously unselected package node-util-deprecate.
#8 407.9 Preparing to unpack .../054-node-util-deprecate_1.0.2-3_all.deb ...
#8 407.9 Unpacking node-util-deprecate (1.0.2-3) ...
#8 408.0 Selecting previously unselected package node-isarray.
#8 408.0 Preparing to unpack .../055-node-isarray_2.0.5-4_all.deb ...
#8 408.0 Unpacking node-isarray (2.0.5-4) ...
#8 408.2 Selecting previously unselected package node-readable-stream.
#8 408.2 Preparing to unpack .../056-node-readable-stream_3.6.0+~cs3.0.0-4_all.deb ...
#8 408.2 Unpacking node-readable-stream (3.6.0+~cs3.0.0-4) ...
#8 408.4 Selecting previously unselected package node-typedarray.
#8 408.4 Preparing to unpack .../057-node-typedarray_0.0.7-1_all.deb ...
#8 408.4 Unpacking node-typedarray (0.0.7-1) ...
#8 408.5 Selecting previously unselected package node-concat-stream.
#8 408.6 Preparing to unpack .../058-node-concat-stream_2.0.0+~2.0.0-2_all.deb ...
#8 408.6 Unpacking node-concat-stream (2.0.0+~2.0.0-2) ...
#8 408.8 Selecting previously unselected package node-ms.
#8 408.8 Preparing to unpack .../059-node-ms_2.1.3+~cs0.7.31-3_all.deb ...
#8 408.9 Unpacking node-ms (2.1.3+~cs0.7.31-3) ...
#8 409.1 Selecting previously unselected package node-debug.
#8 409.2 Preparing to unpack .../060-node-debug_4.3.4+~cs4.1.7-1_all.deb ...
#8 409.2 Unpacking node-debug (4.3.4+~cs4.1.7-1) ...
#8 409.4 Selecting previously unselected package node-esutils.
#8 409.4 Preparing to unpack .../061-node-esutils_2.0.3+~2.0.0-1_all.deb ...
#8 409.4 Unpacking node-esutils (2.0.3+~2.0.0-1) ...
#8 409.5 Selecting previously unselected package node-doctrine.
#8 409.6 Preparing to unpack .../062-node-doctrine_3.0.0-4_all.deb ...
#8 409.6 Unpacking node-doctrine (3.0.0-4) ...
#8 409.7 Selecting previously unselected package node-eslint-visitor-keys.
#8 409.7 Preparing to unpack .../063-node-eslint-visitor-keys_3.3.0+~1.0.0-1_all.deb ...
#8 409.7 Unpacking node-eslint-visitor-keys (3.3.0+~1.0.0-1) ...
#8 409.9 Selecting previously unselected package node-estraverse.
#8 410.0 Preparing to unpack .../064-node-estraverse_5.3.0+ds+~5.1.1-1_all.deb ...
#8 410.0 Unpacking node-estraverse (5.3.0+ds+~5.1.1-1) ...
#8 410.1 Selecting previously unselected package node-object-assign.
#8 410.1 Preparing to unpack .../065-node-object-assign_4.1.1-7_all.deb ...
#8 410.1 Unpacking node-object-assign (4.1.1-7) ...
#8 410.2 Selecting previously unselected package node-esrecurse.
#8 410.2 Preparing to unpack .../066-node-esrecurse_4.3.0-2_all.deb ...
#8 410.3 Unpacking node-esrecurse (4.3.0-2) ...
#8 410.4 Selecting previously unselected package node-eslint-scope.
#8 410.5 Preparing to unpack .../067-node-eslint-scope_7.1.1+~3.7.4-1_all.deb ...
#8 410.5 Unpacking node-eslint-scope (7.1.1+~3.7.4-1) ...
#8 410.7 Selecting previously unselected package node-espree.
#8 410.7 Preparing to unpack .../068-node-espree_9.4.1~dfsg-2_all.deb ...
#8 410.7 Unpacking node-espree (9.4.1~dfsg-2) ...
#8 410.8 Selecting previously unselected package node-esquery.
#8 410.9 Preparing to unpack .../069-node-esquery_1.4.2~ds-1_all.deb ...
#8 410.9 Unpacking node-esquery (1.4.2~ds-1) ...
#8 411.0 Selecting previously unselected package node-eslint-utils.
#8 411.0 Preparing to unpack .../070-node-eslint-utils_3.0.0-3_all.deb ...
#8 411.1 Unpacking node-eslint-utils (3.0.0-3) ...
#8 411.2 Selecting previously unselected package node-flatted.
#8 411.2 Preparing to unpack .../071-node-flatted_3.2.7~ds-1+deb13u1_all.deb ...
#8 411.2 Unpacking node-flatted (3.2.7~ds-1+deb13u1) ...
#8 411.3 Selecting previously unselected package node-fs.realpath.
#8 411.3 Preparing to unpack .../072-node-fs.realpath_1.0.0-3_all.deb ...
#8 411.3 Unpacking node-fs.realpath (1.0.0-3) ...
#8 411.4 Selecting previously unselected package node-wrappy.
#8 411.4 Preparing to unpack .../073-node-wrappy_1.0.2-3_all.deb ...
#8 411.4 Unpacking node-wrappy (1.0.2-3) ...
#8 411.6 Selecting previously unselected package node-once.
#8 411.6 Preparing to unpack .../074-node-once_1.4.1-1_all.deb ...
#8 411.6 Unpacking node-once (1.4.1-1) ...
#8 411.8 Selecting previously unselected package node-inflight.
#8 411.8 Preparing to unpack .../075-node-inflight_1.0.6-2_all.deb ...
#8 411.8 Unpacking node-inflight (1.0.6-2) ...
#8 412.0 Selecting previously unselected package node-glob.
#8 412.0 Preparing to unpack .../076-node-glob_8.1.0+~cs8.5.15-1_all.deb ...
#8 412.0 Unpacking node-glob (8.1.0+~cs8.5.15-1) ...
#8 412.2 Selecting previously unselected package node-rimraf.
#8 412.2 Preparing to unpack .../077-node-rimraf_3.0.2-2_all.deb ...
#8 412.3 Unpacking node-rimraf (3.0.2-2) ...
#8 412.9 Selecting previously unselected package node-write.
#8 412.9 Preparing to unpack .../078-node-write_2.0.0~6.0.1+~3.0.4+~2.0.0+~1.0.0+~2.0.1-1_all.deb ...
#8 412.9 Unpacking node-write (2.0.0~6.0.1+~3.0.4+~2.0.0+~1.0.0+~2.0.1-1) ...
#8 413.1 Selecting previously unselected package node-flat-cache.
#8 413.1 Preparing to unpack .../079-node-flat-cache_3.0.4~6.0.1+~3.0.4+~2.0.0+~1.0.0+~2.0.1-1_all.deb ...
#8 413.1 Unpacking node-flat-cache (3.0.4~6.0.1+~3.0.4+~2.0.0+~1.0.0+~2.0.1-1) ...
#8 413.2 Selecting previously unselected package node-file-entry-cache.
#8 413.2 Preparing to unpack .../080-node-file-entry-cache_6.0.1+~3.0.4+~2.0.0+~1.0.0+~2.0.1-1_all.deb ...
#8 413.2 Unpacking node-file-entry-cache (6.0.1+~3.0.4+~2.0.0+~1.0.0+~2.0.1-1) ...
#8 413.3 Selecting previously unselected package node-functional-red-black-tree.
#8 413.3 Preparing to unpack .../081-node-functional-red-black-tree_1.0.1+20181105-7_all.deb ...
#8 413.3 Unpacking node-functional-red-black-tree (1.0.1+20181105-7) ...
#8 413.4 Selecting previously unselected package node-is-extglob.
#8 413.4 Preparing to unpack .../082-node-is-extglob_2.1.1-5_all.deb ...
#8 413.4 Unpacking node-is-extglob (2.1.1-5) ...
#8 413.5 Selecting previously unselected package node-is-glob.
#8 413.5 Preparing to unpack .../083-node-is-glob_4.0.3-2_all.deb ...
#8 413.5 Unpacking node-is-glob (4.0.3-2) ...
#8 413.6 Selecting previously unselected package node-path-dirname.
#8 413.6 Preparing to unpack .../084-node-path-dirname_1.0.2-2_all.deb ...
#8 413.7 Unpacking node-path-dirname (1.0.2-2) ...
#8 413.8 Selecting previously unselected package node-glob-parent.
#8 413.8 Preparing to unpack .../085-node-glob-parent_6.0.2+~5.1.1-2_all.deb ...
#8 413.8 Unpacking node-glob-parent (6.0.2+~5.1.1-2) ...
#8 413.9 Selecting previously unselected package node-globals.
#8 413.9 Preparing to unpack .../086-node-globals_13.23.0-1_all.deb ...
#8 413.9 Unpacking node-globals (13.23.0-1) ...
#8 414.0 Selecting previously unselected package node-resolve-from.
#8 414.0 Preparing to unpack .../087-node-resolve-from_5.0.0+~3.1.0+~3.3.0+~2.0.0-1_all.deb ...
#8 414.1 Unpacking node-resolve-from (5.0.0+~3.1.0+~3.3.0+~2.0.0-1) ...
#8 414.2 Selecting previously unselected package node-imurmurhash.
#8 414.2 Preparing to unpack .../088-node-imurmurhash_0.1.4+dfsg+~0.1.1-2_all.deb ...
#8 414.2 Unpacking node-imurmurhash (0.1.4+dfsg+~0.1.1-2) ...
#8 414.4 Selecting previously unselected package node-ignore.
#8 414.4 Preparing to unpack .../089-node-ignore_5.2.1-1_all.deb ...
#8 414.5 Unpacking node-ignore (5.2.1-1) ...
#8 414.6 Selecting previously unselected package node-prelude-ls.
#8 414.6 Preparing to unpack .../090-node-prelude-ls_1.2.1+dfsg-3_all.deb ...
#8 414.6 Unpacking node-prelude-ls (1.2.1+dfsg-3) ...
#8 414.8 Selecting previously unselected package node-type-check.
#8 414.8 Preparing to unpack .../091-node-type-check_0.4.0+dfsg-3_all.deb ...
#8 414.8 Unpacking node-type-check (0.4.0+dfsg-3) ...
#8 415.0 Selecting previously unselected package node-levn.
#8 415.0 Preparing to unpack .../092-node-levn_0.4.1+dfsg-2_all.deb ...
#8 415.0 Unpacking node-levn (0.4.1+dfsg-2) ...
#8 415.1 Selecting previously unselected package node-lodash.
#8 415.1 Preparing to unpack .../093-node-lodash_4.17.21+dfsg+~cs8.31.198.20210220-9_all.deb ...
#8 415.1 Unpacking node-lodash (4.17.21+dfsg+~cs8.31.198.20210220-9) ...
#8 415.9 Selecting previously unselected package node-memfs.
#8 415.9 Preparing to unpack .../094-node-memfs_3.4.12+~cs1.0.3-1_all.deb ...
#8 415.9 Unpacking node-memfs (3.4.12+~cs1.0.3-1) ...
#8 416.1 Selecting previously unselected package node-mkdirp.
#8 416.1 Preparing to unpack .../095-node-mkdirp_2.1.6+~cs5.2.1-2_all.deb ...
#8 416.1 Unpacking node-mkdirp (2.1.6+~cs5.2.1-2) ...
#8 416.4 Selecting previously unselected package node-deep-is.
#8 416.4 Preparing to unpack .../096-node-deep-is_0.1.4-1_all.deb ...
#8 416.4 Unpacking node-deep-is (0.1.4-1) ...
#8 416.6 Selecting previously unselected package node-fast-levenshtein.
#8 416.6 Preparing to unpack .../097-node-fast-levenshtein_2.0.6+ds-3_all.deb ...
#8 416.6 Unpacking node-fast-levenshtein (2.0.6+ds-3) ...
#8 416.7 Selecting previously unselected package node-optionator.
#8 416.7 Preparing to unpack .../098-node-optionator_0.9.1+dfsg+~cs1.2.3-1_all.deb ...
#8 416.7 Unpacking node-optionator (0.9.1+dfsg+~cs1.2.3-1) ...
#8 416.8 Selecting previously unselected package node-progress.
#8 416.8 Preparing to unpack .../099-node-progress_2.0.3-2_all.deb ...
#8 416.8 Unpacking node-progress (2.0.3-2) ...
#8 416.9 Selecting previously unselected package libjs-regenerate.
#8 416.9 Preparing to unpack .../100-libjs-regenerate_1.4.2-3_all.deb ...
#8 416.9 Unpacking libjs-regenerate (1.4.2-3) ...
#8 417.0 Selecting previously unselected package node-regenerate.
#8 417.0 Preparing to unpack .../101-node-regenerate_1.4.2-3_all.deb ...
#8 417.0 Unpacking node-regenerate (1.4.2-3) ...
#8 417.1 Selecting previously unselected package node-regenerate-unicode-properties.
#8 417.1 Preparing to unpack .../102-node-regenerate-unicode-properties_10.1.0+ds-1_all.deb ...
#8 417.2 Unpacking node-regenerate-unicode-properties (10.1.0+ds-1) ...
#8 417.4 Selecting previously unselected package node-regexpp.
#8 417.4 Preparing to unpack .../103-node-regexpp_3.2.0-5_all.deb ...
#8 417.4 Unpacking node-regexpp (3.2.0-5) ...
#8 417.5 Selecting previously unselected package node-lru-cache.
#8 417.5 Preparing to unpack .../104-node-lru-cache_10.0.1-3_all.deb ...
#8 417.5 Unpacking node-lru-cache (10.0.1-3) ...
#8 417.7 Selecting previously unselected package node-semver.
#8 417.7 Preparing to unpack .../105-node-semver_7.6.1+~7.5.8-2_all.deb ...
#8 417.7 Unpacking node-semver (7.6.1+~7.5.8-2) ...
#8 417.9 Selecting previously unselected package node-strip-json-comments.
#8 417.9 Preparing to unpack .../106-node-strip-json-comments_4.0.0-4_all.deb ...
#8 417.9 Unpacking node-strip-json-comments (4.0.0-4) ...
#8 418.0 Selecting previously unselected package node-json-schema.
#8 418.0 Preparing to unpack .../107-node-json-schema_0.4.0+~7.0.11-1_all.deb ...
#8 418.0 Unpacking node-json-schema (0.4.0+~7.0.11-1) ...
#8 418.1 Selecting previously unselected package node-v8-compile-cache.
#8 418.1 Preparing to unpack .../108-node-v8-compile-cache_2.4.0-2_all.deb ...
#8 418.1 Unpacking node-v8-compile-cache (2.4.0-2) ...
#8 418.3 Selecting previously unselected package eslint.
#8 418.3 Preparing to unpack .../109-eslint_6.4.0~dfsg+~6.1.9-12_all.deb ...
#8 418.3 Unpacking eslint (6.4.0~dfsg+~6.1.9-12) ...
#8 418.7 Selecting previously unselected package fonts-droid-fallback.
#8 418.7 Preparing to unpack .../110-fonts-droid-fallback_1%3a8.1.0r7-1~1.gbp36536b_all.deb ...
#8 418.8 Unpacking fonts-droid-fallback (1:8.1.0r7-1~1.gbp36536b) ...
#8 419.3 Selecting previously unselected package fonts-noto-mono.
#8 419.3 Preparing to unpack .../111-fonts-noto-mono_20201225-2_all.deb ...
#8 419.3 Unpacking fonts-noto-mono (20201225-2) ...
#8 419.4 Selecting previously unselected package libgs-common.
#8 419.4 Preparing to unpack .../112-libgs-common_10.05.1~dfsg-1+deb13u1_all.deb ...
#8 419.4 Unpacking libgs-common (10.05.1~dfsg-1+deb13u1) ...
#8 419.5 Selecting previously unselected package libgs10-common.
#8 419.5 Preparing to unpack .../113-libgs10-common_10.05.1~dfsg-1+deb13u1_all.deb ...
#8 419.6 Unpacking libgs10-common (10.05.1~dfsg-1+deb13u1) ...
#8 419.8 Selecting previously unselected package libavahi-common-data:amd64.
#8 419.8 Preparing to unpack .../114-libavahi-common-data_0.8-16_amd64.deb ...
#8 419.9 Unpacking libavahi-common-data:amd64 (0.8-16) ...
#8 420.0 Selecting previously unselected package libavahi-common3:amd64.
#8 420.0 Preparing to unpack .../115-libavahi-common3_0.8-16_amd64.deb ...
#8 420.0 Unpacking libavahi-common3:amd64 (0.8-16) ...
#8 420.2 Selecting previously unselected package libavahi-client3:amd64.
#8 420.2 Preparing to unpack .../116-libavahi-client3_0.8-16_amd64.deb ...
#8 420.2 Unpacking libavahi-client3:amd64 (0.8-16) ...
#8 420.4 Selecting previously unselected package libcups2t64:amd64.
#8 420.4 Preparing to unpack .../117-libcups2t64_2.4.10-3+deb13u2_amd64.deb ...
#8 420.4 Unpacking libcups2t64:amd64 (2.4.10-3+deb13u2) ...
#8 420.6 Selecting previously unselected package libijs-0.35:amd64.
#8 420.6 Preparing to unpack .../118-libijs-0.35_0.35-15.2_amd64.deb ...
#8 420.6 Unpacking libijs-0.35:amd64 (0.35-15.2) ...
#8 420.7 Selecting previously unselected package libjbig2dec0:amd64.
#8 420.8 Preparing to unpack .../119-libjbig2dec0_0.20-1+b3_amd64.deb ...
#8 420.8 Unpacking libjbig2dec0:amd64 (0.20-1+b3) ...
#8 420.9 Selecting previously unselected package libpaper2:amd64.
#8 421.0 Preparing to unpack .../120-libpaper2_2.2.5-0.3+b2_amd64.deb ...
#8 421.0 Unpacking libpaper2:amd64 (2.2.5-0.3+b2) ...
#8 421.1 Selecting previously unselected package libgs10:amd64.
#8 421.1 Preparing to unpack .../121-libgs10_10.05.1~dfsg-1+deb13u1_amd64.deb ...
#8 421.1 Unpacking libgs10:amd64 (10.05.1~dfsg-1+deb13u1) ...
#8 422.0 Selecting previously unselected package ghostscript.
#8 422.0 Preparing to unpack .../122-ghostscript_10.05.1~dfsg-1+deb13u1_amd64.deb ...
#8 422.0 Unpacking ghostscript (10.05.1~dfsg-1+deb13u1) ...
#8 422.2 Selecting previously unselected package libngtcp2-16:amd64.
#8 422.2 Preparing to unpack .../123-libngtcp2-16_1.11.0-1+deb13u1_amd64.deb ...
#8 422.2 Unpacking libngtcp2-16:amd64 (1.11.0-1+deb13u1) ...
#8 422.4 Selecting previously unselected package libngtcp2-crypto-gnutls8:amd64.
#8 422.4 Preparing to unpack .../124-libngtcp2-crypto-gnutls8_1.11.0-1+deb13u1_amd64.deb ...
#8 422.4 Unpacking libngtcp2-crypto-gnutls8:amd64 (1.11.0-1+deb13u1) ...
#8 422.5 Selecting previously unselected package libcurl3t64-gnutls:amd64.
#8 422.6 Preparing to unpack .../125-libcurl3t64-gnutls_8.14.1-2+deb13u4_amd64.deb ...
#8 422.6 Unpacking libcurl3t64-gnutls:amd64 (8.14.1-2+deb13u4) ...
#8 422.7 Selecting previously unselected package liberror-perl.
#8 422.7 Preparing to unpack .../126-liberror-perl_0.17030-1_all.deb ...
#8 422.8 Unpacking liberror-perl (0.17030-1) ...
#8 422.9 Selecting previously unselected package git-man.
#8 422.9 Preparing to unpack .../127-git-man_1%3a2.47.3-0+deb13u1_all.deb ...
#8 422.9 Unpacking git-man (1:2.47.3-0+deb13u1) ...
#8 423.2 Selecting previously unselected package git.
#8 423.2 Preparing to unpack .../128-git_1%3a2.47.3-0+deb13u1_amd64.deb ...
#8 423.3 Unpacking git (1:2.47.3-0+deb13u1) ...
#8 424.7 Selecting previously unselected package gyp.
#8 424.7 Preparing to unpack .../129-gyp_0.16.2-2_all.deb ...
#8 424.7 Unpacking gyp (0.16.2-2) ...
#8 424.9 Selecting previously unselected package node-neo-async.
#8 424.9 Preparing to unpack .../130-node-neo-async_2.6.2+~cs3.0.0-3_all.deb ...
#8 424.9 Unpacking node-neo-async (2.6.2+~cs3.0.0-3) ...
#8 425.1 Selecting previously unselected package node-arrify.
#8 425.1 Preparing to unpack .../131-node-arrify_2.0.1-3_all.deb ...
#8 425.1 Unpacking node-arrify (2.0.1-3) ...
#8 425.2 Selecting previously unselected package node-is-plain-obj.
#8 425.2 Preparing to unpack .../132-node-is-plain-obj_3.0.0-2_all.deb ...
#8 425.2 Unpacking node-is-plain-obj (3.0.0-2) ...
#8 425.3 Selecting previously unselected package node-is-buffer.
#8 425.3 Preparing to unpack .../133-node-is-buffer_2.0.5-2_all.deb ...
#8 425.3 Unpacking node-is-buffer (2.0.5-2) ...
#8 425.4 Selecting previously unselected package node-kind-of.
#8 425.4 Preparing to unpack .../134-node-kind-of_6.0.3+dfsg-2_all.deb ...
#8 425.4 Unpacking node-kind-of (6.0.3+dfsg-2) ...
#8 425.6 Selecting previously unselected package node-minimist.
#8 425.6 Preparing to unpack .../135-node-minimist_1.2.8+~cs5.3.5-1_all.deb ...
#8 425.6 Unpacking node-minimist (1.2.8+~cs5.3.5-1) ...
#8 425.7 Selecting previously unselected package node-wordwrap.
#8 425.7 Preparing to unpack .../136-node-wordwrap_1.0.0-4_all.deb ...
#8 425.7 Unpacking node-wordwrap (1.0.0-4) ...
#8 425.8 Selecting previously unselected package node-optimist.
#8 425.8 Preparing to unpack .../137-node-optimist_0.6.1+~0.0.30-2_all.deb ...
#8 425.8 Unpacking node-optimist (0.6.1+~0.0.30-2) ...
#8 426.0 Selecting previously unselected package libjs-source-map.
#8 426.0 Preparing to unpack .../138-libjs-source-map_0.7.0++dfsg2+really.0.6.1-15_all.deb ...
#8 426.0 Unpacking libjs-source-map (0.7.0++dfsg2+really.0.6.1-15) ...
#8 426.2 Selecting previously unselected package node-source-map.
#8 426.2 Preparing to unpack .../139-node-source-map_0.7.0++dfsg2+really.0.6.1-15_all.deb ...
#8 426.3 Unpacking node-source-map (0.7.0++dfsg2+really.0.6.1-15) ...
#8 426.6 Selecting previously unselected package handlebars.
#8 426.6 Preparing to unpack .../140-handlebars_3%3a4.7.7+~4.1.0-1_all.deb ...
#8 426.6 Unpacking handlebars (3:4.7.7+~4.1.0-1) ...
#8 426.8 Selecting previously unselected package hicolor-icon-theme.
#8 426.8 Preparing to unpack .../141-hicolor-icon-theme_0.18-2_all.deb ...
#8 426.8 Unpacking hicolor-icon-theme (0.18-2) ...
#8 427.8 Selecting previously unselected package imagemagick-7.q16.
#8 427.8 Preparing to unpack .../142-imagemagick-7.q16_8%3a7.1.1.43+dfsg1-1+deb13u11_amd64.deb ...
#8 427.9 Unpacking imagemagick-7.q16 (8:7.1.1.43+dfsg1-1+deb13u11) ...
#8 428.1 Selecting previously unselected package imagemagick.
#8 428.1 Preparing to unpack .../143-imagemagick_8%3a7.1.1.43+dfsg1-1+deb13u11_amd64.deb ...
#8 428.1 Unpacking imagemagick (8:7.1.1.43+dfsg1-1+deb13u11) ...
#8 428.2 Selecting previously unselected package javascript-common.
#8 428.3 Preparing to unpack .../144-javascript-common_12+nmu1_all.deb ...
#8 428.3 Unpacking javascript-common (12+nmu1) ...
#8 428.5 Selecting previously unselected package libabsl20240722:amd64.
#8 428.5 Preparing to unpack .../145-libabsl20240722_20240722.0-4_amd64.deb ...
#8 428.5 Unpacking libabsl20240722:amd64 (20240722.0-4) ...
#8 429.0 Selecting previously unselected package libaom3:amd64.
#8 429.0 Preparing to unpack .../146-libaom3_3.12.1-1+deb13u1_amd64.deb ...
#8 429.0 Unpacking libaom3:amd64 (3.12.1-1+deb13u1) ...
#8 429.4 Selecting previously unselected package libarchive-zip-perl.
#8 429.4 Preparing to unpack .../147-libarchive-zip-perl_1.68-1_all.deb ...
#8 429.4 Unpacking libarchive-zip-perl (1.68-1) ...
#8 429.6 Selecting previously unselected package libauthen-sasl-perl.
#8 429.6 Preparing to unpack .../148-libauthen-sasl-perl_2.1700-1_all.deb ...
#8 429.6 Unpacking libauthen-sasl-perl (2.1700-1) ...
#8 429.7 Selecting previously unselected package libclone-perl:amd64.
#8 429.7 Preparing to unpack .../149-libclone-perl_0.47-1+b1_amd64.deb ...
#8 429.7 Unpacking libclone-perl:amd64 (0.47-1+b1) ...
#8 429.8 Selecting previously unselected package libcompress-raw-lzma-perl:amd64.
#8 429.8 Preparing to unpack .../150-libcompress-raw-lzma-perl_2.213-1+b1_amd64.deb ...
#8 429.8 Unpacking libcompress-raw-lzma-perl:amd64 (2.213-1+b1) ...
#8 430.0 Selecting previously unselected package libjson-c5:amd64.
#8 430.0 Preparing to unpack .../151-libjson-c5_0.18+ds-1_amd64.deb ...
#8 430.0 Unpacking libjson-c5:amd64 (0.18+ds-1) ...
#8 430.1 Selecting previously unselected package libcryptsetup12:amd64.
#8 430.1 Preparing to unpack .../152-libcryptsetup12_2%3a2.7.5-2_amd64.deb ...
#8 430.1 Unpacking libcryptsetup12:amd64 (2:2.7.5-2) ...
#8 430.2 Selecting previously unselected package libdata-dump-perl.
#8 430.3 Preparing to unpack .../153-libdata-dump-perl_1.25-1_all.deb ...
#8 430.3 Unpacking libdata-dump-perl (1.25-1) ...
#8 430.3 Selecting previously unselected package libdrm-common.
#8 430.3 Preparing to unpack .../154-libdrm-common_2.4.124-2_all.deb ...
#8 430.3 Unpacking libdrm-common (2.4.124-2) ...
#8 430.4 Selecting previously unselected package libdrm2:amd64.
#8 430.4 Preparing to unpack .../155-libdrm2_2.4.124-2_amd64.deb ...
#8 430.4 Unpacking libdrm2:amd64 (2.4.124-2) ...
#8 430.6 Selecting previously unselected package libdrm-amdgpu1:amd64.
#8 430.6 Preparing to unpack .../156-libdrm-amdgpu1_2.4.124-2_amd64.deb ...
#8 430.6 Unpacking libdrm-amdgpu1:amd64 (2.4.124-2) ...
#8 430.8 Selecting previously unselected package libpciaccess0:amd64.
#8 430.8 Preparing to unpack .../157-libpciaccess0_0.17-3+b3_amd64.deb ...
#8 430.8 Unpacking libpciaccess0:amd64 (0.17-3+b3) ...
#8 430.9 Selecting previously unselected package libdrm-intel1:amd64.
#8 430.9 Preparing to unpack .../158-libdrm-intel1_2.4.124-2_amd64.deb ...
#8 430.9 Unpacking libdrm-intel1:amd64 (2.4.124-2) ...
#8 431.0 Selecting previously unselected package libwayland-server0:amd64.
#8 431.0 Preparing to unpack .../159-libwayland-server0_1.23.1-3_amd64.deb ...
#8 431.0 Unpacking libwayland-server0:amd64 (1.23.1-3) ...
#8 431.1 Selecting previously unselected package libz3-4:amd64.
#8 431.1 Preparing to unpack .../160-libz3-4_4.13.3-1_amd64.deb ...
#8 431.1 Unpacking libz3-4:amd64 (4.13.3-1) ...
#8 432.0 Selecting previously unselected package libllvm19:amd64.
#8 432.1 Preparing to unpack .../161-libllvm19_1%3a19.1.7-3+b1_amd64.deb ...
#8 432.1 Unpacking libllvm19:amd64 (1:19.1.7-3+b1) ...
#8 435.3 Selecting previously unselected package libsensors-config.
#8 435.3 Preparing to unpack .../162-libsensors-config_1%3a3.6.2-2_all.deb ...
#8 435.3 Unpacking libsensors-config (1:3.6.2-2) ...
#8 435.5 Selecting previously unselected package libsensors5:amd64.
#8 435.5 Preparing to unpack .../163-libsensors5_1%3a3.6.2-2_amd64.deb ...
#8 435.5 Unpacking libsensors5:amd64 (1:3.6.2-2) ...
#8 435.7 Selecting previously unselected package libx11-xcb1:amd64.
#8 435.7 Preparing to unpack .../164-libx11-xcb1_2%3a1.8.12-1_amd64.deb ...
#8 435.7 Unpacking libx11-xcb1:amd64 (2:1.8.12-1) ...
#8 435.9 Selecting previously unselected package libxcb-dri3-0:amd64.
#8 435.9 Preparing to unpack .../165-libxcb-dri3-0_1.17.0-2+b1_amd64.deb ...
#8 436.0 Unpacking libxcb-dri3-0:amd64 (1.17.0-2+b1) ...
#8 436.2 Selecting previously unselected package libxcb-present0:amd64.
#8 436.2 Preparing to unpack .../166-libxcb-present0_1.17.0-2+b1_amd64.deb ...
#8 436.3 Unpacking libxcb-present0:amd64 (1.17.0-2+b1) ...
#8 439.1 Selecting previously unselected package libxcb-randr0:amd64.
#8 439.1 Preparing to unpack .../167-libxcb-randr0_1.17.0-2+b1_amd64.deb ...
#8 439.3 Unpacking libxcb-randr0:amd64 (1.17.0-2+b1) ...
#8 439.5 Selecting previously unselected package libxcb-sync1:amd64.
#8 439.5 Preparing to unpack .../168-libxcb-sync1_1.17.0-2+b1_amd64.deb ...
#8 439.6 Unpacking libxcb-sync1:amd64 (1.17.0-2+b1) ...
#8 440.0 Selecting previously unselected package libxcb-xfixes0:amd64.
#8 440.1 Preparing to unpack .../169-libxcb-xfixes0_1.17.0-2+b1_amd64.deb ...
#8 440.1 Unpacking libxcb-xfixes0:amd64 (1.17.0-2+b1) ...
#8 440.2 Selecting previously unselected package libxshmfence1:amd64.
#8 440.2 Preparing to unpack .../170-libxshmfence1_1.3.3-1_amd64.deb ...
#8 440.3 Unpacking libxshmfence1:amd64 (1.3.3-1) ...
#8 440.4 Selecting previously unselected package mesa-libgallium:amd64.
#8 440.4 Preparing to unpack .../171-mesa-libgallium_25.0.7-2+deb13u1_amd64.deb ...
#8 440.4 Unpacking mesa-libgallium:amd64 (25.0.7-2+deb13u1) ...
#8 443.2 Selecting previously unselected package libgbm1:amd64.
#8 443.2 Preparing to unpack .../172-libgbm1_25.0.7-2+deb13u1_amd64.deb ...
#8 443.2 Unpacking libgbm1:amd64 (25.0.7-2+deb13u1) ...
#8 443.4 Selecting previously unselected package libwayland-client0:amd64.
#8 443.4 Preparing to unpack .../173-libwayland-client0_1.23.1-3_amd64.deb ...
#8 443.4 Unpacking libwayland-client0:amd64 (1.23.1-3) ...
#8 443.5 Selecting previously unselected package libegl-mesa0:amd64.
#8 443.5 Preparing to unpack .../174-libegl-mesa0_25.0.7-2+deb13u1_amd64.deb ...
#8 443.5 Unpacking libegl-mesa0:amd64 (25.0.7-2+deb13u1) ...
#8 443.8 Selecting previously unselected package libencode-locale-perl.
#8 443.8 Preparing to unpack .../175-libencode-locale-perl_1.05-3_all.deb ...
#8 443.8 Unpacking libencode-locale-perl (1.05-3) ...
#8 444.0 Selecting previously unselected package libexif-doc.
#8 444.0 Preparing to unpack .../176-libexif-doc_0.6.25-1+deb13u1_all.deb ...
#8 444.0 Unpacking libexif-doc (0.6.25-1+deb13u1) ...
#8 444.2 Selecting previously unselected package libipc-system-simple-perl.
#8 444.2 Preparing to unpack .../177-libipc-system-simple-perl_1.30-2_all.deb ...
#8 444.2 Unpacking libipc-system-simple-perl (1.30-2) ...
#8 444.3 Selecting previously unselected package libfile-basedir-perl.
#8 444.3 Preparing to unpack .../178-libfile-basedir-perl_0.09-2_all.deb ...
#8 444.3 Unpacking libfile-basedir-perl (0.09-2) ...
#8 444.4 Selecting previously unselected package liburi-perl.
#8 444.4 Preparing to unpack .../179-liburi-perl_5.30-1_all.deb ...
#8 444.5 Unpacking liburi-perl (5.30-1) ...
#8 444.6 Selecting previously unselected package libfile-desktopentry-perl.
#8 444.6 Preparing to unpack .../180-libfile-desktopentry-perl_0.22-3_all.deb ...
#8 444.7 Unpacking libfile-desktopentry-perl (0.22-3) ...
#8 444.8 Selecting previously unselected package libtimedate-perl.
#8 444.8 Preparing to unpack .../181-libtimedate-perl_2.3300-2_all.deb ...
#8 444.8 Unpacking libtimedate-perl (2.3300-2) ...
#8 445.0 Selecting previously unselected package libhttp-date-perl.
#8 445.0 Preparing to unpack .../182-libhttp-date-perl_6.06-1_all.deb ...
#8 445.1 Unpacking libhttp-date-perl (6.06-1) ...
#8 445.2 Selecting previously unselected package libfile-listing-perl.
#8 445.2 Preparing to unpack .../183-libfile-listing-perl_6.16-1_all.deb ...
#8 445.2 Unpacking libfile-listing-perl (6.16-1) ...
#8 445.4 Selecting previously unselected package libfile-mimeinfo-perl.
#8 445.4 Preparing to unpack .../184-libfile-mimeinfo-perl_0.35-1_all.deb ...
#8 445.4 Unpacking libfile-mimeinfo-perl (0.35-1) ...
#8 445.5 Selecting previously unselected package libfont-afm-perl.
#8 445.5 Preparing to unpack .../185-libfont-afm-perl_1.20-4_all.deb ...
#8 445.5 Unpacking libfont-afm-perl (1.20-4) ...
#8 445.7 Selecting previously unselected package libglvnd0:amd64.
#8 445.7 Preparing to unpack .../186-libglvnd0_1.7.0-1+b2_amd64.deb ...
#8 445.7 Unpacking libglvnd0:amd64 (1.7.0-1+b2) ...
#8 445.9 Selecting previously unselected package libxcb-glx0:amd64.
#8 445.9 Preparing to unpack .../187-libxcb-glx0_1.17.0-2+b1_amd64.deb ...
#8 445.9 Unpacking libxcb-glx0:amd64 (1.17.0-2+b1) ...
#8 446.0 Selecting previously unselected package libxxf86vm1:amd64.
#8 446.1 Preparing to unpack .../188-libxxf86vm1_1%3a1.1.4-1+b4_amd64.deb ...
#8 446.1 Unpacking libxxf86vm1:amd64 (1:1.1.4-1+b4) ...
#8 446.3 Selecting previously unselected package libvulkan1:amd64.
#8 446.3 Preparing to unpack .../189-libvulkan1_1.4.309.0-1_amd64.deb ...
#8 446.4 Unpacking libvulkan1:amd64 (1.4.309.0-1) ...
#8 446.6 Selecting previously unselected package libgl1-mesa-dri:amd64.
#8 446.7 Preparing to unpack .../190-libgl1-mesa-dri_25.0.7-2+deb13u1_amd64.deb ...
#8 446.8 Unpacking libgl1-mesa-dri:amd64 (25.0.7-2+deb13u1) ...
#8 446.9 Selecting previously unselected package libglx-mesa0:amd64.
#8 447.0 Preparing to unpack .../191-libglx-mesa0_25.0.7-2+deb13u1_amd64.deb ...
#8 447.0 Unpacking libglx-mesa0:amd64 (25.0.7-2+deb13u1) ...
#8 447.2 Selecting previously unselected package libglx0:amd64.
#8 447.2 Preparing to unpack .../192-libglx0_1.7.0-1+b2_amd64.deb ...
#8 447.3 Unpacking libglx0:amd64 (1.7.0-1+b2) ...
#8 447.5 Selecting previously unselected package libgl1:amd64.
#8 447.5 Preparing to unpack .../193-libgl1_1.7.0-1+b2_amd64.deb ...
#8 447.5 Unpacking libgl1:amd64 (1.7.0-1+b2) ...
#8 447.8 Selecting previously unselected package libgles2:amd64.
#8 447.8 Preparing to unpack .../194-libgles2_1.7.0-1+b2_amd64.deb ...
#8 447.9 Unpacking libgles2:amd64 (1.7.0-1+b2) ...
#8 448.0 Selecting previously unselected package libgpm2:amd64.
#8 448.0 Preparing to unpack .../195-libgpm2_1.20.7-11+b2_amd64.deb ...
#8 448.0 Unpacking libgpm2:amd64 (1.20.7-11+b2) ...
#8 448.1 Selecting previously unselected package libheif-plugin-aomenc:amd64.
#8 448.1 Preparing to unpack .../196-libheif-plugin-aomenc_1.19.8-1+deb13u1_amd64.deb ...
#8 448.2 Unpacking libheif-plugin-aomenc:amd64 (1.19.8-1+deb13u1) ...
#8 448.4 Selecting previously unselected package libnuma1:amd64.
#8 448.4 Preparing to unpack .../197-libnuma1_2.0.19-1_amd64.deb ...
#8 448.5 Unpacking libnuma1:amd64 (2.0.19-1) ...
#8 448.6 Selecting previously unselected package libx265-215:amd64.
#8 448.6 Preparing to unpack .../198-libx265-215_4.1-2_amd64.deb ...
#8 448.7 Unpacking libx265-215:amd64 (4.1-2) ...
#8 449.8 Selecting previously unselected package libheif-plugin-x265:amd64.
#8 449.8 Preparing to unpack .../199-libheif-plugin-x265_1.19.8-1+deb13u1_amd64.deb ...
#8 449.8 Unpacking libheif-plugin-x265:amd64 (1.19.8-1+deb13u1) ...
#8 450.0 Selecting previously unselected package libhtml-tagset-perl.
#8 450.0 Preparing to unpack .../200-libhtml-tagset-perl_3.24-1_all.deb ...
#8 450.1 Unpacking libhtml-tagset-perl (3.24-1) ...
#8 450.2 Selecting previously unselected package libhtml-parser-perl:amd64.
#8 450.3 Preparing to unpack .../201-libhtml-parser-perl_3.83-2~deb13u1_amd64.deb ...
#8 450.3 Unpacking libhtml-parser-perl:amd64 (3.83-2~deb13u1) ...
#8 450.5 Selecting previously unselected package libio-html-perl.
#8 450.5 Preparing to unpack .../202-libio-html-perl_1.004-3_all.deb ...
#8 450.5 Unpacking libio-html-perl (1.004-3) ...
#8 450.7 Selecting previously unselected package liblwp-mediatypes-perl.
#8 450.7 Preparing to unpack .../203-liblwp-mediatypes-perl_6.04-2_all.deb ...
#8 450.7 Unpacking liblwp-mediatypes-perl (6.04-2) ...
#8 450.9 Selecting previously unselected package libhttp-message-perl.
#8 451.0 Preparing to unpack .../204-libhttp-message-perl_7.00-2_all.deb ...
#8 451.0 Unpacking libhttp-message-perl (7.00-2) ...
#8 451.2 Selecting previously unselected package libhtml-form-perl.
#8 451.2 Preparing to unpack .../205-libhtml-form-perl_6.12-1_all.deb ...
#8 451.3 Unpacking libhtml-form-perl (6.12-1) ...
#8 451.5 Selecting previously unselected package libhtml-tree-perl.
#8 451.5 Preparing to unpack .../206-libhtml-tree-perl_5.07-3_all.deb ...
#8 451.5 Unpacking libhtml-tree-perl (5.07-3) ...
#8 451.7 Selecting previously unselected package libhtml-format-perl.
#8 451.7 Preparing to unpack .../207-libhtml-format-perl_2.16-2_all.deb ...
#8 451.7 Unpacking libhtml-format-perl (2.16-2) ...
#8 451.9 Selecting previously unselected package libhttp-cookies-perl.
#8 451.9 Preparing to unpack .../208-libhttp-cookies-perl_6.11-1_all.deb ...
#8 451.9 Unpacking libhttp-cookies-perl (6.11-1) ...
#8 452.1 Selecting previously unselected package libhttp-daemon-perl.
#8 452.1 Preparing to unpack .../209-libhttp-daemon-perl_6.16-1+deb13u1_all.deb ...
#8 452.2 Unpacking libhttp-daemon-perl (6.16-1+deb13u1) ...
#8 452.3 Selecting previously unselected package libhttp-negotiate-perl.
#8 452.3 Preparing to unpack .../210-libhttp-negotiate-perl_6.01-2_all.deb ...
#8 452.3 Unpacking libhttp-negotiate-perl (6.01-2) ...
#8 452.4 Selecting previously unselected package libimage-exiftool-perl.
#8 452.4 Preparing to unpack .../211-libimage-exiftool-perl_13.25+dfsg-1_all.deb ...
#8 452.5 Unpacking libimage-exiftool-perl (13.25+dfsg-1) ...
#8 453.7 Selecting previously unselected package libio-compress-brotli-perl.
#8 453.7 Preparing to unpack .../212-libio-compress-brotli-perl_0.004001-2+b3_amd64.deb ...
#8 453.7 Unpacking libio-compress-brotli-perl (0.004001-2+b3) ...
#8 453.8 Selecting previously unselected package perl-openssl-defaults:amd64.
#8 453.8 Preparing to unpack .../213-perl-openssl-defaults_7+b2_amd64.deb ...
#8 453.9 Unpacking perl-openssl-defaults:amd64 (7+b2) ...
#8 454.0 Selecting previously unselected package libnet-ssleay-perl:amd64.
#8 454.0 Preparing to unpack .../214-libnet-ssleay-perl_1.94-3_amd64.deb ...
#8 454.0 Unpacking libnet-ssleay-perl:amd64 (1.94-3) ...
#8 454.1 Selecting previously unselected package libio-socket-ssl-perl.
#8 454.1 Preparing to unpack .../215-libio-socket-ssl-perl_2.089-1_all.deb ...
#8 454.1 Unpacking libio-socket-ssl-perl (2.089-1) ...
#8 454.3 Selecting previously unselected package libio-stringy-perl.
#8 454.3 Preparing to unpack .../216-libio-stringy-perl_2.113-2_all.deb ...
#8 454.3 Unpacking libio-stringy-perl (2.113-2) ...
#8 454.4 Selecting previously unselected package libjs-events.
#8 454.5 Preparing to unpack .../217-libjs-events_3.3.0+~3.0.0-3_all.deb ...
#8 454.5 Unpacking libjs-events (3.3.0+~3.0.0-3) ...
#8 454.6 Selecting previously unselected package libjs-is-typedarray.
#8 454.6 Preparing to unpack .../218-libjs-is-typedarray_1.0.0-4_all.deb ...
#8 454.6 Unpacking libjs-is-typedarray (1.0.0-4) ...
#8 454.7 Selecting previously unselected package libjs-prettify.
#8 454.7 Preparing to unpack .../219-libjs-prettify_2015.12.04+dfsg-1.1_all.deb ...
#8 454.8 Unpacking libjs-prettify (2015.12.04+dfsg-1.1) ...
#8 454.9 Selecting previously unselected package libjs-sprintf-js.
#8 454.9 Preparing to unpack .../220-libjs-sprintf-js_1.1.2+ds1+~1.1.2-1_all.deb ...
#8 455.0 Unpacking libjs-sprintf-js (1.1.2+ds1+~1.1.2-1) ...
#8 455.1 Selecting previously unselected package libjs-typedarray-to-buffer.
#8 455.1 Preparing to unpack .../221-libjs-typedarray-to-buffer_4.0.0-2_all.deb ...
#8 455.1 Unpacking libjs-typedarray-to-buffer (4.0.0-2) ...
#8 455.3 Selecting previously unselected package node-lodash-packages.
#8 455.3 Preparing to unpack .../222-node-lodash-packages_4.17.21+dfsg+~cs8.31.198.20210220-9_all.deb ...
#8 455.3 Unpacking node-lodash-packages (4.17.21+dfsg+~cs8.31.198.20210220-9) ...
#8 459.9 Selecting previously unselected package node-function-bind.
#8 459.9 Preparing to unpack .../223-node-function-bind_1.1.2+~cs2.1.14-1_all.deb ...
#8 459.9 Unpacking node-function-bind (1.1.2+~cs2.1.14-1) ...
#8 460.1 Selecting previously unselected package node-object-inspect.
#8 460.1 Preparing to unpack .../224-node-object-inspect_1.12.2+~cs1.8.1-1_all.deb ...
#8 460.2 Unpacking node-object-inspect (1.12.2+~cs1.8.1-1) ...
#8 460.3 Selecting previously unselected package node-es-abstract.
#8 460.3 Preparing to unpack .../225-node-es-abstract_1.20.4+~cs26.27.47-2_all.deb ...
#8 460.4 Unpacking node-es-abstract (1.20.4+~cs26.27.47-2) ...
#8 462.3 Selecting previously unselected package node-resolve.
#8 462.3 Preparing to unpack .../226-node-resolve_1.22.8+~cs5.34.15-2_all.deb ...
#8 462.4 Unpacking node-resolve (1.22.8+~cs5.34.15-2) ...
#8 462.6 Selecting previously unselected package node-define-properties.
#8 462.6 Preparing to unpack .../227-node-define-properties_1.2.1+~cs2.2.3-1_all.deb ...
#8 462.6 Unpacking node-define-properties (1.2.1+~cs2.2.3-1) ...
#8 462.8 Selecting previously unselected package node-debbundle-es-to-primitive.
#8 462.8 Preparing to unpack .../228-node-debbundle-es-to-primitive_1.2.1+~cs9.7.25-2_all.deb ...
#8 462.8 Unpacking node-debbundle-es-to-primitive (1.2.1+~cs9.7.25-2) ...
#8 463.1 Selecting previously unselected package node-isobject.
#8 463.1 Preparing to unpack .../229-node-isobject_4.0.0-2_all.deb ...
#8 463.1 Unpacking node-isobject (4.0.0-2) ...
#8 463.2 Selecting previously unselected package node-is-descriptor.
#8 463.2 Preparing to unpack .../230-node-is-descriptor_3.0.0-2_all.deb ...
#8 463.2 Unpacking node-is-descriptor (3.0.0-2) ...
#8 463.4 Selecting previously unselected package node-define-property.
#8 463.4 Preparing to unpack .../231-node-define-property_2.0.2+really+2.0.2-3_all.deb ...
#8 463.4 Unpacking node-define-property (2.0.2+really+2.0.2-3) ...
#8 463.5 Selecting previously unselected package node-defined.
#8 463.5 Preparing to unpack .../232-node-defined_1.0.1+~1.0.0-1_all.deb ...
#8 463.6 Unpacking node-defined (1.0.1+~1.0.0-1) ...
#8 463.7 Selecting previously unselected package node-abbrev.
#8 463.7 Preparing to unpack .../233-node-abbrev_1.1.1+~1.1.2-1_all.deb ...
#8 463.8 Unpacking node-abbrev (1.1.1+~1.1.2-1) ...
#8 464.0 Selecting previously unselected package node-archy.
#8 464.0 Preparing to unpack .../234-node-archy_1.0.0-6_all.deb ...
#8 464.0 Unpacking node-archy (1.0.0-6) ...
#8 464.2 Selecting previously unselected package node-async.
#8 464.2 Preparing to unpack .../235-node-async_3.2.6+dfsg-2_all.deb ...
#8 464.2 Unpacking node-async (3.2.6+dfsg-2) ...
#8 464.5 Selecting previously unselected package node-convert-source-map.
#8 464.6 Preparing to unpack .../236-node-convert-source-map_1.9.0+~1.5.2-1_all.deb ...
#8 464.6 Unpacking node-convert-source-map (1.9.0+~1.5.2-1) ...
#8 464.7 Selecting previously unselected package node-decamelize.
#8 464.7 Preparing to unpack .../237-node-decamelize_4.0.0-2_all.deb ...
#8 464.7 Unpacking node-decamelize (4.0.0-2) ...
#8 464.9 Selecting previously unselected package node-es6-error.
#8 464.9 Preparing to unpack .../238-node-es6-error_4.1.1-5_all.deb ...
#8 464.9 Unpacking node-es6-error (4.1.1-5) ...
#8 465.0 Selecting previously unselected package node-esprima.
#8 465.0 Preparing to unpack .../239-node-esprima_4.0.1+ds+~4.0.3-2_all.deb ...
#8 465.1 Unpacking node-esprima (4.0.1+ds+~4.0.3-2) ...
#8 465.3 Selecting previously unselected package node-escodegen.
#8 465.3 Preparing to unpack .../240-node-escodegen_2.1.0+dfsg+~0.0.8-1_all.deb ...
#8 465.3 Unpacking node-escodegen (2.1.0+dfsg+~0.0.8-1) ...
#8 465.5 Selecting previously unselected package node-commondir.
#8 465.5 Preparing to unpack .../241-node-commondir_1.0.1+~1.0.0-1_all.deb ...
#8 465.5 Unpacking node-commondir (1.0.1+~1.0.0-1) ...
#8 465.6 Selecting previously unselected package node-is-number.
#8 465.6 Preparing to unpack .../242-node-is-number_7.0.0-4_all.deb ...
#8 465.7 Unpacking node-is-number (7.0.0-4) ...
#8 465.8 Selecting previously unselected package node-repeat-string.
#8 465.8 Preparing to unpack .../243-node-repeat-string_1.6.1+repack-1_all.deb ...
#8 465.8 Unpacking node-repeat-string (1.6.1+repack-1) ...
#8 465.9 Selecting previously unselected package node-to-regex-range.
#8 465.9 Preparing to unpack .../244-node-to-regex-range_5.0.1-4_all.deb ...
#8 465.9 Unpacking node-to-regex-range (5.0.1-4) ...
#8 466.1 Selecting previously unselected package node-fill-range.
#8 466.1 Preparing to unpack .../245-node-fill-range_7.1.1+~7.0.3-1_all.deb ...
#8 466.1 Unpacking node-fill-range (7.1.1+~7.0.3-1) ...
#8 466.3 Selecting previously unselected package node-braces.
#8 466.3 Preparing to unpack .../246-node-braces_3.0.3+~3.0.5-1_all.deb ...
#8 466.3 Unpacking node-braces (3.0.3+~3.0.5-1) ...
#8 466.5 Selecting previously unselected package node-normalize-path.
#8 466.5 Preparing to unpack .../247-node-normalize-path_3.0.0+~3.0.0-1_all.deb ...
#8 466.6 Unpacking node-normalize-path (3.0.0+~3.0.0-1) ...
#8 466.7 Selecting previously unselected package node-anymatch.
#8 466.7 Preparing to unpack .../248-node-anymatch_3.1.3+~cs4.6.1-2_all.deb ...
#8 466.7 Unpacking node-anymatch (3.1.3+~cs4.6.1-2) ...
#8 466.8 Selecting previously unselected package node-micromatch.
#8 466.8 Preparing to unpack .../249-node-micromatch_4.0.7+~4.0.9-1_all.deb ...
#8 466.8 Unpacking node-micromatch (4.0.7+~4.0.9-1) ...
#8 466.9 Selecting previously unselected package node-pify.
#8 466.9 Preparing to unpack .../250-node-pify_5.0.0+~cs5.0.1-1_all.deb ...
#8 467.0 Unpacking node-pify (5.0.0+~cs5.0.1-1) ...
#8 467.1 Selecting previously unselected package node-path-type.
#8 467.1 Preparing to unpack .../251-node-path-type_4.0.0-3_all.deb ...
#8 467.1 Unpacking node-path-type (4.0.0-3) ...
#8 467.2 Selecting previously unselected package node-n3.
#8 467.2 Preparing to unpack .../252-node-n3_1.16.3+~1.2.3+~1.10.4-1_all.deb ...
#8 467.3 Unpacking node-n3 (1.16.3+~1.2.3+~1.10.4-1) ...
#8 467.4 Selecting previously unselected package node-slash.
#8 467.4 Preparing to unpack .../253-node-slash_4.0.0-3_all.deb ...
#8 467.4 Unpacking node-slash (4.0.0-3) ...
#8 467.5 Selecting previously unselected package node-globby.
#8 467.5 Preparing to unpack .../254-node-globby_13.1.3+~cs16.25.40-3_all.deb ...
#8 467.6 Unpacking node-globby (13.1.3+~cs16.25.40-3) ...
#8 467.8 Selecting previously unselected package node-graceful-fs.
#8 467.9 Preparing to unpack .../255-node-graceful-fs_4.2.10-1_all.deb ...
#8 467.9 Unpacking node-graceful-fs (4.2.10-1) ...
#8 468.0 Selecting previously unselected package node-is-path-cwd.
#8 468.0 Preparing to unpack .../256-node-is-path-cwd_2.2.0-2_all.deb ...
#8 468.1 Unpacking node-is-path-cwd (2.2.0-2) ...
#8 468.2 Selecting previously unselected package node-path-is-inside.
#8 468.2 Preparing to unpack .../257-node-path-is-inside_1.0.2+~1.0.0-1_all.deb ...
#8 468.2 Unpacking node-path-is-inside (1.0.2+~1.0.0-1) ...
#8 468.3 Selecting previously unselected package node-is-path-inside.
#8 468.3 Preparing to unpack .../258-node-is-path-inside_3.0.3-2_all.deb ...
#8 468.3 Unpacking node-is-path-inside (3.0.3-2) ...
#8 468.5 Selecting previously unselected package node-escape-string-regexp.
#8 468.5 Preparing to unpack .../259-node-escape-string-regexp_4.0.0-2_all.deb ...
#8 468.5 Unpacking node-escape-string-regexp (4.0.0-2) ...
#8 468.7 Selecting previously unselected package node-indent-string.
#8 468.7 Preparing to unpack .../260-node-indent-string_4.0.0-2_all.deb ...
#8 468.7 Unpacking node-indent-string (4.0.0-2) ...
#8 468.9 Selecting previously unselected package node-p-map.
#8 468.9 Preparing to unpack .../261-node-p-map_4.0.0+~3.1.0+~3.0.1-2_all.deb ...
#8 468.9 Unpacking node-p-map (4.0.0+~3.1.0+~3.0.1-2) ...
#8 469.1 Selecting previously unselected package node-del.
#8 469.1 Preparing to unpack .../262-node-del_7.1.0-1_all.deb ...
#8 469.1 Unpacking node-del (7.1.0-1) ...
#8 469.4 Selecting previously unselected package node-make-dir.
#8 469.4 Preparing to unpack .../263-node-make-dir_3.1.0-3_all.deb ...
#8 469.4 Unpacking node-make-dir (3.1.0-3) ...
#8 469.6 Selecting previously unselected package node-p-limit.
#8 469.6 Preparing to unpack .../264-node-p-limit_4.0.0+~cs4.0.0-5_all.deb ...
#8 469.6 Unpacking node-p-limit (4.0.0+~cs4.0.0-5) ...
#8 469.8 Selecting previously unselected package node-p-locate.
#8 469.8 Preparing to unpack .../265-node-p-locate_6.0.0-12_all.deb ...
#8 469.9 Unpacking node-p-locate (6.0.0-12) ...
#8 470.1 Selecting previously unselected package node-locate-path.
#8 470.1 Preparing to unpack .../266-node-locate-path_7.1.1-2_all.deb ...
#8 470.1 Unpacking node-locate-path (7.1.1-2) ...
#8 470.2 Selecting previously unselected package node-path-exists.
#8 470.2 Preparing to unpack .../267-node-path-exists_5.0.0-8_all.deb ...
#8 470.2 Unpacking node-path-exists (5.0.0-8) ...
#8 470.4 Selecting previously unselected package node-find-up.
#8 470.4 Preparing to unpack .../268-node-find-up_6.3.0-7_all.deb ...
#8 470.4 Unpacking node-find-up (6.3.0-7) ...
#8 470.5 Selecting previously unselected package node-pkg-dir.
#8 470.5 Preparing to unpack .../269-node-pkg-dir_5.0.0-2_all.deb ...
#8 470.5 Unpacking node-pkg-dir (5.0.0-2) ...
#8 470.6 Selecting previously unselected package node-find-cache-dir.
#8 470.6 Preparing to unpack .../270-node-find-cache-dir_3.3.2+~3.2.1-1_all.deb ...
#8 470.6 Unpacking node-find-cache-dir (3.3.2+~3.2.1-1) ...
#8 470.8 Selecting previously unselected package node-signal-exit.
#8 470.8 Preparing to unpack .../271-node-signal-exit_4.1.0-7_all.deb ...
#8 470.8 Unpacking node-signal-exit (4.1.0-7) ...
#8 470.9 Selecting previously unselected package node-foreground-child.
#8 470.9 Preparing to unpack .../272-node-foreground-child_3.1.1-2_all.deb ...
#8 470.9 Unpacking node-foreground-child (3.1.1-2) ...
#8 471.2 Selecting previously unselected package node-is-stream.
#8 471.2 Preparing to unpack .../273-node-is-stream_3.0.0-4_all.deb ...
#8 471.2 Unpacking node-is-stream (3.0.0-4) ...
#8 471.3 Selecting previously unselected package node-is-windows.
#8 471.4 Preparing to unpack .../274-node-is-windows_1.0.2+~cs1.0.0-1_all.deb ...
#8 471.4 Unpacking node-is-windows (1.0.2+~cs1.0.0-1) ...
#8 471.6 Selecting previously unselected package node-ampproject-remapping.
#8 471.6 Preparing to unpack .../275-node-ampproject-remapping_2.2.0+~cs5.15.37-1_all.deb ...
#8 471.6 Unpacking node-ampproject-remapping (2.2.0+~cs5.15.37-1) ...
#8 471.8 Selecting previously unselected package node-sprintf-js.
#8 471.8 Preparing to unpack .../276-node-sprintf-js_1.1.2+ds1+~1.1.2-1_all.deb ...
#8 471.9 Unpacking node-sprintf-js (1.1.2+ds1+~1.1.2-1) ...
#8 472.0 Selecting previously unselected package node-argparse.
#8 472.0 Preparing to unpack .../277-node-argparse_2.0.1-2_all.deb ...
#8 472.0 Unpacking node-argparse (2.0.1-2) ...
#8 472.1 Selecting previously unselected package node-js-yaml.
#8 472.2 Preparing to unpack .../278-node-js-yaml_4.1.0+dfsg+~4.0.5-7_all.deb ...
#8 472.2 Unpacking node-js-yaml (4.1.0+dfsg+~4.0.5-7) ...
#8 472.3 Selecting previously unselected package node-nopt.
#8 472.3 Preparing to unpack .../279-node-nopt_5.0.0-4_all.deb ...
#8 472.3 Unpacking node-nopt (5.0.0-4) ...
#8 472.5 Selecting previously unselected package node-npm-run-path.
#8 472.5 Preparing to unpack .../280-node-npm-run-path_5.1.0+~4.0.0-8_all.deb ...
#8 472.5 Unpacking node-npm-run-path (5.1.0+~4.0.0-8) ...
#8 472.6 Selecting previously unselected package node-shebang-regex.
#8 472.6 Preparing to unpack .../281-node-shebang-regex_3.0.0-2_all.deb ...
#8 472.6 Unpacking node-shebang-regex (3.0.0-2) ...
#8 472.8 Selecting previously unselected package node-shebang-command.
#8 472.8 Preparing to unpack .../282-node-shebang-command_2.0.0-1_all.deb ...
#8 472.8 Unpacking node-shebang-command (2.0.0-1) ...
#8 472.9 Selecting previously unselected package node-strip-bom.
#8 473.0 Preparing to unpack .../283-node-strip-bom_4.0.0-2_all.deb ...
#8 473.0 Unpacking node-strip-bom (4.0.0-2) ...
#8 473.1 Selecting previously unselected package node-has-flag.
#8 473.1 Preparing to unpack .../284-node-has-flag_5.0.1-1_all.deb ...
#8 473.2 Unpacking node-has-flag (5.0.1-1) ...
#8 473.3 Selecting previously unselected package node-supports-color.
#8 473.3 Preparing to unpack .../285-node-supports-color_8.1.1+~8.1.1-1_all.deb ...
#8 473.4 Unpacking node-supports-color (8.1.1+~8.1.1-1) ...
#8 473.5 Selecting previously unselected package node-util.
#8 473.5 Preparing to unpack .../286-node-util_0.12.5+~1.0.10-1_all.deb ...
#8 473.6 Unpacking node-util (0.12.5+~1.0.10-1) ...
#8 473.7 Selecting previously unselected package node-assert.
#8 473.7 Preparing to unpack .../287-node-assert_2.0.0+~cs3.9.8-2_all.deb ...
#8 473.7 Unpacking node-assert (2.0.0+~cs3.9.8-2) ...
#8 473.9 Selecting previously unselected package node-babel-plugin-add-module-exports.
#8 473.9 Preparing to unpack .../288-node-babel-plugin-add-module-exports_1.0.4+dfsg1~cs5.8.0-4_all.deb ...
#8 474.0 Unpacking node-babel-plugin-add-module-exports (1.0.4+dfsg1~cs5.8.0-4) ...
#8 474.1 Selecting previously unselected package node-regenerator-runtime.
#8 474.1 Preparing to unpack .../289-node-regenerator-runtime_0.15.2+~0.10.8-1_all.deb ...
#8 474.1 Unpacking node-regenerator-runtime (0.15.2+~0.10.8-1) ...
#8 474.3 Selecting previously unselected package node-babel7-runtime.
#8 474.3 Preparing to unpack .../290-node-babel7-runtime_7.20.15+ds1+~cs214.269.168-8_all.deb ...
#8 474.3 Unpacking node-babel7-runtime (7.20.15+ds1+~cs214.269.168-8) ...
#8 475.0 Selecting previously unselected package node-babel-helper-define-polyfill-provider.
#8 475.0 Preparing to unpack .../291-node-babel-helper-define-polyfill-provider_0.3.3~0~20220913+ds1-1_all.deb ...
#8 475.0 Unpacking node-babel-helper-define-polyfill-provider (0.3.3~0~20220913+ds1-1) ...
#8 475.2 Selecting previously unselected package node-babel-plugin-polyfill-corejs2.
#8 475.2 Preparing to unpack .../292-node-babel-plugin-polyfill-corejs2_0.3.3~0~20220913+ds1-1_all.deb ...
#8 475.2 Unpacking node-babel-plugin-polyfill-corejs2 (0.3.3~0~20220913+ds1-1) ...
#8 475.4 Selecting previously unselected package node-caniuse-lite.
#8 475.4 Preparing to unpack .../293-node-caniuse-lite_1.0.30001723+dfsg+~1.0.5-1_all.deb ...
#8 475.4 Unpacking node-caniuse-lite (1.0.30001723+dfsg+~1.0.5-1) ...
#8 475.8 Selecting previously unselected package node-electron-to-chromium.
#8 475.8 Preparing to unpack .../294-node-electron-to-chromium_1.5.166-1_all.deb ...
#8 475.9 Unpacking node-electron-to-chromium (1.5.166-1) ...
#8 476.0 Selecting previously unselected package node-picocolors.
#8 476.0 Preparing to unpack .../295-node-picocolors_1.0.0-4_all.deb ...
#8 476.1 Unpacking node-picocolors (1.0.0-4) ...
#8 476.2 Selecting previously unselected package node-browserslist.
#8 476.2 Preparing to unpack .../296-node-browserslist_4.25.0+~cs6.3.22-1_all.deb ...
#8 476.2 Unpacking node-browserslist (4.25.0+~cs6.3.22-1) ...
#8 476.4 Selecting previously unselected package node-core-js-compat.
#8 476.4 Preparing to unpack .../297-node-core-js-compat_3.33.2-1_all.deb ...
#8 476.4 Unpacking node-core-js-compat (3.33.2-1) ...
#8 476.6 Selecting previously unselected package node-babel-plugin-polyfill-corejs3.
#8 476.6 Preparing to unpack .../298-node-babel-plugin-polyfill-corejs3_0.6.0~0~20220913+ds1-1_all.deb ...
#8 476.6 Unpacking node-babel-plugin-polyfill-corejs3 (0.6.0~0~20220913+ds1-1) ...
#8 476.7 Selecting previously unselected package node-babel-plugin-polyfill-regenerator.
#8 476.8 Preparing to unpack .../299-node-babel-plugin-polyfill-regenerator_0.4.1~0~20220913+ds1-1_all.deb ...
#8 476.8 Unpacking node-babel-plugin-polyfill-regenerator (0.4.1~0~20220913+ds1-1) ...
#8 476.9 Selecting previously unselected package node-color-name.
#8 476.9 Preparing to unpack .../300-node-color-name_1.1.4+~1.1.1-2_all.deb ...
#8 476.9 Unpacking node-color-name (1.1.4+~1.1.1-2) ...
#8 477.1 Selecting previously unselected package node-color-convert.
#8 477.1 Preparing to unpack .../301-node-color-convert_2.0.1+~cs2.0.0-2_all.deb ...
#8 477.1 Unpacking node-color-convert (2.0.1+~cs2.0.0-2) ...
#8 477.2 Selecting previously unselected package node-ansi-styles.
#8 477.2 Preparing to unpack .../302-node-ansi-styles_6.2.1-3_all.deb ...
#8 477.2 Unpacking node-ansi-styles (6.2.1-3) ...
#8 477.3 Selecting previously unselected package node-chalk.
#8 477.3 Preparing to unpack .../303-node-chalk_5.3.0-1_all.deb ...
#8 477.3 Unpacking node-chalk (5.3.0-1) ...
#8 477.5 Selecting previously unselected package node-for-in.
#8 477.5 Preparing to unpack .../304-node-for-in_1.0.2-4_all.deb ...
#8 477.5 Unpacking node-for-in (1.0.2-4) ...
#8 477.6 Selecting previously unselected package node-for-own.
#8 477.6 Preparing to unpack .../305-node-for-own_1.0.0-3_all.deb ...
#8 477.6 Unpacking node-for-own (1.0.0-3) ...
#8 477.7 Selecting previously unselected package node-is-plain-object.
#8 477.7 Preparing to unpack .../306-node-is-plain-object_5.0.0-7_all.deb ...
#8 477.7 Unpacking node-is-plain-object (5.0.0-7) ...
#8 477.9 Selecting previously unselected package node-is-extendable.
#8 477.9 Preparing to unpack .../307-node-is-extendable_1.0.1-3_all.deb ...
#8 477.9 Unpacking node-is-extendable (1.0.1-3) ...
#8 478.0 Selecting previously unselected package node-clone-deep.
#8 478.0 Preparing to unpack .../308-node-clone-deep_4.0.1+~cs7.0.2-1_all.deb ...
#8 478.0 Unpacking node-clone-deep (4.0.1+~cs7.0.2-1) ...
#8 478.1 Selecting previously unselected package node-commander.
#8 478.1 Preparing to unpack .../309-node-commander_9.4.1-1_all.deb ...
#8 478.1 Unpacking node-commander (9.4.1-1) ...
#8 478.3 Selecting previously unselected package node-core-js.
#8 478.3 Preparing to unpack .../310-node-core-js_3.33.2-1_all.deb ...
#8 478.3 Unpacking node-core-js (3.33.2-1) ...
#8 479.6 Selecting previously unselected package node-core-js-pure.
#8 479.6 Preparing to unpack .../311-node-core-js-pure_3.33.2-1_all.deb ...
#8 479.6 Unpacking node-core-js-pure (3.33.2-1) ...
#8 480.7 Selecting previously unselected package node-fs-readdir-recursive.
#8 480.7 Preparing to unpack .../312-node-fs-readdir-recursive_1.1.0+~1.1.0-1_all.deb ...
#8 480.8 Unpacking node-fs-readdir-recursive (1.1.0+~1.1.0-1) ...
#8 480.9 Selecting previously unselected package node-js-tokens.
#8 480.9 Preparing to unpack .../313-node-js-tokens_8.0.0-2_all.deb ...
#8 480.9 Unpacking node-js-tokens (8.0.0-2) ...
#8 481.1 Selecting previously unselected package node-jsesc.
#8 481.1 Preparing to unpack .../314-node-jsesc_3.0.2+~3.0.1-1_all.deb ...
#8 481.2 Unpacking node-jsesc (3.0.2+~3.0.1-1) ...
#8 481.4 Selecting previously unselected package node-json5.
#8 481.5 Preparing to unpack .../315-node-json5_2.2.3+dfsg-1_all.deb ...
#8 481.5 Unpacking node-json5 (2.2.3+dfsg-1) ...
#8 481.6 Selecting previously unselected package node-quick-lru.
#8 481.6 Preparing to unpack .../316-node-quick-lru_6.1.1-4_all.deb ...
#8 481.7 Unpacking node-quick-lru (6.1.1-4) ...
#8 481.9 Selecting previously unselected package node-regenerator-transform.
#8 481.9 Preparing to unpack .../317-node-regenerator-transform_0.15.2+~0.10.8-1_all.deb ...
#8 481.9 Unpacking node-regenerator-transform (0.15.2+~0.10.8-1) ...
#8 482.1 Selecting previously unselected package node-regjsgen.
#8 482.2 Preparing to unpack .../318-node-regjsgen_0.7.1+ds-1_all.deb ...
#8 482.2 Unpacking node-regjsgen (0.7.1+ds-1) ...
#8 482.4 Selecting previously unselected package node-regjsparser.
#8 482.4 Preparing to unpack .../319-node-regjsparser_0.9.1+ds-2_all.deb ...
#8 482.4 Unpacking node-regjsparser (0.9.1+ds-2) ...
#8 482.6 Selecting previously unselected package node-unicode-canonical-property-names-ecmascript.
#8 482.6 Preparing to unpack .../320-node-unicode-canonical-property-names-ecmascript_2.0.0-2_all.deb ...
#8 482.6 Unpacking node-unicode-canonical-property-names-ecmascript (2.0.0-2) ...
#8 482.8 Selecting previously unselected package node-unicode-property-aliases-ecmascript.
#8 482.8 Preparing to unpack .../321-node-unicode-property-aliases-ecmascript_2.1.0+ds-1_all.deb ...
#8 482.8 Unpacking node-unicode-property-aliases-ecmascript (2.1.0+ds-1) ...
#8 483.0 Selecting previously unselected package node-unicode-match-property-ecmascript.
#8 483.0 Preparing to unpack .../322-node-unicode-match-property-ecmascript_2.0.0-2_all.deb ...
#8 483.0 Unpacking node-unicode-match-property-ecmascript (2.0.0-2) ...
#8 483.2 Selecting previously unselected package node-unicode-match-property-value-ecmascript.
#8 483.2 Preparing to unpack .../323-node-unicode-match-property-value-ecmascript_2.1.0+ds-1_all.deb ...
#8 483.2 Unpacking node-unicode-match-property-value-ecmascript (2.1.0+ds-1) ...
#8 483.4 Selecting previously unselected package node-regexpu-core.
#8 483.4 Preparing to unpack .../324-node-regexpu-core_5.2.2-3_all.deb ...
#8 483.4 Unpacking node-regexpu-core (5.2.2-3) ...
#8 483.6 Selecting previously unselected package node-source-map-support.
#8 483.6 Preparing to unpack .../325-node-source-map-support_0.5.21+ds+~0.5.10-1_all.deb ...
#8 483.6 Unpacking node-source-map-support (0.5.21+ds+~0.5.10-1) ...
#8 483.8 Selecting previously unselected package node-to-fast-properties.
#8 483.8 Preparing to unpack .../326-node-to-fast-properties_3.0.1-3_all.deb ...
#8 483.8 Unpacking node-to-fast-properties (3.0.1-3) ...
#8 484.0 Selecting previously unselected package node-v8flags.
#8 484.0 Preparing to unpack .../327-node-v8flags_3.2.0+~3.1.1-1_all.deb ...
#8 484.0 Unpacking node-v8flags (3.2.0+~3.1.1-1) ...
#8 484.1 Selecting previously unselected package node-babel7.
#8 484.1 Preparing to unpack .../328-node-babel7_7.20.15+ds1+~cs214.269.168-8_all.deb ...
#8 484.1 Unpacking node-babel7 (7.20.15+ds1+~cs214.269.168-8) ...
#8 485.6 Selecting previously unselected package node-is-arrayish.
#8 485.6 Preparing to unpack .../329-node-is-arrayish_0.3.2-3_all.deb ...
#8 485.6 Unpacking node-is-arrayish (0.3.2-3) ...
#8 485.8 Selecting previously unselected package node-error-ex.
#8 485.8 Preparing to unpack .../330-node-error-ex_1.3.2-4_all.deb ...
#8 485.9 Unpacking node-error-ex (1.3.2-4) ...
#8 486.0 Selecting previously unselected package node-json-parse-better-errors.
#8 486.0 Preparing to unpack .../331-node-json-parse-better-errors_1.0.2+~cs3.3.1-3_all.deb ...
#8 486.0 Unpacking node-json-parse-better-errors (1.0.2+~cs3.3.1-3) ...
#8 486.2 Selecting previously unselected package node-parse-json.
#8 486.2 Preparing to unpack .../332-node-parse-json_5.2.0+~cs5.1.7-2_all.deb ...
#8 486.3 Unpacking node-parse-json (5.2.0+~cs5.1.7-2) ...
#8 486.4 Selecting previously unselected package node-hosted-git-info.
#8 486.4 Preparing to unpack .../333-node-hosted-git-info_6.1.1-2_all.deb ...
#8 486.5 Unpacking node-hosted-git-info (6.1.1-2) ...
#8 486.7 Selecting previously unselected package node-spdx-license-ids.
#8 486.7 Preparing to unpack .../334-node-spdx-license-ids_3.0.12-1_all.deb ...
#8 486.7 Unpacking node-spdx-license-ids (3.0.12-1) ...
#8 486.8 Selecting previously unselected package node-spdx-exceptions.
#8 486.8 Preparing to unpack .../335-node-spdx-exceptions_2.3.0-2_all.deb ...
#8 487.0 Unpacking node-spdx-exceptions (2.3.0-2) ...
#8 489.5 Selecting previously unselected package node-spdx-expression-parse.
#8 489.5 Preparing to unpack .../336-node-spdx-expression-parse_3.0.1+~3.0.1-1_all.deb ...
#8 489.5 Unpacking node-spdx-expression-parse (3.0.1+~3.0.1-1) ...
#8 489.7 Selecting previously unselected package node-spdx-correct.
#8 489.7 Preparing to unpack .../337-node-spdx-correct_3.1.1-2_all.deb ...
#8 489.7 Unpacking node-spdx-correct (3.1.1-2) ...
#8 489.9 Selecting previously unselected package node-validate-npm-package-license.
#8 490.0 Preparing to unpack .../338-node-validate-npm-package-license_3.0.4-2_all.deb ...
#8 490.0 Unpacking node-validate-npm-package-license (3.0.4-2) ...
#8 490.5 Selecting previously unselected package node-normalize-package-data.
#8 490.5 Preparing to unpack .../339-node-normalize-package-data_4.0.1+~2.4.1-1_all.deb ...
#8 490.5 Unpacking node-normalize-package-data (4.0.1+~2.4.1-1) ...
#8 490.7 Selecting previously unselected package node-read-pkg.
#8 490.7 Preparing to unpack .../340-node-read-pkg_5.2.0-2_all.deb ...
#8 490.7 Unpacking node-read-pkg (5.2.0-2) ...
#8 490.9 Selecting previously unselected package node-uuid.
#8 490.9 Preparing to unpack .../341-node-uuid_8.3.2+~8.3.4-1_all.deb ...
#8 490.9 Unpacking node-uuid (8.3.2+~8.3.4-1) ...
#8 491.3 Selecting previously unselected package node-isexe.
#8 491.3 Preparing to unpack .../342-node-isexe_2.0.0+~2.0.1-5_all.deb ...
#8 491.3 Unpacking node-isexe (2.0.0+~2.0.1-5) ...
#8 491.6 Selecting previously unselected package node-which.
#8 491.7 Preparing to unpack .../343-node-which_2.0.2+~cs1.3.2-3_all.deb ...
#8 491.7 Unpacking node-which (2.0.2+~cs1.3.2-3) ...
#8 491.8 Selecting previously unselected package node-is-typedarray.
#8 491.9 Preparing to unpack .../344-node-is-typedarray_1.0.0-4_all.deb ...
#8 491.9 Unpacking node-is-typedarray (1.0.0-4) ...
#8 492.1 Selecting previously unselected package node-typedarray-to-buffer.
#8 492.1 Preparing to unpack .../345-node-typedarray-to-buffer_4.0.0-2_all.deb ...
#8 492.1 Unpacking node-typedarray-to-buffer (4.0.0-2) ...
#8 492.3 Selecting previously unselected package node-write-file-atomic.
#8 492.3 Preparing to unpack .../346-node-write-file-atomic_4.0.2+~4.0.0-2_all.deb ...
#8 492.4 Unpacking node-write-file-atomic (4.0.2+~4.0.0-2) ...
#8 492.5 Selecting previously unselected package node-slice-ansi.
#8 492.6 Preparing to unpack .../347-node-slice-ansi_5.0.0+~cs9.0.0-5_all.deb ...
#8 492.6 Unpacking node-slice-ansi (5.0.0+~cs9.0.0-5) ...
#8 492.7 Selecting previously unselected package node-ansi-regex.
#8 492.7 Preparing to unpack .../348-node-ansi-regex_5.0.1-1_all.deb ...
#8 492.7 Unpacking node-ansi-regex (5.0.1-1) ...
#8 492.9 Selecting previously unselected package node-strip-ansi.
#8 492.9 Preparing to unpack .../349-node-strip-ansi_6.0.1-2_all.deb ...
#8 492.9 Unpacking node-strip-ansi (6.0.1-2) ...
#8 493.0 Selecting previously unselected package node-clone.
#8 493.0 Preparing to unpack .../350-node-clone_2.1.2+~2.1.2-1_all.deb ...
#8 493.1 Unpacking node-clone (2.1.2+~2.1.2-1) ...
#8 493.2 Selecting previously unselected package node-defaults.
#8 493.2 Preparing to unpack .../351-node-defaults_1.0.4+~1.0.3-1_all.deb ...
#8 493.2 Unpacking node-defaults (1.0.4+~1.0.3-1) ...
#8 493.4 Selecting previously unselected package node-wcwidth.js.
#8 493.4 Preparing to unpack .../352-node-wcwidth.js_1.0.2-2_all.deb ...
#8 493.4 Unpacking node-wcwidth.js (1.0.2-2) ...
#8 493.5 Selecting previously unselected package node-string-width.
#8 493.5 Preparing to unpack .../353-node-string-width_4.2.3+~cs13.2.3-1_all.deb ...
#8 493.6 Unpacking node-string-width (4.2.3+~cs13.2.3-1) ...
#8 493.7 Selecting previously unselected package node-wrap-ansi.
#8 493.7 Preparing to unpack .../354-node-wrap-ansi_8.0.1+~8.0.1-3_all.deb ...
#8 493.7 Unpacking node-wrap-ansi (8.0.1+~8.0.1-3) ...
#8 493.8 Selecting previously unselected package node-cliui.
#8 493.8 Preparing to unpack .../355-node-cliui_7.0.4+repack+1+~cs1.4.2-2_all.deb ...
#8 493.8 Unpacking node-cliui (7.0.4+repack+1+~cs1.4.2-2) ...
#8 493.9 Selecting previously unselected package node-get-caller-file.
#8 493.9 Preparing to unpack .../356-node-get-caller-file_2.0.5+~cs1.1.1-4_all.deb ...
#8 493.9 Unpacking node-get-caller-file (2.0.5+~cs1.1.1-4) ...
#8 494.1 Selecting previously unselected package node-require-directory.
#8 494.1 Preparing to unpack .../357-node-require-directory_2.1.1+~2.1.2-1_all.deb ...
#8 494.1 Unpacking node-require-directory (2.1.1+~2.1.2-1) ...
#8 494.3 Selecting previously unselected package node-y18n.
#8 494.3 Preparing to unpack .../358-node-y18n_5.0.8+~5.0.0-3_all.deb ...
#8 494.3 Unpacking node-y18n (5.0.8+~5.0.0-3) ...
#8 494.4 Selecting previously unselected package node-camelcase.
#8 494.4 Preparing to unpack .../359-node-camelcase_7.0.0-3_all.deb ...
#8 494.4 Unpacking node-camelcase (7.0.0-3) ...
#8 494.5 Selecting previously unselected package node-yargs-parser.
#8 494.5 Preparing to unpack .../360-node-yargs-parser_21.1.1+~21.0.0-4_all.deb ...
#8 494.5 Unpacking node-yargs-parser (21.1.1+~21.0.0-4) ...
#8 494.6 Selecting previously unselected package node-yargs.
#8 494.6 Preparing to unpack .../361-node-yargs_16.2.0+~16.0.4-7_all.deb ...
#8 494.7 Unpacking node-yargs (16.2.0+~16.0.4-7) ...
#8 494.8 Selecting previously unselected package node-istanbul.
#8 494.8 Preparing to unpack .../362-node-istanbul_0.4.5+repack10+~cs98.25.59-3_all.deb ...
#8 494.9 Unpacking node-istanbul (0.4.5+repack10+~cs98.25.59-3) ...
#8 495.1 Selecting previously unselected package node-through.
#8 495.1 Preparing to unpack .../363-node-through_2.3.8+~cs0.0.30-1_all.deb ...
#8 495.2 Unpacking node-through (2.3.8+~cs0.0.30-1) ...
#8 495.3 Selecting previously unselected package node-resumer.
#8 495.3 Preparing to unpack .../364-node-resumer_0.0.0-6_all.deb ...
#8 495.3 Unpacking node-resumer (0.0.0-6) ...
#8 495.5 Selecting previously unselected package node-tape.
#8 495.5 Preparing to unpack .../365-node-tape_5.6.1+~cs8.20.19-3_all.deb ...
#8 495.5 Unpacking node-tape (5.6.1+~cs8.20.19-3) ...
#8 495.6 Selecting previously unselected package node-deep-equal.
#8 495.6 Preparing to unpack .../366-node-deep-equal_2.2.3+~cs43.15.94-1_all.deb ...
#8 495.6 Unpacking node-deep-equal (2.2.3+~cs43.15.94-1) ...
#8 495.8 Selecting previously unselected package libjs-util.
#8 495.8 Preparing to unpack .../367-libjs-util_0.12.5+~1.0.10-1_all.deb ...
#8 495.8 Unpacking libjs-util (0.12.5+~1.0.10-1) ...
#8 495.9 Selecting previously unselected package libjxr0t64:amd64.
#8 495.9 Preparing to unpack .../368-libjxr0t64_1.2~git20170615.f752187-5.3_amd64.deb ...
#8 495.9 Unpacking libjxr0t64:amd64 (1.2~git20170615.f752187-5.3) ...
#8 496.1 Selecting previously unselected package libjxr-tools.
#8 496.1 Preparing to unpack .../369-libjxr-tools_1.2~git20170615.f752187-5.3_amd64.deb ...
#8 496.2 Unpacking libjxr-tools (1.2~git20170615.f752187-5.3) ...
#8 496.4 Selecting previously unselected package libkmod2:amd64.
#8 496.4 Preparing to unpack .../370-libkmod2_34.2-2_amd64.deb ...
#8 496.5 Unpacking libkmod2:amd64 (34.2-2) ...
#8 496.6 Selecting previously unselected package libnet-http-perl.
#8 496.7 Preparing to unpack .../371-libnet-http-perl_6.23-1_all.deb ...
#8 496.7 Unpacking libnet-http-perl (6.23-1) ...
#8 496.8 Selecting previously unselected package libtry-tiny-perl.
#8 496.8 Preparing to unpack .../372-libtry-tiny-perl_0.32-1_all.deb ...
#8 496.8 Unpacking libtry-tiny-perl (0.32-1) ...
#8 497.0 Selecting previously unselected package libwww-robotrules-perl.
#8 497.0 Preparing to unpack .../373-libwww-robotrules-perl_6.02-1_all.deb ...
#8 497.0 Unpacking libwww-robotrules-perl (6.02-1) ...
#8 497.1 Selecting previously unselected package libwww-perl.
#8 497.1 Preparing to unpack .../374-libwww-perl_6.78-1_all.deb ...
#8 497.2 Unpacking libwww-perl (6.78-1) ...
#8 497.4 Selecting previously unselected package liblwp-protocol-https-perl.
#8 497.4 Preparing to unpack .../375-liblwp-protocol-https-perl_6.14-1_all.deb ...
#8 497.4 Unpacking liblwp-protocol-https-perl (6.14-1) ...
#8 497.5 Selecting previously unselected package libnet-smtp-ssl-perl.
#8 497.5 Preparing to unpack .../376-libnet-smtp-ssl-perl_1.04-2_all.deb ...
#8 497.5 Unpacking libnet-smtp-ssl-perl (1.04-2) ...
#8 497.7 Selecting previously unselected package libmailtools-perl.
#8 497.7 Preparing to unpack .../377-libmailtools-perl_2.22-1_all.deb ...
#8 497.7 Unpacking libmailtools-perl (2.22-1) ...
#8 498.0 Selecting previously unselected package libmime-charset-perl.
#8 498.0 Preparing to unpack .../378-libmime-charset-perl_1.013.1-2_all.deb ...
#8 498.0 Unpacking libmime-charset-perl (1.013.1-2) ...
#8 498.2 Selecting previously unselected package libxml-parser-perl.
#8 498.3 Preparing to unpack .../379-libxml-parser-perl_2.47-2~deb13u1_amd64.deb ...
#8 498.3 Unpacking libxml-parser-perl (2.47-2~deb13u1) ...
#8 498.5 Selecting previously unselected package libxml-twig-perl.
#8 498.5 Preparing to unpack .../380-libxml-twig-perl_1%3a3.52-3_all.deb ...
#8 498.5 Unpacking libxml-twig-perl (1:3.52-3) ...
#8 498.8 Selecting previously unselected package libnet-dbus-perl.
#8 498.9 Preparing to unpack .../381-libnet-dbus-perl_1.2.0-2+b3_amd64.deb ...
#8 498.9 Unpacking libnet-dbus-perl (1.2.0-2+b3) ...
#8 499.2 Selecting previously unselected package libnetpbm11t64:amd64.
#8 499.2 Preparing to unpack .../382-libnetpbm11t64_2%3a11.10.02-1_amd64.deb ...
#8 499.3 Unpacking libnetpbm11t64:amd64 (2:11.10.02-1) ...
#8 499.5 Selecting previously unselected package libssl-dev:amd64.
#8 499.5 Preparing to unpack .../383-libssl-dev_3.5.7-1~deb13u2_amd64.deb ...
#8 499.5 Unpacking libssl-dev:amd64 (3.5.7-1~deb13u2) ...
#8 500.3 Selecting previously unselected package libuv1-dev:amd64.
#8 500.3 Preparing to unpack .../384-libuv1-dev_1.50.0-2_amd64.deb ...
#8 500.3 Unpacking libuv1-dev:amd64 (1.50.0-2) ...
#8 500.5 Selecting previously unselected package libnode-dev.
#8 500.5 Preparing to unpack .../385-libnode-dev_20.19.2+dfsg-1+deb13u2_amd64.deb ...
#8 500.5 Unpacking libnode-dev (20.19.2+dfsg-1+deb13u2) ...
#8 500.9 Selecting previously unselected package libnotify4:amd64.
#8 500.9 Preparing to unpack .../386-libnotify4_0.8.6-1_amd64.deb ...
#8 501.0 Unpacking libnotify4:amd64 (0.8.6-1) ...
#8 501.2 Selecting previously unselected package libnotify-bin.
#8 501.2 Preparing to unpack .../387-libnotify-bin_0.8.6-1_amd64.deb ...
#8 501.2 Unpacking libnotify-bin (0.8.6-1) ...
#8 501.3 Selecting previously unselected package libonig-dev.
#8 501.3 Preparing to unpack .../388-libonig-dev_6.9.9-1+b1_amd64.deb ...
#8 501.4 Unpacking libonig-dev (6.9.9-1+b1) ...
#8 501.7 Selecting previously unselected package libpaper-utils.
#8 501.7 Preparing to unpack .../389-libpaper-utils_2.2.5-0.3+b2_amd64.deb ...
#8 501.8 Unpacking libpaper-utils (2.2.5-0.3+b2) ...
#8 501.9 Selecting previously unselected package libpng-tools.
#8 501.9 Preparing to unpack .../390-libpng-tools_1.6.48-1+deb13u5_amd64.deb ...
#8 502.0 Unpacking libpng-tools (1.6.48-1+deb13u5) ...
#8 502.2 Selecting previously unselected package libre2-11:amd64.
#8 502.2 Preparing to unpack .../391-libre2-11_20240702-3+b1_amd64.deb ...
#8 502.2 Unpacking libre2-11:amd64 (20240702-3+b1) ...
#8 502.6 Preparing to unpack .../392-libsodium23_1.0.18-1+deb13u1_amd64.deb ...
#8 502.7 Unpacking libsodium23:amd64 (1.0.18-1+deb13u1) over (1.0.18-1+b2) ...
#8 503.0 Selecting previously unselected package libsodium-dev:amd64.
#8 503.0 Preparing to unpack .../393-libsodium-dev_1.0.18-1+deb13u1_amd64.deb ...
#8 503.0 Unpacking libsodium-dev:amd64 (1.0.18-1+deb13u1) ...
#8 503.2 Selecting previously unselected package libsombok3:amd64.
#8 503.2 Preparing to unpack .../394-libsombok3_2.4.0-2+b2_amd64.deb ...
#8 503.3 Unpacking libsombok3:amd64 (2.4.0-2+b2) ...
#8 503.4 Selecting previously unselected package libtext-iconv-perl:amd64.
#8 503.4 Preparing to unpack .../395-libtext-iconv-perl_1.7-8+b4_amd64.deb ...
#8 503.5 Unpacking libtext-iconv-perl:amd64 (1.7-8+b4) ...
#8 503.7 Selecting previously unselected package libtie-ixhash-perl.
#8 503.8 Preparing to unpack .../396-libtie-ixhash-perl_1.23-4_all.deb ...
#8 503.8 Unpacking libtie-ixhash-perl (1.23-4) ...
#8 504.0 Selecting previously unselected package libtool.
#8 504.0 Preparing to unpack .../397-libtool_2.5.4-4_all.deb ...
#8 504.0 Unpacking libtool (2.5.4-4) ...
#8 504.2 Selecting previously unselected package libunicode-linebreak-perl.
#8 504.2 Preparing to unpack .../398-libunicode-linebreak-perl_0.0.20190101-1+b9_amd64.deb ...
#8 504.3 Unpacking libunicode-linebreak-perl (0.0.20190101-1+b9) ...
#8 504.5 Selecting previously unselected package libx11-protocol-perl.
#8 504.5 Preparing to unpack .../399-libx11-protocol-perl_0.56-9_all.deb ...
#8 504.5 Unpacking libx11-protocol-perl (0.56-9) ...
#8 504.7 Selecting previously unselected package libxmu6:amd64.
#8 504.7 Preparing to unpack .../400-libxmu6_2%3a1.1.3-3+b4_amd64.deb ...
#8 504.8 Unpacking libxmu6:amd64 (2:1.1.3-3+b4) ...
#8 504.9 Selecting previously unselected package libxpm4:amd64.
#8 505.0 Preparing to unpack .../401-libxpm4_1%3a3.5.17-1+deb13u1_amd64.deb ...
#8 505.0 Unpacking libxpm4:amd64 (1:3.5.17-1+deb13u1) ...
#8 505.2 Selecting previously unselected package libxaw7:amd64.
#8 505.2 Preparing to unpack .../402-libxaw7_2%3a1.0.16-1_amd64.deb ...
#8 505.3 Unpacking libxaw7:amd64 (2:1.0.16-1) ...
#8 505.5 Selecting previously unselected package libxcb-shape0:amd64.
#8 505.5 Preparing to unpack .../403-libxcb-shape0_1.17.0-2+b1_amd64.deb ...
#8 505.5 Unpacking libxcb-shape0:amd64 (1.17.0-2+b1) ...
#8 505.7 Selecting previously unselected package libxcomposite1:amd64.
#8 505.8 Preparing to unpack .../404-libxcomposite1_1%3a0.4.6-1_amd64.deb ...
#8 505.8 Unpacking libxcomposite1:amd64 (1:0.4.6-1) ...
#8 506.0 Selecting previously unselected package libxfixes3:amd64.
#8 506.0 Preparing to unpack .../405-libxfixes3_1%3a6.0.0-2+b4_amd64.deb ...
#8 506.0 Unpacking libxfixes3:amd64 (1:6.0.0-2+b4) ...
#8 506.2 Selecting previously unselected package libxcursor1:amd64.
#8 506.2 Preparing to unpack .../406-libxcursor1_1%3a1.2.3-1_amd64.deb ...
#8 506.2 Unpacking libxcursor1:amd64 (1:1.2.3-1) ...
#8 506.3 Selecting previously unselected package libxi6:amd64.
#8 506.3 Preparing to unpack .../407-libxi6_2%3a1.8.2-1_amd64.deb ...
#8 506.3 Unpacking libxi6:amd64 (2:1.8.2-1) ...
#8 506.5 Selecting previously unselected package libxinerama1:amd64.
#8 506.5 Preparing to unpack .../408-libxinerama1_2%3a1.1.4-3+b4_amd64.deb ...
#8 506.5 Unpacking libxinerama1:amd64 (2:1.1.4-3+b4) ...
#8 506.7 Selecting previously unselected package libxkbfile1:amd64.
#8 506.7 Preparing to unpack .../409-libxkbfile1_1%3a1.1.0-1+b4_amd64.deb ...
#8 506.7 Unpacking libxkbfile1:amd64 (1:1.1.0-1+b4) ...
#8 506.8 Selecting previously unselected package libxml-xpathengine-perl.
#8 506.9 Preparing to unpack .../410-libxml-xpathengine-perl_0.14-2_all.deb ...
#8 506.9 Unpacking libxml-xpathengine-perl (0.14-2) ...
#8 507.0 Selecting previously unselected package libxmuu1:amd64.
#8 507.0 Preparing to unpack .../411-libxmuu1_2%3a1.1.3-3+b4_amd64.deb ...
#8 507.0 Unpacking libxmuu1:amd64 (2:1.1.3-3+b4) ...
#8 507.1 Selecting previously unselected package libxrandr2:amd64.
#8 507.2 Preparing to unpack .../412-libxrandr2_2%3a1.5.4-1+b3_amd64.deb ...
#8 507.2 Unpacking libxrandr2:amd64 (2:1.5.4-1+b3) ...
#8 507.3 Selecting previously unselected package libxtst6:amd64.
#8 507.3 Preparing to unpack .../413-libxtst6_2%3a1.2.5-1_amd64.deb ...
#8 507.4 Unpacking libxtst6:amd64 (2:1.2.5-1) ...
#8 507.5 Selecting previously unselected package libxv1:amd64.
#8 507.5 Preparing to unpack .../414-libxv1_2%3a1.0.11-1.1+b3_amd64.deb ...
#8 507.6 Unpacking libxv1:amd64 (2:1.0.11-1.1+b3) ...
#8 507.7 Selecting previously unselected package libxxf86dga1:amd64.
#8 507.7 Preparing to unpack .../415-libxxf86dga1_2%3a1.1.5-1+b3_amd64.deb ...
#8 507.7 Unpacking libxxf86dga1:amd64 (2:1.1.5-1+b3) ...
#8 508.0 Selecting previously unselected package libzip5:amd64.
#8 508.0 Preparing to unpack .../416-libzip5_1.11.3-2_amd64.deb ...
#8 508.0 Unpacking libzip5:amd64 (1.11.3-2) ...
#8 508.2 Selecting previously unselected package zipcmp.
#8 508.2 Preparing to unpack .../417-zipcmp_1.11.3-2_amd64.deb ...
#8 508.2 Unpacking zipcmp (1.11.3-2) ...
#8 508.4 Selecting previously unselected package zipmerge.
#8 508.4 Preparing to unpack .../418-zipmerge_1.11.3-2_amd64.deb ...
#8 508.5 Unpacking zipmerge (1.11.3-2) ...
#8 508.5 Selecting previously unselected package ziptool.
#8 508.6 Preparing to unpack .../419-ziptool_1.11.3-2_amd64.deb ...
#8 508.6 Unpacking ziptool (1.11.3-2) ...
#8 508.9 Selecting previously unselected package libzip-dev:amd64.
#8 509.0 Preparing to unpack .../420-libzip-dev_1.11.3-2_amd64.deb ...
#8 509.0 Unpacking libzip-dev:amd64 (1.11.3-2) ...
#8 509.3 Selecting previously unselected package luit.
#8 509.3 Preparing to unpack .../421-luit_2.0.20240910-1_amd64.deb ...
#8 509.3 Adding 'diversion of /usr/bin/luit to /usr/bin/luit.x11-utils by luit'
#8 509.4 Adding 'diversion of /usr/share/man/man1/luit.1.gz to /usr/share/man/man1/luit.x11-utils.1.gz by luit'
#8 509.4 Unpacking luit (2.0.20240910-1) ...
#8 509.5 Selecting previously unselected package mesa-vulkan-drivers:amd64.
#8 509.5 Preparing to unpack .../422-mesa-vulkan-drivers_25.0.7-2+deb13u1_amd64.deb ...
#8 509.6 Unpacking mesa-vulkan-drivers:amd64 (25.0.7-2+deb13u1) ...
#8 512.0 Selecting previously unselected package netpbm.
#8 512.0 Preparing to unpack .../423-netpbm_2%3a11.10.02-1_amd64.deb ...
#8 512.1 Unpacking netpbm (2:11.10.02-1) ...
#8 512.4 Selecting previously unselected package node-agent-base.
#8 512.4 Preparing to unpack .../424-node-agent-base_7.1.1~0~2024040606-6+deb13u1_all.deb ...
#8 512.5 Unpacking node-agent-base (7.1.1~0~2024040606-6+deb13u1) ...
#8 512.6 Selecting previously unselected package node-ajv-keywords.
#8 512.6 Preparing to unpack .../425-node-ajv-keywords_5.1.0-4_all.deb ...
#8 512.7 Unpacking node-ajv-keywords (5.1.0-4) ...
#8 512.9 Selecting previously unselected package node-ansi-escapes.
#8 512.9 Preparing to unpack .../426-node-ansi-escapes_5.0.0+really.4.3.1-1_all.deb ...
#8 512.9 Unpacking node-ansi-escapes (5.0.0+really.4.3.1-1) ...
#8 513.1 Selecting previously unselected package node-aproba.
#8 513.1 Preparing to unpack .../427-node-aproba_2.0.0-3_all.deb ...
#8 513.1 Unpacking node-aproba (2.0.0-3) ...
#8 513.2 Selecting previously unselected package node-delegates.
#8 513.3 Preparing to unpack .../428-node-delegates_1.0.0-3_all.deb ...
#8 513.3 Unpacking node-delegates (1.0.0-3) ...
#8 513.5 Selecting previously unselected package node-are-we-there-yet.
#8 513.5 Preparing to unpack .../429-node-are-we-there-yet_3.0.1+~1.1.0-1_all.deb ...
#8 513.5 Unpacking node-are-we-there-yet (3.0.1+~1.1.0-1) ...
#8 513.7 Selecting previously unselected package node-async-each.
#8 513.7 Preparing to unpack .../430-node-async-each_1.0.3-3_all.deb ...
#8 513.7 Unpacking node-async-each (1.0.3-3) ...
#8 513.9 Selecting previously unselected package node-auto-bind.
#8 513.9 Preparing to unpack .../431-node-auto-bind_4.0.0-2_all.deb ...
#8 513.9 Unpacking node-auto-bind (4.0.0-2) ...
#8 514.0 Selecting previously unselected package node-babel-plugin-lodash.
#8 514.1 Preparing to unpack .../432-node-babel-plugin-lodash_3.3.4+~cs2.0.1-7_all.deb ...
#8 514.1 Unpacking node-babel-plugin-lodash (3.3.4+~cs2.0.1-7) ...
#8 514.2 Selecting previously unselected package node-object-visit.
#8 514.2 Preparing to unpack .../433-node-object-visit_1.0.1-5_all.deb ...
#8 514.2 Unpacking node-object-visit (1.0.1-5) ...
#8 514.4 Selecting previously unselected package node-map-visit.
#8 514.4 Preparing to unpack .../434-node-map-visit_1.0.0-4_all.deb ...
#8 514.4 Unpacking node-map-visit (1.0.0-4) ...
#8 514.5 Selecting previously unselected package node-collection-visit.
#8 514.5 Preparing to unpack .../435-node-collection-visit_1.0.0-4_all.deb ...
#8 514.5 Unpacking node-collection-visit (1.0.0-4) ...
#8 514.7 Selecting previously unselected package node-get-value.
#8 514.7 Preparing to unpack .../436-node-get-value_1%3a3.0.1-4_all.deb ...
#8 514.7 Unpacking node-get-value (1:3.0.1-4) ...
#8 514.8 Selecting previously unselected package node-sellside-emitter.
#8 514.9 Preparing to unpack .../437-node-sellside-emitter_1.2.1-3_all.deb ...
#8 514.9 Unpacking node-sellside-emitter (1.2.1-3) ...
#8 515.0 Selecting previously unselected package node-is-primitive.
#8 515.0 Preparing to unpack .../438-node-is-primitive_3.0.1-3_all.deb ...
#8 515.0 Unpacking node-is-primitive (3.0.1-3) ...
#8 515.1 Selecting previously unselected package node-set-value.
#8 515.1 Preparing to unpack .../439-node-set-value_4.1.0+~4.0.1-2_all.deb ...
#8 515.2 Unpacking node-set-value (4.1.0+~4.0.1-2) ...
#8 515.3 Selecting previously unselected package node-union-value.
#8 515.3 Preparing to unpack .../440-node-union-value_2.0.1-4_all.deb ...
#8 515.3 Unpacking node-union-value (2.0.1-4) ...
#8 515.4 Selecting previously unselected package node-has-values.
#8 515.4 Preparing to unpack .../441-node-has-values_2.0.1-4_all.deb ...
#8 515.5 Unpacking node-has-values (2.0.1-4) ...
#8 515.6 Selecting previously unselected package node-has-value.
#8 515.6 Preparing to unpack .../442-node-has-value_2.0.2-4_all.deb ...
#8 515.6 Unpacking node-has-value (2.0.2-4) ...
#8 515.7 Selecting previously unselected package node-unset-value.
#8 515.7 Preparing to unpack .../443-node-unset-value_2.0.1-1_all.deb ...
#8 515.7 Unpacking node-unset-value (2.0.1-1) ...
#8 515.9 Selecting previously unselected package node-cache-base.
#8 515.9 Preparing to unpack .../444-node-cache-base_4.0.2-1_all.deb ...
#8 515.9 Unpacking node-cache-base (4.0.2-1) ...
#8 516.0 Selecting previously unselected package node-mixin-deep.
#8 516.0 Preparing to unpack .../445-node-mixin-deep_2.0.1-3_all.deb ...
#8 516.1 Unpacking node-mixin-deep (2.0.1-3) ...
#8 516.2 Selecting previously unselected package node-pascalcase.
#8 516.2 Preparing to unpack .../446-node-pascalcase_1.0.0-1_all.deb ...
#8 516.2 Unpacking node-pascalcase (1.0.0-1) ...
#8 516.4 Selecting previously unselected package node-base.
#8 516.4 Preparing to unpack .../447-node-base_3.0.0-3_all.deb ...
#8 516.5 Unpacking node-base (3.0.0-3) ...
#8 516.7 Selecting previously unselected package node-base64-js.
#8 516.7 Preparing to unpack .../448-node-base64-js_1.5.1+dfsg+~1.3.0-2_all.deb ...
#8 516.7 Unpacking node-base64-js (1.5.1+dfsg+~1.3.0-2) ...
#8 516.9 Selecting previously unselected package node-binary-extensions.
#8 516.9 Preparing to unpack .../449-node-binary-extensions_2.2.0-2_all.deb ...
#8 516.9 Unpacking node-binary-extensions (2.2.0-2) ...
#8 517.1 Selecting previously unselected package node-builtins.
#8 517.1 Preparing to unpack .../450-node-builtins_5.0.1-1_all.deb ...
#8 517.1 Unpacking node-builtins (5.0.1-1) ...
#8 517.2 Selecting previously unselected package node-chownr.
#8 517.2 Preparing to unpack .../451-node-chownr_2.0.0-3_all.deb ...
#8 517.3 Unpacking node-chownr (2.0.0-3) ...
#8 517.4 Selecting previously unselected package node-iconv-lite.
#8 517.4 Preparing to unpack .../452-node-iconv-lite_0.6.3-3_all.deb ...
#8 517.4 Unpacking node-iconv-lite (0.6.3-3) ...
#8 517.6 Selecting previously unselected package node-encoding.
#8 517.6 Preparing to unpack .../453-node-encoding_0.1.13-2_all.deb ...
#8 517.6 Unpacking node-encoding (0.1.13-2) ...
#8 517.8 Selecting previously unselected package node-jsonparse.
#8 517.8 Preparing to unpack .../454-node-jsonparse_1.3.1-10_all.deb ...
#8 517.8 Unpacking node-jsonparse (1.3.1-10) ...
#8 518.0 Selecting previously unselected package node-yallist.
#8 518.0 Preparing to unpack .../455-node-yallist_4.0.0+~4.0.1-1_all.deb ...
#8 518.0 Unpacking node-yallist (4.0.0+~4.0.1-1) ...
#8 518.1 Selecting previously unselected package node-minipass.
#8 518.1 Preparing to unpack .../456-node-minipass_5.0.0+~cs10.3.21-3_all.deb ...
#8 518.1 Unpacking node-minipass (5.0.0+~cs10.3.21-3) ...
#8 518.4 Selecting previously unselected package node-iferr.
#8 518.4 Preparing to unpack .../457-node-iferr_1.0.2+~1.0.2-1_all.deb ...
#8 518.4 Unpacking node-iferr (1.0.2+~1.0.2-1) ...
#8 518.5 Selecting previously unselected package node-fs-write-stream-atomic.
#8 518.5 Preparing to unpack .../458-node-fs-write-stream-atomic_1.0.10-6_all.deb ...
#8 518.5 Unpacking node-fs-write-stream-atomic (1.0.10-6) ...
#8 518.7 Selecting previously unselected package node-run-queue.
#8 518.7 Preparing to unpack .../459-node-run-queue_2.0.0-3_all.deb ...
#8 518.7 Unpacking node-run-queue (2.0.0-3) ...
#8 518.9 Selecting previously unselected package node-copy-concurrently.
#8 518.9 Preparing to unpack .../460-node-copy-concurrently_1.0.5-9_all.deb ...
#8 518.9 Unpacking node-copy-concurrently (1.0.5-9) ...
#8 519.1 Selecting previously unselected package node-move-concurrently.
#8 519.1 Preparing to unpack .../461-node-move-concurrently_1.0.1-5_all.deb ...
#8 519.1 Unpacking node-move-concurrently (1.0.1-5) ...
#8 519.2 Selecting previously unselected package node-promise-inflight.
#8 519.2 Preparing to unpack .../462-node-promise-inflight_1.0.1+~1.0.0-1_all.deb ...
#8 519.3 Unpacking node-promise-inflight (1.0.1+~1.0.0-1) ...
#8 519.4 Selecting previously unselected package node-ssri.
#8 519.4 Preparing to unpack .../463-node-ssri_9.0.1-3_all.deb ...
#8 519.4 Unpacking node-ssri (9.0.1-3) ...
#8 519.5 Selecting previously unselected package node-unique-filename.
#8 519.5 Preparing to unpack .../464-node-unique-filename_1.1.1+ds-2_all.deb ...
#8 519.5 Unpacking node-unique-filename (1.1.1+ds-2) ...
#8 519.7 Selecting previously unselected package node-cacache.
#8 519.7 Preparing to unpack .../465-node-cacache_17.0.3+~cs10.3.7-2_all.deb ...
#8 519.7 Unpacking node-cacache (17.0.3+~cs10.3.7-2) ...
#8 519.8 Selecting previously unselected package node-is-binary-path.
#8 519.9 Preparing to unpack .../466-node-is-binary-path_2.1.0-5_all.deb ...
#8 519.9 Unpacking node-is-binary-path (2.1.0-5) ...
#8 520.0 Selecting previously unselected package node-path-is-absolute.
#8 520.1 Preparing to unpack .../467-node-path-is-absolute_2.0.0-2_all.deb ...
#8 520.1 Unpacking node-path-is-absolute (2.0.0-2) ...
#8 520.2 Selecting previously unselected package node-set-immediate-shim.
#8 520.2 Preparing to unpack .../468-node-set-immediate-shim_2.0.0-2_all.deb ...
#8 520.3 Unpacking node-set-immediate-shim (2.0.0-2) ...
#8 520.4 Selecting previously unselected package node-readdirp.
#8 520.4 Preparing to unpack .../469-node-readdirp_3.6.0-1_all.deb ...
#8 520.5 Unpacking node-readdirp (3.6.0-1) ...
#8 520.6 Selecting previously unselected package node-chokidar.
#8 520.6 Preparing to unpack .../470-node-chokidar_3.6.0-3_all.deb ...
#8 520.7 Unpacking node-chokidar (3.6.0-3) ...
#8 520.9 Selecting previously unselected package node-tslib.
#8 520.9 Preparing to unpack .../471-node-tslib_2.4.1-1_all.deb ...
#8 520.9 Unpacking node-tslib (2.4.1-1) ...
#8 521.2 Selecting previously unselected package node-chrome-trace-event.
#8 521.2 Preparing to unpack .../472-node-chrome-trace-event_1.0.3-2_all.deb ...
#8 521.2 Unpacking node-chrome-trace-event (1.0.3-2) ...
#8 521.5 Selecting previously unselected package node-ci-info.
#8 521.5 Preparing to unpack .../473-node-ci-info_4.0.0+~cs1.1.0-1_all.deb ...
#8 521.5 Unpacking node-ci-info (4.0.0+~cs1.1.0-1) ...
#8 521.7 Selecting previously unselected package node-cli-boxes.
#8 521.7 Preparing to unpack .../474-node-cli-boxes_3.0.0-1_all.deb ...
#8 521.8 Unpacking node-cli-boxes (3.0.0-1) ...
#8 522.0 Selecting previously unselected package node-restore-cursor.
#8 522.0 Preparing to unpack .../475-node-restore-cursor_4.0.0-4_all.deb ...
#8 522.1 Unpacking node-restore-cursor (4.0.0-4) ...
#8 522.2 Selecting previously unselected package node-cli-cursor.
#8 522.3 Preparing to unpack .../476-node-cli-cursor_4.0.0-3_all.deb ...
#8 522.3 Unpacking node-cli-cursor (4.0.0-3) ...
#8 522.4 Selecting previously unselected package node-colors.
#8 522.4 Preparing to unpack .../477-node-colors_1.4.0-4_all.deb ...
#8 522.5 Unpacking node-colors (1.4.0-4) ...
#8 522.6 Selecting previously unselected package node-cli-table.
#8 522.6 Preparing to unpack .../478-node-cli-table_0.3.11+~cs0.13.4-3_all.deb ...
#8 522.7 Unpacking node-cli-table (0.3.11+~cs0.13.4-3) ...
#8 522.9 Selecting previously unselected package node-cli-truncate.
#8 522.9 Preparing to unpack .../479-node-cli-truncate_2.1.0-5_all.deb ...
#8 522.9 Unpacking node-cli-truncate (2.1.0-5) ...
#8 523.0 Selecting previously unselected package node-columnify.
#8 523.1 Preparing to unpack .../480-node-columnify_1.6.0+~1.5.1-1_all.deb ...
#8 523.1 Unpacking node-columnify (1.6.0+~1.5.1-1) ...
#8 523.2 Selecting previously unselected package node-console-control-strings.
#8 523.3 Preparing to unpack .../481-node-console-control-strings_1.1.0-3_all.deb ...
#8 523.3 Unpacking node-console-control-strings (1.1.0-3) ...
#8 523.5 Selecting previously unselected package node-growl.
#8 523.5 Preparing to unpack .../482-node-growl_1.10.5-4_all.deb ...
#8 523.5 Unpacking node-growl (1.10.5-4) ...
#8 523.7 Selecting previously unselected package node-lcov-parse.
#8 523.7 Preparing to unpack .../483-node-lcov-parse_1.0.0+20170612git80d039574ed9-6_all.deb ...
#8 523.7 Unpacking node-lcov-parse (1.0.0+20170612git80d039574ed9-6) ...
#8 523.9 Selecting previously unselected package node-log-driver.
#8 523.9 Preparing to unpack .../484-node-log-driver_1.2.7+git+20180219+bba1761737-7_all.deb ...
#8 523.9 Unpacking node-log-driver (1.2.7+git+20180219+bba1761737-7) ...
#8 524.0 Selecting previously unselected package node-data-uri-to-buffer.
#8 524.0 Preparing to unpack .../485-node-data-uri-to-buffer_6.0.2~0~2024040606-6+deb13u1_all.deb ...
#8 524.0 Unpacking node-data-uri-to-buffer (6.0.2~0~2024040606-6+deb13u1) ...
#8 524.2 Selecting previously unselected package node-fetch.
#8 524.2 Preparing to unpack .../486-node-fetch_3.3.2+~cs11.4.11-3_all.deb ...
#8 524.2 Unpacking node-fetch (3.3.2+~cs11.4.11-3) ...
#8 524.4 Selecting previously unselected package node-coveralls.
#8 524.4 Preparing to unpack .../487-node-coveralls_3.1.1-4_all.deb ...
#8 524.4 Unpacking node-coveralls (3.1.1-4) ...
#8 524.6 Selecting previously unselected package node-css-selector-tokenizer.
#8 524.6 Preparing to unpack .../488-node-css-selector-tokenizer_0.8.0+~cs4.8.3-1_all.deb ...
#8 524.6 Unpacking node-css-selector-tokenizer (0.8.0+~cs4.8.3-1) ...
#8 524.7 Selecting previously unselected package node-postcss.
#8 524.7 Preparing to unpack .../489-node-postcss_8.4.49+~cs9.2.32-1_all.deb ...
#8 524.7 Unpacking node-postcss (8.4.49+~cs9.2.32-1) ...
#8 524.9 Selecting previously unselected package node-icss-utils.
#8 524.9 Preparing to unpack .../490-node-icss-utils_5.1.0+~5.1.0-1_all.deb ...
#8 524.9 Unpacking node-icss-utils (5.1.0+~5.1.0-1) ...
#8 525.0 Selecting previously unselected package node-postcss-modules-extract-imports.
#8 525.0 Preparing to unpack .../491-node-postcss-modules-extract-imports_3.0.0-2_all.deb ...
#8 525.1 Unpacking node-postcss-modules-extract-imports (3.0.0-2) ...
#8 525.2 Selecting previously unselected package node-postcss-modules-values.
#8 525.2 Preparing to unpack .../492-node-postcss-modules-values_4.0.0+~4.0.0-1_all.deb ...
#8 525.2 Unpacking node-postcss-modules-values (4.0.0+~4.0.0-1) ...
#8 525.3 Selecting previously unselected package node-postcss-value-parser.
#8 525.3 Preparing to unpack .../493-node-postcss-value-parser_4.2.0-1_all.deb ...
#8 525.3 Unpacking node-postcss-value-parser (4.2.0-1) ...
#8 525.4 Selecting previously unselected package node-prr.
#8 525.4 Preparing to unpack .../494-node-prr_1.0.1-3_all.deb ...
#8 525.5 Unpacking node-prr (1.0.1-3) ...
#8 525.6 Selecting previously unselected package node-errno.
#8 525.6 Preparing to unpack .../495-node-errno_1.0.0-3_all.deb ...
#8 525.6 Unpacking node-errno (1.0.0-3) ...
#8 525.7 Selecting previously unselected package node-memory-fs.
#8 525.7 Preparing to unpack .../496-node-memory-fs_0.5.0+~0.3.3-2_all.deb ...
#8 525.7 Unpacking node-memory-fs (0.5.0+~0.3.3-2) ...
#8 525.8 Selecting previously unselected package node-tapable.
#8 525.8 Preparing to unpack .../497-node-tapable_2.2.1-3_all.deb ...
#8 525.8 Unpacking node-tapable (2.2.1-3) ...
#8 525.9 Selecting previously unselected package node-enhanced-resolve.
#8 525.9 Preparing to unpack .../498-node-enhanced-resolve_5.15.0-1_all.deb ...
#8 526.0 Unpacking node-enhanced-resolve (5.15.0-1) ...
#8 526.1 Selecting previously unselected package node-es-module-lexer.
#8 526.1 Preparing to unpack .../499-node-es-module-lexer_1.1.0+dfsg-3_all.deb ...
#8 526.1 Unpacking node-es-module-lexer (1.1.0+dfsg-3) ...
#8 526.2 Selecting previously unselected package node-events.
#8 526.2 Preparing to unpack .../500-node-events_3.3.0+~3.0.0-3_all.deb ...
#8 526.2 Unpacking node-events (3.3.0+~3.0.0-3) ...
#8 526.3 Selecting previously unselected package node-resolve-cwd.
#8 526.3 Preparing to unpack .../501-node-resolve-cwd_3.0.0-2_all.deb ...
#8 526.3 Unpacking node-resolve-cwd (3.0.0-2) ...
#8 526.4 Selecting previously unselected package node-jest-debbundle.
#8 526.4 Preparing to unpack .../502-node-jest-debbundle_29.6.2~ds1+~cs73.45.28-5_all.deb ...
#8 526.4 Unpacking node-jest-debbundle (29.6.2~ds1+~cs73.45.28-5) ...
#8 526.6 Selecting previously unselected package node-interpret.
#8 526.6 Preparing to unpack .../503-node-interpret_2.2.0-3_all.deb ...
#8 526.6 Unpacking node-interpret (2.2.0-3) ...
#8 526.7 Selecting previously unselected package node-merge-stream.
#8 526.7 Preparing to unpack .../504-node-merge-stream_2.0.0+~1.1.2-2_all.deb ...
#8 526.7 Unpacking node-merge-stream (2.0.0+~1.1.2-2) ...
#8 526.8 Selecting previously unselected package node-jest-worker.
#8 526.8 Preparing to unpack .../505-node-jest-worker_29.6.2~ds1+~cs73.45.28-5_all.deb ...
#8 526.8 Unpacking node-jest-worker (29.6.2~ds1+~cs73.45.28-5) ...
#8 527.0 Selecting previously unselected package node-loader-runner.
#8 527.0 Preparing to unpack .../506-node-loader-runner_4.3.0-1_all.deb ...
#8 527.0 Unpacking node-loader-runner (4.3.0-1) ...
#8 527.2 Selecting previously unselected package node-mime.
#8 527.2 Preparing to unpack .../507-node-mime_3.0.0+dfsg+~cs6.97.2-2_all.deb ...
#8 527.2 Unpacking node-mime (3.0.0+dfsg+~cs6.97.2-2) ...
#8 527.3 Selecting previously unselected package node-mime-types.
#8 527.3 Preparing to unpack .../508-node-mime-types_2.1.35-2_all.deb ...
#8 527.4 Unpacking node-mime-types (2.1.35-2) ...
#8 527.5 Selecting previously unselected package node-rechoir.
#8 527.5 Preparing to unpack .../509-node-rechoir_0.8.0+~0.6.1-2_all.deb ...
#8 527.5 Unpacking node-rechoir (0.8.0+~0.6.1-2) ...
#8 527.7 Selecting previously unselected package node-schema-utils.
#8 527.7 Preparing to unpack .../510-node-schema-utils_4.2.0~ds-3_all.deb ...
#8 527.7 Unpacking node-schema-utils (4.2.0~ds-3) ...
#8 527.9 Selecting previously unselected package node-randombytes.
#8 527.9 Preparing to unpack .../511-node-randombytes_2.1.0+~2.0.0-2_all.deb ...
#8 527.9 Unpacking node-randombytes (2.1.0+~2.0.0-2) ...
#8 528.1 Selecting previously unselected package node-serialize-javascript.
#8 528.1 Preparing to unpack .../512-node-serialize-javascript_6.0.2-1_all.deb ...
#8 528.1 Unpacking node-serialize-javascript (6.0.2-1) ...
#8 528.3 Selecting previously unselected package node-watchpack.
#8 528.3 Preparing to unpack .../513-node-watchpack_2.4.0+~cs2.8.1-1_all.deb ...
#8 528.3 Unpacking node-watchpack (2.4.0+~cs2.8.1-1) ...
#8 528.5 Selecting previously unselected package node-webassemblyjs.
#8 528.5 Preparing to unpack .../514-node-webassemblyjs_1.11.4+dfsg+~cs10.11.17-2_all.deb ...
#8 528.5 Unpacking node-webassemblyjs (1.11.4+dfsg+~cs10.11.17-2) ...
#8 529.0 Selecting previously unselected package node-source-list-map.
#8 529.1 Preparing to unpack .../515-node-source-list-map_2.0.1+dfsg+~0.1.2-1_all.deb ...
#8 529.1 Unpacking node-source-list-map (2.0.1+dfsg+~0.1.2-1) ...
#8 529.3 Selecting previously unselected package node-webpack-sources.
#8 529.3 Preparing to unpack .../516-node-webpack-sources_3.2.3+~3.2.0-2_all.deb ...
#8 529.3 Unpacking node-webpack-sources (3.2.3+~3.2.0-2) ...
#8 529.4 Selecting previously unselected package node-terser.
#8 529.5 Preparing to unpack .../517-node-terser_5.38.0-1_all.deb ...
#8 529.5 Unpacking node-terser (5.38.0-1) ...
#8 529.6 Selecting previously unselected package terser.
#8 529.6 Preparing to unpack .../518-terser_5.38.0-1_all.deb ...
#8 529.6 Unpacking terser (5.38.0-1) ...
#8 529.7 Selecting previously unselected package node-get-stream.
#8 529.7 Preparing to unpack .../519-node-get-stream_8.0.1-11_all.deb ...
#8 529.8 Unpacking node-get-stream (8.0.1-11) ...
#8 529.9 Selecting previously unselected package node-mimic-fn.
#8 529.9 Preparing to unpack .../520-node-mimic-fn_4.0.0-5_all.deb ...
#8 529.9 Unpacking node-mimic-fn (4.0.0-5) ...
#8 530.0 Selecting previously unselected package node-strip-eof.
#8 530.0 Preparing to unpack .../521-node-strip-eof_3.0.0-5_all.deb ...
#8 530.0 Unpacking node-strip-eof (3.0.0-5) ...
#8 530.2 Selecting previously unselected package node-execa.
#8 530.2 Preparing to unpack .../522-node-execa_8.0.1+dfsg1+~cs12.0.0-1_all.deb ...
#8 530.2 Unpacking node-execa (8.0.1+dfsg1+~cs12.0.0-1) ...
#8 530.4 Selecting previously unselected package node-envinfo.
#8 530.4 Preparing to unpack .../523-node-envinfo_7.11.0+~cs14.3.0-3_all.deb ...
#8 530.4 Unpacking node-envinfo (7.11.0+~cs14.3.0-3) ...
#8 530.6 Selecting previously unselected package webpack.
#8 530.6 Preparing to unpack .../524-webpack_5.97.1+dfsg1+~cs11.18.27-3_all.deb ...
#8 530.6 Unpacking webpack (5.97.1+dfsg1+~cs11.18.27-3) ...
#8 531.1 Selecting previously unselected package node-css-loader.
#8 531.1 Preparing to unpack .../525-node-css-loader_6.8.1+~cs14.0.17-1_all.deb ...
#8 531.1 Unpacking node-css-loader (6.8.1+~cs14.0.17-1) ...
#8 531.3 Selecting previously unselected package node-mimic-response.
#8 531.4 Preparing to unpack .../526-node-mimic-response_3.1.0-9_all.deb ...
#8 531.4 Unpacking node-mimic-response (3.1.0-9) ...
#8 531.5 Selecting previously unselected package node-decompress-response.
#8 531.6 Preparing to unpack .../527-node-decompress-response_6.0.0-3_all.deb ...
#8 531.6 Unpacking node-decompress-response (6.0.0-3) ...
#8 531.7 Selecting previously unselected package node-depd.
#8 531.8 Preparing to unpack .../528-node-depd_2.0.0-2_all.deb ...
#8 531.8 Unpacking node-depd (2.0.0-2) ...
#8 531.9 Selecting previously unselected package node-diff.
#8 531.9 Preparing to unpack .../529-node-diff_5.0.0~dfsg+~5.0.1-4_all.deb ...
#8 531.9 Unpacking node-diff (5.0.0~dfsg+~5.0.1-4) ...
#8 532.1 Selecting previously unselected package node-err-code.
#8 532.1 Preparing to unpack .../530-node-err-code_2.0.3+dfsg-3_all.deb ...
#8 532.1 Unpacking node-err-code (2.0.3+dfsg-3) ...
#8 532.2 Selecting previously unselected package node-time-stamp.
#8 532.2 Preparing to unpack .../531-node-time-stamp_2.2.0-2_all.deb ...
#8 532.2 Unpacking node-time-stamp (2.2.0-2) ...
#8 532.4 Selecting previously unselected package node-fancy-log.
#8 532.4 Preparing to unpack .../532-node-fancy-log_1.3.3+~cs1.3.1-2_all.deb ...
#8 532.4 Unpacking node-fancy-log (1.3.3+~cs1.3.1-2) ...
#8 532.6 Selecting previously unselected package node-has-unicode.
#8 532.6 Preparing to unpack .../533-node-has-unicode_2.0.1-5_all.deb ...
#8 532.6 Unpacking node-has-unicode (2.0.1-5) ...
#8 532.8 Selecting previously unselected package node-wide-align.
#8 532.8 Preparing to unpack .../534-node-wide-align_1.1.3-4_all.deb ...
#8 532.8 Unpacking node-wide-align (1.1.3-4) ...
#8 533.0 Selecting previously unselected package node-gauge.
#8 533.0 Preparing to unpack .../535-node-gauge_4.0.4-2_all.deb ...
#8 533.1 Unpacking node-gauge (4.0.4-2) ...
#8 533.3 Selecting previously unselected package node-lowercase-keys.
#8 533.3 Preparing to unpack .../536-node-lowercase-keys_2.0.0-2_all.deb ...
#8 533.3 Unpacking node-lowercase-keys (2.0.0-2) ...
#8 533.5 Selecting previously unselected package node-json-buffer.
#8 533.5 Preparing to unpack .../537-node-json-buffer_3.0.1+~3.0.0-1_all.deb ...
#8 533.5 Unpacking node-json-buffer (3.0.1+~3.0.0-1) ...
#8 533.7 Selecting previously unselected package node-p-cancelable.
#8 533.7 Preparing to unpack .../538-node-p-cancelable_2.1.1-1_all.deb ...
#8 533.7 Unpacking node-p-cancelable (2.1.1-1) ...
#8 533.9 Selecting previously unselected package node-got.
#8 533.9 Preparing to unpack .../539-node-got_11.8.5+~cs58.13.36-5_all.deb ...
#8 533.9 Unpacking node-got (11.8.5+~cs58.13.36-5) ...
#8 534.1 Selecting previously unselected package node-https-proxy-agent.
#8 534.2 Preparing to unpack .../540-node-https-proxy-agent_7.0.4~0~2024040606-6+deb13u1_all.deb ...
#8 534.2 Unpacking node-https-proxy-agent (7.0.4~0~2024040606-6+deb13u1) ...
#8 534.3 Selecting previously unselected package node-set-blocking.
#8 534.4 Preparing to unpack .../541-node-set-blocking_2.0.0-2_all.deb ...
#8 534.4 Unpacking node-set-blocking (2.0.0-2) ...
#8 534.5 Selecting previously unselected package node-npmlog.
#8 534.5 Preparing to unpack .../542-node-npmlog_7.0.1+~4.1.4-1_all.deb ...
#8 534.6 Unpacking node-npmlog (7.0.1+~4.1.4-1) ...
#8 534.7 Selecting previously unselected package node-osenv.
#8 534.7 Preparing to unpack .../543-node-osenv_0.1.5+~0.1.1-1_all.deb ...
#8 534.7 Unpacking node-osenv (0.1.5+~0.1.1-1) ...
#8 534.9 Selecting previously unselected package node-tar.
#8 534.9 Preparing to unpack .../544-node-tar_6.2.1+~cs7.0.8-1+deb13u1_all.deb ...
#8 535.0 Unpacking node-tar (6.2.1+~cs7.0.8-1+deb13u1) ...
#8 535.1 Selecting previously unselected package node-gyp.
#8 535.1 Preparing to unpack .../545-node-gyp_11.1.0+~5.0.0-1_all.deb ...
#8 535.1 Unpacking node-gyp (11.1.0+~5.0.0-1) ...
#8 535.2 Selecting previously unselected package node-http-proxy-agent.
#8 535.3 Preparing to unpack .../546-node-http-proxy-agent_7.0.2~0~2024040606-6+deb13u1_all.deb ...
#8 535.3 Unpacking node-http-proxy-agent (7.0.2~0~2024040606-6+deb13u1) ...
#8 535.4 Selecting previously unselected package node-ieee754.
#8 535.4 Preparing to unpack .../547-node-ieee754_1.2.1-3_all.deb ...
#8 535.4 Unpacking node-ieee754 (1.2.1-3) ...
#8 535.6 Selecting previously unselected package node-ini.
#8 535.6 Preparing to unpack .../548-node-ini_3.0.1-2_all.deb ...
#8 535.6 Unpacking node-ini (3.0.1-2) ...
#8 535.7 Selecting previously unselected package node-ip.
#8 535.7 Preparing to unpack .../549-node-ip_2.0.1+~1.1.3-3_all.deb ...
#8 535.7 Unpacking node-ip (2.0.1+~1.1.3-3) ...
#8 535.9 Selecting previously unselected package node-ip-regex.
#8 535.9 Preparing to unpack .../550-node-ip-regex_4.3.0+~4.1.1-1_all.deb ...
#8 535.9 Unpacking node-ip-regex (4.3.0+~4.1.1-1) ...
#8 536.0 Selecting previously unselected package node-mute-stream.
#8 536.0 Preparing to unpack .../551-node-mute-stream_0.0.8+~0.0.1-3_all.deb ...
#8 536.1 Unpacking node-mute-stream (0.0.8+~0.0.1-3) ...
#8 536.2 Selecting previously unselected package node-negotiator.
#8 536.2 Preparing to unpack .../552-node-negotiator_0.6.3+~0.6.1-1_all.deb ...
#8 536.2 Unpacking node-negotiator (0.6.3+~0.6.1-1) ...
#8 536.3 Selecting previously unselected package node-read-package-json.
#8 536.3 Preparing to unpack .../553-node-read-package-json_5.0.2+~2.0.0-2_all.deb ...
#8 536.3 Unpacking node-read-package-json (5.0.2+~2.0.0-2) ...
#8 536.4 Selecting previously unselected package node-npm-bundled.
#8 536.5 Preparing to unpack .../554-node-npm-bundled_2.0.1-2_all.deb ...
#8 536.5 Unpacking node-npm-bundled (2.0.1-2) ...
#8 536.6 Selecting previously unselected package node-validate-npm-package-name.
#8 536.7 Preparing to unpack .../555-node-validate-npm-package-name_5.0.0+~4.0.0-1_all.deb ...
#8 536.7 Unpacking node-validate-npm-package-name (5.0.0+~4.0.0-1) ...
#8 536.8 Selecting previously unselected package node-npm-package-arg.
#8 536.9 Preparing to unpack .../556-node-npm-package-arg_10.0.0+~3.0.0-2_all.deb ...
#8 536.9 Unpacking node-npm-package-arg (10.0.0+~3.0.0-2) ...
#8 537.0 Selecting previously unselected package xdg-utils.
#8 537.0 Preparing to unpack .../557-xdg-utils_1.2.1-2_all.deb ...
#8 537.0 Unpacking xdg-utils (1.2.1-2) ...
#8 537.2 Selecting previously unselected package node-opener.
#8 537.2 Preparing to unpack .../558-node-opener_1.5.2+~1.4.0-1_all.deb ...
#8 537.2 Unpacking node-opener (1.5.2+~1.4.0-1) ...
#8 537.3 Selecting previously unselected package node-retry.
#8 537.4 Preparing to unpack .../559-node-retry_0.13.1.+~cs2.19.16-1_all.deb ...
#8 537.4 Unpacking node-retry (0.13.1.+~cs2.19.16-1) ...
#8 537.6 Selecting previously unselected package node-promise-retry.
#8 537.6 Preparing to unpack .../560-node-promise-retry_2.0.1-4_all.deb ...
#8 537.6 Unpacking node-promise-retry (2.0.1-4) ...
#8 537.7 Selecting previously unselected package node-read.
#8 537.7 Preparing to unpack .../561-node-read_1.0.7-5_all.deb ...
#8 537.7 Unpacking node-read (1.0.7-5) ...
#8 537.9 Selecting previously unselected package node-promzard.
#8 537.9 Preparing to unpack .../562-node-promzard_0.3.0-2_all.deb ...
#8 537.9 Unpacking node-promzard (0.3.0-2) ...
#8 538.0 Selecting previously unselected package node-re2:amd64.
#8 538.0 Preparing to unpack .../563-node-re2_1.21.4+~cs2.13.13-2+b2_amd64.deb ...
#8 538.1 Unpacking node-re2:amd64 (1.21.4+~cs2.13.13-2+b2) ...
#8 538.2 Selecting previously unselected package node-require-from-string.
#8 538.2 Preparing to unpack .../564-node-require-from-string_2.0.2+~1.2.1-1_all.deb ...
#8 538.3 Unpacking node-require-from-string (2.0.2+~1.2.1-1) ...
#8 538.4 Selecting previously unselected package node-shell-quote.
#8 538.4 Preparing to unpack .../565-node-shell-quote_1.7.4+~1.7.1-1+deb13u1_all.deb ...
#8 538.5 Unpacking node-shell-quote (1.7.4+~1.7.1-1+deb13u1) ...
#8 538.6 Selecting previously unselected package node-stack-utils.
#8 538.7 Preparing to unpack .../566-node-stack-utils_2.0.6+~2.0.1-1_all.deb ...
#8 538.7 Unpacking node-stack-utils (2.0.6+~2.0.1-1) ...
#8 539.0 Selecting previously unselected package node-yaml.
#8 539.0 Preparing to unpack .../567-node-yaml_2.3.4+~cs0.4.0-1_all.deb ...
#8 539.0 Unpacking node-yaml (2.3.4+~cs0.4.0-1) ...
#8 539.4 Selecting previously unselected package node-tap-parser.
#8 539.4 Preparing to unpack .../568-node-tap-parser_13.0.1+~cs4.1.3-3_all.deb ...
#8 539.4 Unpacking node-tap-parser (13.0.1+~cs4.1.3-3) ...
#8 539.6 Selecting previously unselected package node-tap-mocha-reporter.
#8 539.6 Preparing to unpack .../569-node-tap-mocha-reporter_5.0.3+~2.0.2-3_all.deb ...
#8 539.6 Unpacking node-tap-mocha-reporter (5.0.3+~2.0.2-3) ...
#8 539.8 Selecting previously unselected package node-widest-line.
#8 539.8 Preparing to unpack .../570-node-widest-line_3.1.0-2_all.deb ...
#8 539.8 Unpacking node-widest-line (3.1.0-2) ...
#8 539.9 Selecting previously unselected package node-ws.
#8 539.9 Preparing to unpack .../571-node-ws_8.18.1+~cs14.18.2-1_all.deb ...
#8 539.9 Unpacking node-ws (8.18.1+~cs14.18.2-1) ...
#8 540.1 Selecting previously unselected package node-tap.
#8 540.1 Preparing to unpack .../572-node-tap_16.3.7+ds3+~cs49.5.20-1_all.deb ...
#8 540.1 Unpacking node-tap (16.3.7+ds3+~cs49.5.20-1) ...
#8 540.3 Selecting previously unselected package node-text-table.
#8 540.3 Preparing to unpack .../573-node-text-table_0.2.0-4_all.deb ...
#8 540.4 Unpacking node-text-table (0.2.0-4) ...
#8 540.5 Selecting previously unselected package nodejs-doc.
#8 540.5 Preparing to unpack .../574-nodejs-doc_20.19.2+dfsg-1+deb13u2_all.deb ...
#8 540.5 Unpacking nodejs-doc (20.19.2+dfsg-1+deb13u2) ...
#8 541.1 Selecting previously unselected package npm.
#8 541.1 Preparing to unpack .../575-npm_9.2.0~ds1-3_all.deb ...
#8 541.2 Unpacking npm (9.2.0~ds1-3) ...
#8 541.8 Preparing to unpack .../576-openssl_3.5.7-1~deb13u2_amd64.deb ...
#8 541.8 Unpacking openssl (3.5.7-1~deb13u2) over (3.5.4-1~deb13u1) ...
#8 542.1 Selecting previously unselected package psmisc.
#8 542.1 Preparing to unpack .../577-psmisc_23.7-2_amd64.deb ...
#8 542.1 Unpacking psmisc (23.7-2) ...
#8 542.3 Selecting previously unselected package systemd-cryptsetup.
#8 542.3 Preparing to unpack .../578-systemd-cryptsetup_257.13-1~deb13u1_amd64.deb ...
#8 542.3 Unpacking systemd-cryptsetup (257.13-1~deb13u1) ...
#8 542.5 Selecting previously unselected package unzip.
#8 542.5 Preparing to unpack .../579-unzip_6.0-29+deb13u1_amd64.deb ...
#8 542.5 Unpacking unzip (6.0-29+deb13u1) ...
#8 542.7 Selecting previously unselected package x11-utils.
#8 542.7 Preparing to unpack .../580-x11-utils_7.7+7_amd64.deb ...
#8 542.8 Unpacking x11-utils (7.7+7) ...
#8 542.9 Selecting previously unselected package x11-xserver-utils.
#8 542.9 Preparing to unpack .../581-x11-xserver-utils_7.7+11_amd64.deb ...
#8 543.0 Unpacking x11-xserver-utils (7.7+11) ...
#8 543.1 Selecting previously unselected package xauth.
#8 543.1 Preparing to unpack .../582-xauth_1%3a1.1.2-1.1_amd64.deb ...
#8 543.2 Unpacking xauth (1:1.1.2-1.1) ...
#8 543.4 Selecting previously unselected package xdg-user-dirs.
#8 543.4 Preparing to unpack .../583-xdg-user-dirs_0.18-2_amd64.deb ...
#8 543.4 Unpacking xdg-user-dirs (0.18-2) ...
#8 543.6 Selecting previously unselected package zip.
#8 543.6 Preparing to unpack .../584-zip_3.0-15+deb13u1_amd64.deb ...
#8 543.6 Unpacking zip (3.0-15+deb13u1) ...
#8 543.8 Selecting previously unselected package libegl1:amd64.
#8 543.8 Preparing to unpack .../585-libegl1_1.7.0-1+b2_amd64.deb ...
#8 543.8 Unpacking libegl1:amd64 (1.7.0-1+b2) ...
#8 543.9 Selecting previously unselected package zutty.
#8 544.0 Preparing to unpack .../586-zutty_0.16.2.20241020+dfsg1-1_amd64.deb ...
#8 544.0 Unpacking zutty (0.16.2.20241020+dfsg1-1) ...
#8 544.2 Setting up libgnutls30t64:amd64 (3.8.9-3+deb13u4) ...
#8 544.3 Setting up media-types (13.0.0) ...
#8 544.3 Setting up libtext-iconv-perl:amd64 (1.7-8+b4) ...
#8 544.4 Setting up javascript-common (12+nmu1) ...
#8 544.6 Setting up libgraphite2-3:amd64 (1.3.14-2+deb13u1) ...
#8 544.6 Setting up liblcms2-2:amd64 (2.16-2+deb13u2) ...
#8 544.6 Setting up node-colors (1.4.0-4) ...
#8 544.7 Setting up libpixman-1-0:amd64 (0.44.0-3) ...
#8 544.7 Setting up node-fs.realpath (1.0.0-3) ...
#8 544.8 Setting up bzip2-doc (1.0.8-6) ...
#8 544.8 Setting up libsharpyuv0:amd64 (1.5.0-0.1) ...
#8 544.8 Setting up libwayland-server0:amd64 (1.23.1-3) ...
#8 544.8 Setting up node-ampproject-remapping (2.2.0+~cs5.15.37-1) ...
#8 544.9 Setting up node-diff (5.0.0~dfsg+~5.0.1-4) ...
#8 544.9 Setting up libaom3:amd64 (3.12.1-1+deb13u1) ...
#8 544.9 Setting up libpciaccess0:amd64 (0.17-3+b3) ...
#8 545.0 Setting up luit (2.0.20240910-1) ...
#8 545.0 Setting up libxau6:amd64 (1:1.0.11-1) ...
#8 545.0 Setting up libxdmcp6:amd64 (1:1.1.5-1) ...
#8 545.1 Setting up node-lru-cache (10.0.1-3) ...
#8 545.1 Setting up node-abbrev (1.1.1+~1.1.2-1) ...
#8 545.1 Setting up libxcb1:amd64 (1.17.0-2+b1) ...
#8 545.2 Setting up libtie-ixhash-perl (1.23-4) ...
#8 545.2 Setting up node-path-is-inside (1.0.2+~1.0.0-1) ...
#8 545.3 Setting up libjs-sprintf-js (1.1.2+ds1+~1.1.2-1) ...
#8 545.3 Setting up libfftw3-single3:amd64 (3.3.10-2+b1) ...
#8 545.3 Setting up libsodium23:amd64 (1.0.18-1+deb13u1) ...
#8 545.4 Setting up libpixman-1-dev:amd64 (0.44.0-3) ...
#8 545.4 Setting up native-architecture (0.2.6) ...
#8 545.4 Setting up libgpm2:amd64 (1.20.7-11+b2) ...
#8 545.5 Setting up libxcb-xfixes0:amd64 (1.17.0-2+b1) ...
#8 545.5 Setting up node-pify (5.0.0+~cs5.0.1-1) ...
#8 545.5 Setting up node-p-limit (4.0.0+~cs4.0.0-5) ...
#8 545.6 Setting up node-yallist (4.0.0+~4.0.1-1) ...
#8 545.6 Setting up liblerc4:amd64 (4.0.0+ds-5) ...
#8 545.6 Setting up libzstd-dev:amd64 (1.5.7+dfsg-1) ...
#8 545.7 Setting up liblockfile-bin (1.17-2) ...
#8 545.7 Setting up libjs-inherits (2.0.4-6) ...
#8 545.7 Setting up fonts-noto-mono (20201225-2) ...
#8 545.8 Setting up node-p-cancelable (2.1.1-1) ...
#8 545.8 Setting up node-is-windows (1.0.2+~cs1.0.0-1) ...
#8 545.9 Setting up node-ansi-regex (5.0.1-1) ...
#8 545.9 Setting up hicolor-icon-theme (0.18-2) ...
#8 546.0 Setting up node-yaml (2.3.4+~cs0.4.0-1) ...
#8 546.0 Setting up libwmflite-0.2-7:amd64 (0.2.13-1.1+b3) ...
#8 546.1 Setting up node-loader-runner (4.3.0-1) ...
#8 546.1 Setting up libfont-afm-perl (1.20-4) ...
#8 546.1 Setting up node-object-inspect (1.12.2+~cs1.8.1-1) ...
#8 546.2 Setting up libdatrie1:amd64 (0.2.13-3+b1) ...
#8 546.2 Setting up node-slash (4.0.0-3) ...
#8 546.3 Setting up libcurl4t64:amd64 (8.14.1-2+deb13u4) ...
#8 546.3 Setting up xdg-user-dirs (0.18-2) ...
#8 546.4 Setting up node-util-deprecate (1.0.2-3) ...
#8 546.4 Setting up libzip5:amd64 (1.11.3-2) ...
#8 546.4 Setting up node-ieee754 (1.2.1-3) ...
#8 546.5 Setting up node-fs-readdir-recursive (1.1.0+~1.1.0-1) ...
#8 546.5 Setting up node-v8flags (3.2.0+~3.1.1-1) ...
#8 546.5 Setting up node-retry (0.13.1.+~cs2.19.16-1) ...
#8 546.6 Setting up libfile-fcntllock-perl (0.22-4+b4) ...
#8 546.6 Setting up libonig-dev (6.9.9-1+b1) ...
#8 546.7 Setting up node-get-caller-file (2.0.5+~cs1.1.1-4) ...
#8 546.7 Setting up node-arrify (2.0.1-3) ...
#8 546.7 Setting up psmisc (23.7-2) ...
#8 546.8 Setting up libxcb-render0:amd64 (1.17.0-2+b1) ...
#8 546.8 Setting up libcbor0.10:amd64 (0.10.2-2) ...
#8 546.8 Setting up libclone-perl:amd64 (0.47-1+b1) ...
#8 546.9 Setting up libarchive-zip-perl (1.68-1) ...
#8 546.9 Setting up node-eslint-visitor-keys (3.3.0+~1.0.0-1) ...
#8 546.9 Setting up imagemagick-7-common (8:7.1.1.43+dfsg1-1+deb13u11) ...
#8 547.1 Setting up node-caniuse-lite (1.0.30001723+dfsg+~1.0.5-1) ...
#8 547.1 Setting up node-isobject (4.0.0-2) ...
#8 547.1 Setting up libglvnd0:amd64 (1.7.0-1+b2) ...
#8 547.2 Setting up node-get-value (1:3.0.1-4) ...
#8 547.2 Setting up libio-stringy-perl (2.113-2) ...
#8 547.3 Setting up node-delegates (1.0.0-3) ...
#8 547.3 Setting up libtirpc-common (1.3.6+ds-1) ...
#8 547.4 Setting up libhtml-tagset-perl (3.24-1) ...
#8 547.5 Setting up node-depd (2.0.0-2) ...
#8 547.5 Setting up libijs-0.35:amd64 (0.35-15.2) ...
#8 547.5 Setting up libauthen-sasl-perl (2.1700-1) ...
#8 547.6 Setting up libxcb-glx0:amd64 (1.17.0-2+b1) ...
#8 547.6 Setting up node-isexe (2.0.0+~2.0.1-5) ...
#8 547.7 Setting up unzip (6.0-29+deb13u1) ...
#8 547.7 Setting up libgs-common (10.05.1~dfsg-1+deb13u1) ...
#8 547.8 Setting up node-resolve (1.22.8+~cs5.34.15-2) ...
#8 547.8 Setting up libedit2:amd64 (3.1-20250104-1) ...
#8 547.9 Setting up node-jsonparse (1.3.1-10) ...
#8 547.9 Setting up node-core-js-pure (3.33.2-1) ...
#8 547.9 Setting up node-es-module-lexer (1.1.0+dfsg-3) ...
#8 548.0 Setting up node-path-exists (5.0.0-8) ...
#8 548.0 Setting up liblwp-mediatypes-perl (6.04-2) ...
#8 548.1 Setting up libgdk-pixbuf2.0-common (2.42.12+dfsg-4+deb13u1) ...
#8 548.1 Setting up libuv1t64:amd64 (1.50.0-2) ...
#8 548.2 Setting up node-unicode-match-property-value-ecmascript (2.1.0+ds-1) ...
#8 548.2 Setting up node-escape-string-regexp (4.0.0-2) ...
#8 548.2 Setting up node-through (2.3.8+~cs0.0.30-1) ...
#8 548.3 Setting up libxcb-shape0:amd64 (1.17.0-2+b1) ...
#8 548.3 Setting up libjs-source-map (0.7.0++dfsg2+really.0.6.1-15) ...
#8 548.4 Setting up x11-common (1:7.7+24+deb13u1) ...
#8 549.2 debconf: unable to initialize frontend: Dialog
#8 549.2 debconf: (TERM is not set, so the dialog frontend is not usable.)
#8 549.2 debconf: falling back to frontend: Readline
#8 549.2 debconf: unable to initialize frontend: Readline
#8 549.2 debconf: (This frontend requires a controlling tty.)
#8 549.2 debconf: falling back to frontend: Teletype
#8 549.3 debconf: unable to initialize frontend: Teletype
#8 549.3 debconf: (This frontend requires a controlling tty.)
#8 549.3 debconf: falling back to frontend: Noninteractive
#8 549.3 invoke-rc.d: could not determine current runlevel
#8 549.4 invoke-rc.d: policy-rc.d denied execution of start.
#8 549.4 Setting up node-p-locate (6.0.0-12) ...
#8 549.4 Setting up libtry-tiny-perl (0.32-1) ...
#8 549.5 Setting up libsensors-config (1:3.6.2-2) ...
#8 549.5 Setting up node-negotiator (0.6.3+~0.6.1-1) ...
#8 549.5 Setting up node-tslib (2.4.1-1) ...
#8 549.6 Setting up node-strip-bom (4.0.0-2) ...
#8 549.6 Setting up libdeflate0:amd64 (1.23-2) ...
#8 549.6 Setting up less (668-1) ...
#8 549.7 Setting up perl-openssl-defaults:amd64 (7+b2) ...
#8 549.7 Setting up node-stack-utils (2.0.6+~2.0.1-1) ...
#8 549.7 Setting up libwebpdecoder3:amd64 (1.5.0-0.1) ...
#8 549.8 Setting up libfftw3-long3:amd64 (3.3.10-2+b1) ...
#8 549.8 Setting up node-ci-info (4.0.0+~cs1.1.0-1) ...
#8 549.8 Setting up libevent-2.1-7t64:amd64 (2.1.12-stable-10+b1) ...
#8 549.9 Setting up node-color-name (1.1.4+~1.1.1-2) ...
#8 549.9 Setting up node-chrome-trace-event (1.0.3-2) ...
#8 549.9 Setting up node-json-buffer (3.0.1+~3.0.0-1) ...
#8 550.0 Setting up liblzo2-2:amd64 (2.10-3+b1) ...
#8 550.0 Setting up node-electron-to-chromium (1.5.166-1) ...
#8 550.0 Setting up libencode-locale-perl (1.05-3) ...
#8 550.1 Setting up node-cjs-module-lexer (1.2.3+dfsg-1) ...
#8 550.1 Setting up node-console-control-strings (1.1.0-3) ...
#8 550.1 Setting up node-source-list-map (2.0.1+dfsg+~0.1.2-1) ...
#8 550.2 Setting up libxcb-shm0:amd64 (1.17.0-2+b1) ...
#8 550.2 Setting up node-camelcase (7.0.0-3) ...
#8 550.2 Setting up node-resumer (0.0.0-6) ...
#8 550.2 Setting up node-uuid (8.3.2+~8.3.4-1) ...
#8 550.3 Setting up node-pascalcase (1.0.0-1) ...
#8 550.3 Setting up zipmerge (1.11.3-2) ...
#8 550.3 Setting up libabsl20240722:amd64 (20240722.0-4) ...
#8 550.4 Setting up libffi-dev:amd64 (3.4.8-2) ...
#8 550.4 Setting up node-auto-bind (4.0.0-2) ...
#8 550.4 Setting up node-terser (5.38.0-1) ...
#8 550.5 Setting up libjbig0:amd64 (2.1-6.1+b2) ...
#8 550.5 Setting up libnetpbm11t64:amd64 (2:11.10.02-1) ...
#8 550.5 Setting up node-path-type (4.0.0-3) ...
#8 550.5 Setting up node-indent-string (4.0.0-2) ...
#8 550.6 Setting up libimage-exiftool-perl (13.25+dfsg-1) ...
#8 550.6 Setting up libpcre2-16-0:amd64 (10.46-1~deb13u1) ...
#8 550.6 Setting up node-typedarray (0.0.7-1) ...
#8 550.7 Setting up libelf1t64:amd64 (0.192-4) ...
#8 550.7 Setting up node-function-bind (1.1.2+~cs2.1.14-1) ...
#8 550.7 Setting up poppler-data (0.4.12-1) ...
#8 550.8 Setting up node-clone (2.1.2+~2.1.2-1) ...
#8 550.8 Setting up node-p-map (4.0.0+~3.1.0+~3.0.1-2) ...
#8 550.8 Setting up libcompress-raw-lzma-perl:amd64 (2.213-1+b1) ...
#8 550.9 Setting up node-iferr (1.0.2+~1.0.2-1) ...
#8 550.9 Setting up node-chownr (2.0.0-3) ...
#8 550.9 Setting up node-has-flag (5.0.1-1) ...
#8 551.0 Setting up node-estraverse (5.3.0+ds+~5.1.1-1) ...
#8 551.0 Setting up node-regjsgen (0.7.1+ds-1) ...
#8 551.1 Setting up libxcb-present0:amd64 (1.17.0-2+b1) ...
#8 551.1 Setting up liberror-perl (0.17030-1) ...
#8 551.1 Setting up node-lodash-packages (4.17.21+dfsg+~cs8.31.198.20210220-9) ...
#8 551.2 Setting up libsysprof-capture-4-dev:amd64 (48.0-2) ...
#8 551.3 Setting up node-json-schema-traverse (1.0.0-3) ...
#8 551.3 Setting up node-inherits (2.0.4-6) ...
#8 551.4 Setting up node-path-is-absolute (2.0.0-2) ...
#8 551.5 Setting up node-locate-path (7.1.1-2) ...
#8 551.5 Setting up xtrans-dev (1.4.0-1) ...
#8 551.5 Setting up node-ini (3.0.1-2) ...
#8 551.6 Setting up node-postcss-value-parser (4.2.0-1) ...
#8 551.6 Setting up libgraphite2-dev:amd64 (1.3.14-2+deb13u1) ...
#8 551.6 Setting up zip (3.0-15+deb13u1) ...
#8 551.7 Setting up libfontenc1:amd64 (1:1.1.8-1+b2) ...
#8 551.7 Setting up autotools-dev (20240727.1) ...
#8 551.7 Setting up node-is-descriptor (3.0.0-2) ...
#8 551.7 Setting up libz3-4:amd64 (4.13.3-1) ...
#8 551.8 Setting up libpcre2-32-0:amd64 (10.46-1~deb13u1) ...
#8 551.8 Setting up libglib2.0-0t64:amd64 (2.84.4-3~deb13u3) ...
#8 551.8 No schema files found: doing nothing.
#8 551.8 Setting up node-safe-buffer (5.2.1+~cs2.1.2-3) ...
#8 551.9 Setting up node-promise-inflight (1.0.1+~1.0.0-1) ...
#8 551.9 Setting up libglib2.0-data (2.84.4-3~deb13u3) ...
#8 552.2 Setting up libunbound8:amd64 (1.22.0-2+deb13u3) ...
#8 552.3 Setting up linux-sysctl-defaults (4.12.1) ...
#8 552.4 Setting up libgles2:amd64 (1.7.0-1+b2) ...
#8 552.5 Setting up libexpat1-dev:amd64 (2.8.3-1~deb13u1) ...
#8 552.5 Setting up node-rechoir (0.8.0+~0.6.1-2) ...
#8 552.6 Setting up node-json-parse-better-errors (1.0.2+~cs3.3.1-3) ...
#8 552.6 Setting up libjpeg62-turbo:amd64 (1:2.1.5-4) ...
#8 552.7 Setting up node-unicode-canonical-property-names-ecmascript (2.0.0-2) ...
#8 552.7 Setting up libjxr0t64:amd64 (1.2~git20170615.f752187-5.3) ...
#8 552.8 Setting up node-sprintf-js (1.1.2+ds1+~1.1.2-1) ...
#8 553.7 Setting up node-flatted (3.2.7~ds-1+deb13u1) ...
#8 555.5 Setting up libgnutls-dane0t64:amd64 (3.8.9-3+deb13u4) ...
#8 555.7 Setting up node-y18n (5.0.8+~5.0.0-3) ...
#8 555.8 Setting up node-fast-deep-equal (3.1.3-3) ...
#8 555.9 Setting up node-shebang-regex (3.0.0-2) ...
#8 556.0 Setting up node-err-code (2.0.3+dfsg-3) ...
#8 556.0 Setting up libdata-dump-perl (1.25-1) ...
#8 556.1 Setting up node-resolve-from (5.0.0+~3.1.0+~3.3.0+~2.0.0-1) ...
#8 556.2 Setting up libx11-data (2:1.8.12-1) ...
#8 556.3 Setting up libjpeg62-turbo-dev:amd64 (1:2.1.5-4) ...
#8 556.3 Setting up libxcb-sync1:amd64 (1.17.0-2+b1) ...
#8 556.4 Setting up libjbig2dec0:amd64 (0.20-1+b3) ...
#8 556.4 Setting up libipc-system-simple-perl (1.30-2) ...
#8 556.5 Setting up node-balanced-match (2.0.0-1) ...
#8 556.5 Setting up node-convert-source-map (1.9.0+~1.5.2-1) ...
#8 556.6 Setting up libxml-xpathengine-perl (0.14-2) ...
#8 556.6 Setting up node-brace-expansion (2.0.1+~1.1.0-2) ...
#8 556.7 Setting up uuid-dev:amd64 (2.41.5-0+deb13u1) ...
#8 556.8 Setting up libavahi-common-data:amd64 (0.8-16) ...
#8 556.9 Setting up node-is-stream (3.0.0-4) ...
#8 556.9 Setting up node-spdx-exceptions (2.3.0-2) ...
#8 557.0 Setting up libdbus-1-3:amd64 (1.16.2-2) ...
#8 557.0 Setting up libio-compress-brotli-perl (0.004001-2+b3) ...
#8 557.1 Setting up xz-utils (5.8.1-1+deb13u1) ...
#8 557.2 Setting up xfonts-encodings (1:1.0.4-2.2) ...
#8 557.3 Setting up libfftw3-quad3:amd64 (3.3.10-2+b1) ...
#8 557.3 Setting up libfribidi0:amd64 (1.0.16-1) ...
#8 557.4 Setting up node-get-stream (8.0.1-11) ...
#8 557.4 Setting up node-js-tokens (8.0.0-2) ...
#8 557.5 Setting up node-core-js (3.33.2-1) ...
#8 557.6 Setting up libexif12:amd64 (0.6.25-1+deb13u1) ...
#8 557.6 Setting up node-interpret (2.2.0-3) ...
#8 557.6 Setting up node-set-blocking (2.0.0-2) ...
#8 557.7 Setting up node-prr (1.0.1-3) ...
#8 557.7 Setting up fonts-dejavu-mono (2.37-8) ...
#8 557.8 Setting up libssl-dev:amd64 (3.5.7-1~deb13u2) ...
#8 557.8 Setting up libpng16-16t64:amd64 (1.6.48-1+deb13u5) ...
#8 557.9 Setting up libcares2:amd64 (1.34.5-1+deb13u1) ...
#8 558.0 Setting up libimath-3-1-29t64:amd64 (3.1.12-1+b3) ...
#8 558.0 Setting up node-repeat-string (1.6.1+repack-1) ...
#8 558.0 Setting up systemd-timesyncd (257.13-1~deb13u1) ...
#8 558.1 Creating group 'systemd-timesync' with GID 996.
#8 558.2 Creating user 'systemd-timesync' (systemd Time Synchronization) with UID 996 and GID 996.
#8 558.8 Created symlink '/etc/systemd/system/dbus-org.freedesktop.timesync1.service' → '/usr/lib/systemd/system/systemd-timesyncd.service'.
#8 558.8 Created symlink '/etc/systemd/system/sysinit.target.wants/systemd-timesyncd.service' → '/usr/lib/systemd/system/systemd-timesyncd.service'.
#8 558.9 Setting up libidn12:amd64 (1.43-1) ...
#8 559.0 Setting up libio-html-perl (1.004-3) ...
#8 559.3 Setting up node-globals (13.23.0-1) ...
#8 559.3 Setting up node-deep-is (0.1.4-1) ...
#8 559.4 Setting up node-async (3.2.6+dfsg-2) ...
#8 559.5 Setting up fonts-dejavu-core (2.37-8) ...
#8 559.7 Setting up node-signal-exit (4.1.0-7) ...
#8 559.8 Setting up node-require-from-string (2.0.2+~1.2.1-1) ...
#8 559.9 Setting up node-randombytes (2.1.0+~2.0.0-2) ...
#8 560.0 Setting up libsepol-dev:amd64 (3.8.1-1) ...
#8 560.0 Setting up gir1.2-glib-2.0:amd64 (2.84.4-3~deb13u3) ...
#8 560.1 Setting up libsensors5:amd64 (1:3.6.2-2) ...
#8 560.2 Setting up libsodium-dev:amd64 (1.0.18-1+deb13u1) ...
#8 560.3 Setting up liblerc-dev:amd64 (4.0.0+ds-5) ...
#8 560.4 Setting up libmagickcore-7-headers (8:7.1.1.43+dfsg1-1+deb13u11) ...
#8 560.4 Setting up libncursesw6:amd64 (6.5+20250216-2) ...
#8 560.5 Setting up node-source-map (0.7.0++dfsg2+really.0.6.1-15) ...
#8 560.5 Setting up libltdl7:amd64 (2.5.4-4) ...
#8 560.5 Setting up node-wrappy (1.0.2-3) ...
#8 560.6 Setting up node-object-visit (1.0.1-5) ...
#8 560.7 Setting up libfftw3-double3:amd64 (3.3.10-2+b1) ...
#8 560.7 Setting up node-text-table (0.2.0-4) ...
#8 560.8 Setting up libraw23t64:amd64 (0.21.4-2) ...
#8 560.8 Setting up libvulkan1:amd64 (1.4.309.0-1) ...
#8 560.9 Setting up node-require-directory (2.1.1+~2.1.2-1) ...
#8 560.9 Setting up node-ip (2.0.1+~1.1.3-3) ...
#8 561.0 Setting up nodejs-doc (20.19.2+dfsg-1+deb13u2) ...
#8 561.0 Setting up node-quick-lru (6.1.1-4) ...
#8 561.1 Setting up node-regenerator-runtime (0.15.2+~0.10.8-1) ...
#8 561.1 Setting up libwebp7:amd64 (1.5.0-0.1) ...
#8 561.2 Setting up node-punycode (2.3.1+~2.1.4-1) ...
#8 561.2 Setting up libtimedate-perl (2.3300-2) ...
#8 561.4 Setting up liblcms2-dev:amd64 (2.16-2+deb13u2) ...
#8 561.5 Setting up liblzma-dev:amd64 (5.8.1-1+deb13u1) ...
#8 561.6 Setting up node-to-fast-properties (3.0.1-3) ...
#8 561.7 Setting up node-defaults (1.0.4+~1.0.3-1) ...
#8 561.7 Setting up zlib1g-dev:amd64 (1:1.3.dfsg+really1.3.1-1+b1) ...
#8 561.8 Setting up node-mute-stream (0.0.8+~0.0.1-3) ...
#8 561.8 Setting up node-memfs (3.4.12+~cs1.0.3-1) ...
#8 561.9 Setting up node-mimic-response (3.1.0-9) ...
#8 562.0 Setting up node-commander (9.4.1-1) ...
#8 562.0 Setting up libnuma1:amd64 (2.0.19-1) ...
#8 562.1 Setting up node-undici (7.3.0+dfsg1+~cs24.12.11-1) ...
#8 562.1 Setting up libpcre2-posix3:amd64 (10.46-1~deb13u1) ...
#8 562.2 Setting up libjs-typedarray-to-buffer (4.0.0-2) ...
#8 562.3 Setting up zipcmp (1.11.3-2) ...
#8 562.4 Setting up libdav1d7:amd64 (1.5.1-1) ...
#8 562.4 Setting up libdatrie-dev:amd64 (0.2.13-3+b1) ...
#8 562.5 Setting up liblqr-1-0:amd64 (0.4.2-2.1+b2) ...
#8 562.5 Setting up sensible-utils (0.0.25) ...
#8 562.6 Setting up node-graceful-fs (4.2.10-1) ...
#8 562.6 Setting up node-merge-stream (2.0.0+~1.1.2-2) ...
#8 562.7 Setting up node-is-path-cwd (2.2.0-2) ...
#8 562.8 Setting up exim4-config (4.98.2-1+deb13u4) ...
#8 564.0 debconf: unable to initialize frontend: Dialog
#8 564.0 debconf: (TERM is not set, so the dialog frontend is not usable.)
#8 564.0 debconf: falling back to frontend: Readline
#8 564.1 debconf: unable to initialize frontend: Readline
#8 564.1 debconf: (This frontend requires a controlling tty.)
#8 564.1 debconf: falling back to frontend: Teletype
#8 564.1 debconf: unable to initialize frontend: Teletype
#8 564.1 debconf: (This frontend requires a controlling tty.)
#8 564.1 debconf: falling back to frontend: Noninteractive
#8 564.4 Adding system-user for exim (v4)
#8 565.9 Setting up gir1.2-glib-2.0-dev:amd64 (2.84.4-3~deb13u3) ...
#8 566.0 Setting up libexif-doc (0.6.25-1+deb13u1) ...
#8 566.0 Setting up libxshmfence1:amd64 (1.3.3-1) ...
#8 566.0 Setting up libmime-charset-perl (1.013.1-2) ...
#8 566.1 Setting up libtiff6:amd64 (4.7.0-3+deb13u3) ...
#8 566.2 Setting up libxcb-randr0:amd64 (1.17.0-2+b1) ...
#8 566.3 Setting up dbus-session-bus-common (1.16.2-2) ...
#8 566.3 Setting up node-jsonify (0.0.1-1) ...
#8 566.4 Setting up node-json-stable-stringify (1.0.2+repack1+~cs1.0.34-2) ...
#8 566.4 Setting up node-fast-levenshtein (2.0.6+ds-3) ...
#8 566.5 Setting up libjs-regenerate (1.4.2-3) ...
#8 566.5 Setting up node-hosted-git-info (6.1.1-2) ...
#8 566.6 Setting up node-aproba (2.0.0-3) ...
#8 566.6 Setting up node-unicode-property-aliases-ecmascript (2.1.0+ds-1) ...
#8 566.7 Setting up node-binary-extensions (2.2.0-2) ...
#8 566.7 Setting up node-is-plain-object (5.0.0-7) ...
#8 566.7 Setting up node-eslint-utils (3.0.0-3) ...
#8 566.8 Setting up node-mimic-fn (4.0.0-5) ...
#8 566.8 Setting up node-path-dirname (1.0.2-2) ...
#8 566.9 Setting up node-ip-regex (4.3.0+~4.1.1-1) ...
#8 566.9 Setting up build-essential (12.12) ...
#8 566.9 Setting up libopenjp2-7:amd64 (2.5.3-2.1~deb13u2) ...
#8 567.0 Setting up git-man (1:2.47.3-0+deb13u1) ...
#8 567.0 Setting up libx11-6:amd64 (2:1.8.12-1) ...
#8 567.1 Setting up libthai-data (0.1.29-2) ...
#8 567.1 Setting up node-spdx-license-ids (3.0.12-1) ...
#8 567.1 Setting up node-string-decoder (1.3.0-6) ...
#8 567.2 Setting up xorg-sgml-doctools (1:1.11-1.1) ...
#8 567.2 Setting up node-esutils (2.0.3+~2.0.0-1) ...
#8 567.4 Setting up netbase (6.5) ...
#8 567.6 Setting up libngtcp2-16:amd64 (1.11.0-1+deb13u1) ...
#8 567.6 Setting up node-time-stamp (2.2.0-2) ...
#8 567.7 Setting up node-commondir (1.0.1+~1.0.0-1) ...
#8 567.7 Setting up libjs-prettify (2015.12.04+dfsg-1.1) ...
#8 567.7 Setting up libjs-events (3.3.0+~3.0.0-3) ...
#8 567.8 Setting up node-run-queue (2.0.0-3) ...
#8 567.8 Setting up liblockfile1:amd64 (1.17-2) ...
#8 567.8 Setting up node-core-util-is (1.0.3-1) ...
#8 567.9 Setting up node-json-schema (0.4.0+~7.0.11-1) ...
#8 567.9 Setting up curl (8.14.1-2+deb13u4) ...
#8 568.0 Setting up fonts-droid-fallback (1:8.1.0r7-1~1.gbp36536b) ...
#8 568.1 Setting up node-uri-js (4.4.0+dfsg-8) ...
#8 568.1 Setting up node-prelude-ls (1.2.1+dfsg-3) ...
#8 568.2 Setting up libicu76:amd64 (76.1-4) ...
#8 568.3 Setting up node-minimatch (9.0.3-6) ...
#8 568.4 Setting up libxkbfile1:amd64 (1:1.1.0-1+b4) ...
#8 568.4 Setting up libpaper2:amd64 (2.2.5-0.3+b2) ...
#8 568.7 debconf: unable to initialize frontend: Dialog
#8 568.7 debconf: (TERM is not set, so the dialog frontend is not usable.)
#8 568.7 debconf: falling back to frontend: Readline
#8 568.8 debconf: unable to initialize frontend: Readline
#8 568.8 debconf: (This frontend requires a controlling tty.)
#8 568.8 debconf: falling back to frontend: Teletype
#8 568.8 debconf: unable to initialize frontend: Teletype
#8 568.9 debconf: (This frontend requires a controlling tty.)
#8 568.9 debconf: falling back to frontend: Noninteractive
#8 569.0 Setting up libdjvulibre-text (3.5.28-2.2) ...
#8 569.1 Setting up node-cli-boxes (3.0.0-1) ...
#8 569.2 Setting up dbus-system-bus-common (1.16.2-2) ...
#8 569.2 Creating group 'messagebus' with GID 995.
#8 569.2 Creating user 'messagebus' (System Message Bus) with UID 995 and GID 995.
#8 569.3 Setting up node-imurmurhash (0.1.4+dfsg+~0.1.1-2) ...
#8 569.4 Setting up node-xtend (4.0.2-3) ...
#8 569.4 Setting up libfido2-1:amd64 (1.15.0-1+b1) ...
#8 569.5 Setting up node-set-immediate-shim (2.0.0-2) ...
#8 569.5 Setting up node-foreground-child (3.1.1-2) ...
#8 569.5 Setting up libde265-0:amd64 (1.0.15-1+deb13u1) ...
#8 569.6 Setting up libsharpyuv-dev:amd64 (1.5.0-0.1) ...
#8 569.6 Setting up libx265-215:amd64 (4.1-2) ...
#8 569.7 Setting up node-wordwrap (1.0.0-4) ...
#8 569.7 Setting up node-read (1.0.7-5) ...
#8 569.8 Setting up ziptool (1.11.3-2) ...
#8 569.8 Setting up node-regexpp (3.2.0-5) ...
#8 569.9 Setting up openssl (3.5.7-1~deb13u2) ...
#8 570.0 Setting up libwebpmux3:amd64 (1.5.0-0.1) ...
#8 570.0 Setting up libtiffxx6:amd64 (4.7.0-3+deb13u3) ...
#8 570.1 Setting up node-is-arrayish (0.3.2-3) ...
#8 570.1 Setting up libdeflate-dev:amd64 (1.23-2) ...
#8 570.1 Setting up libdrm-common (2.4.124-2) ...
#8 570.2 Setting up node-base64-js (1.5.1+dfsg+~1.3.0-2) ...
#8 570.3 Setting up node-map-visit (1.0.0-4) ...
#8 570.3 Setting up libxcomposite1:amd64 (1:0.4.6-1) ...
#8 570.4 Setting up node-esquery (1.4.2~ds-1) ...
#8 570.5 Setting up libpython3.13-stdlib:amd64 (3.13.5-2+deb13u4) ...
#8 570.5 Setting up node-npm-run-path (5.1.0+~4.0.0-8) ...
#8 570.6 Setting up libjson-c5:amd64 (0.18+ds-1) ...
#8 570.6 Setting up libxml2:amd64 (2.12.7+dfsg+really2.9.14-2.1+deb13u3) ...
#8 570.7 Setting up node-is-buffer (2.0.5-2) ...
#8 570.7 Setting up xdg-utils (1.2.1-2) ...
#8 570.7 update-alternatives: using /usr/bin/xdg-open to provide /usr/bin/open (open) in auto mode
#8 570.7 update-alternatives: warning: skip creation of /usr/share/man/man1/open.1.gz because associated file /usr/share/man/man1/xdg-open.1.gz (of link group open) doesn't exist
#8 570.8 Setting up node-color-convert (2.0.1+~cs2.0.0-2) ...
#8 570.8 Setting up liburi-perl (5.30-1) ...
#8 570.8 Setting up libxmuu1:amd64 (2:1.1.3-3+b4) ...
#8 570.9 Setting up dbus-bin (1.16.2-2) ...
#8 571.0 Setting up libbrotli-dev:amd64 (1.1.0-2+b7) ...
#8 571.0 Setting up libx11-protocol-perl (0.56-9) ...
#8 571.0 Setting up node-data-uri-to-buffer (6.0.2~0~2024040606-6+deb13u1) ...
#8 571.1 Setting up libngtcp2-crypto-gnutls8:amd64 (1.11.0-1+deb13u1) ...
#8 571.2 Setting up node-async-each (1.0.3-3) ...
#8 571.2 Setting up node-isarray (2.0.5-4) ...
#8 571.3 Setting up node-osenv (0.1.5+~0.1.1-1) ...
#8 571.3 Setting up libkmod2:amd64 (34.2-2) ...
#8 571.3 Setting up node-is-plain-obj (3.0.0-2) ...
#8 571.5 Setting up node-is-extglob (2.1.1-5) ...
#8 571.5 Setting up libpython3-stdlib:amd64 (3.13.5-1) ...
#8 571.6 Setting up node-tapable (2.2.1-3) ...
#8 571.6 Setting up node-shebang-command (2.0.0-1) ...
#8 571.7 Setting up libjs-is-typedarray (1.0.0-4) ...
#8 571.7 Setting up node-lowercase-keys (2.0.0-2) ...
#8 571.7 Setting up node-babel-plugin-add-module-exports (1.0.4+dfsg1~cs5.8.0-4) ...
#8 571.8 Setting up node-decompress-response (6.0.0-3) ...
#8 571.8 Setting up libbz2-dev:amd64 (1.0.8-6) ...
#8 571.9 Setting up login (1:4.16.0-2+really2.41.5-0+deb13u1) ...
#8 572.0 Setting up node-strip-eof (3.0.0-5) ...
#8 572.0 Setting up node-process-nextick-args (2.0.1-3) ...
#8 572.1 Setting up node-has-unicode (2.0.1-5) ...
#8 572.1 Setting up libwayland-client0:amd64 (1.23.1-3) ...
#8 572.2 Setting up libnet-ssleay-perl:amd64 (1.94-3) ...
#8 572.2 Setting up automake (1:1.17-4) ...
#8 572.3 update-alternatives: using /usr/bin/automake-1.17 to provide /usr/bin/automake (automake) in auto mode
#8 572.3 update-alternatives: warning: skip creation of /usr/share/man/man1/automake.1.gz because associated file /usr/share/man/man1/automake-1.17.1.gz (of link group automake) doesn't exist
#8 572.3 update-alternatives: warning: skip creation of /usr/share/man/man1/aclocal.1.gz because associated file /usr/share/man/man1/aclocal-1.17.1.gz (of link group automake) doesn't exist
#8 572.3 Setting up x11proto-dev (2024.1-1) ...
#8 572.4 Setting up libuv1-dev:amd64 (1.50.0-2) ...
#8 572.4 Setting up libxcb-dri3-0:amd64 (1.17.0-2+b1) ...
#8 572.5 Setting up libblkid-dev:amd64 (2.41.5-0+deb13u1) ...
#8 572.5 Setting up libllvm19:amd64 (1:19.1.7-3+b1) ...
#8 572.5 Setting up node-readable-stream (3.6.0+~cs3.0.0-4) ...
#8 572.6 Setting up libimath-dev:amd64 (3.1.12-1+b3) ...
#8 572.6 Setting up libx11-xcb1:amd64 (2:1.8.12-1) ...
#8 572.6 Setting up libice6:amd64 (2:1.1.1-1) ...
#8 572.7 Setting up libhttp-date-perl (6.06-1) ...
#8 572.7 Setting up libre2-11:amd64 (20240702-3+b1) ...
#8 572.7 Setting up libzip-dev:amd64 (1.11.3-2) ...
#8 572.8 Setting up libexif-dev:amd64 (0.6.25-1+deb13u1) ...
#8 572.8 Setting up node-promise-retry (2.0.1-4) ...
#8 572.9 Setting up libfile-basedir-perl (0.09-2) ...
#8 572.9 Setting up node-supports-color (8.1.1+~8.1.1-1) ...
#8 572.9 Setting up libfile-listing-perl (6.16-1) ...
#8 573.0 Setting up libxau-dev:amd64 (1:1.0.11-1) ...
#8 573.0 Setting up libjxr-tools (1.2~git20170615.f752187-5.3) ...
#8 573.1 Setting up libxpm4:amd64 (1:3.5.17-1+deb13u1) ...
#8 573.1 Setting up node-error-ex (1.3.2-4) ...
#8 573.1 Setting up libpcre2-dev:amd64 (10.46-1~deb13u1) ...
#8 573.2 Setting up node-once (1.4.1-1) ...
#8 573.2 Setting up node-webpack-sources (3.2.3+~3.2.0-2) ...
#8 573.3 Setting up libxrender1:amd64 (1:0.9.12-1) ...
#8 573.3 Setting up libice-dev:amd64 (2:1.1.1-1) ...
#8 573.4 Setting up node-n3 (1.16.3+~1.2.3+~1.10.4-1) ...
#8 573.5 Setting up libtirpc3t64:amd64 (1.3.6+ds-1) ...
#8 573.5 Setting up libpng-tools (1.6.48-1+deb13u5) ...
#8 573.6 Setting up libtool (2.5.4-4) ...
#8 573.7 Setting up python3.13 (3.13.5-2+deb13u4) ...
#8 575.6 Setting up libgirepository-2.0-0:amd64 (2.84.4-3~deb13u3) ...
#8 575.7 Setting up libfftw3-bin (3.3.10-2+b1) ...
#8 575.7 Setting up libselinux1-dev:amd64 (3.8.1-1) ...
#8 575.8 Setting up libmagickcore-7-arch-config:amd64 (8:7.1.1.43+dfsg1-1+deb13u11) ...
#8 575.8 Setting up fontconfig-config (2.15.0-2.3) ...
#8 576.0 debconf: unable to initialize frontend: Dialog
#8 576.0 debconf: (TERM is not set, so the dialog frontend is not usable.)
#8 576.0 debconf: falling back to frontend: Readline
#8 576.1 debconf: unable to initialize frontend: Readline
#8 576.1 debconf: (This frontend requires a controlling tty.)
#8 576.1 debconf: falling back to frontend: Teletype
#8 576.1 debconf: unable to initialize frontend: Teletype
#8 576.1 debconf: (This frontend requires a controlling tty.)
#8 576.1 debconf: falling back to frontend: Noninteractive
#8 576.3 Setting up openssh-client (1:10.0p1-7+deb13u4) ...
#8 577.0 Created symlink '/etc/systemd/user/sockets.target.wants/ssh-agent.socket' → '/usr/lib/systemd/user/ssh-agent.socket'.
#8 577.0 Setting up node-serialize-javascript (6.0.2-1) ...
#8 577.0 Setting up libfribidi-dev:amd64 (1.0.16-1) ...
#8 577.1 Setting up libwebpdemux2:amd64 (1.5.0-0.1) ...
#8 577.1 Setting up cron (3.0pl1-197) ...
#8 577.2 invoke-rc.d: could not determine current runlevel
#8 577.3 invoke-rc.d: policy-rc.d denied execution of start.
#8 577.5 Created symlink '/etc/systemd/system/multi-user.target.wants/cron.service' → '/usr/lib/systemd/system/cron.service'.
#8 577.5 Setting up libpng-dev:amd64 (1.6.48-1+deb13u5) ...
#8 577.6 Setting up node-are-we-there-yet (3.0.1+~1.1.0-1) ...
#8 577.6 Setting up node-shell-quote (1.7.4+~1.7.1-1+deb13u1) ...
#8 577.6 Setting up libdjvulibre21:amd64 (3.5.28-2.2) ...
#8 577.7 Setting up libavahi-common3:amd64 (0.8-16) ...
#8 577.7 Setting up libjpeg-dev:amd64 (1:2.1.5-4) ...
#8 577.7 Setting up libjbig-dev:amd64 (2.1-6.1+b2) ...
#8 577.8 Setting up libcurl3t64-gnutls:amd64 (8.14.1-2+deb13u4) ...
#8 577.8 Setting up node-find-up (6.3.0-7) ...
#8 577.9 Setting up libxext6:amd64 (2:1.3.4-1+b3) ...
#8 577.9 Setting up libglib2.0-bin (2.84.4-3~deb13u3) ...
#8 577.9 Setting up libnet-http-perl (6.23-1) ...
#8 578.0 Setting up liblqr-1-0-dev:amd64 (0.4.2-2.1+b2) ...
#8 578.0 Setting up node-kind-of (6.0.3+dfsg-2) ...
#8 578.0 Setting up python3 (3.13.5-1) ...
#8 578.1 running python rtupdate hooks for python3.13...
#8 579.1 running python post-rtupdate hooks for python3.13...
#8 579.3 Setting up libmagickwand-7-headers (8:7.1.1.43+dfsg1-1+deb13u11) ...
#8 579.3 Setting up node-is-binary-path (2.1.0-5) ...
#8 579.3 Setting up dbus-daemon (1.16.2-2) ...
#8 579.4 Setting up libpaper-utils (2.2.5-0.3+b2) ...
#8 579.4 Setting up node-events (3.3.0+~3.0.0-3) ...
#8 579.4 Setting up python3-autocommand (2.2.2-3) ...
#8 579.7 Setting up node-minimist (1.2.8+~cs5.3.5-1) ...
#8 579.7 Setting up libdjvulibre-dev:amd64 (3.5.28-2.2) ...
#8 579.8 Setting up node-fancy-log (1.3.3+~cs1.3.1-2) ...
#8 579.9 Setting up libxxf86vm1:amd64 (1:1.1.4-1+b4) ...
#8 579.9 Setting up node-define-property (2.0.2+really+2.0.2-3) ...
#8 580.0 Setting up node-promzard (0.3.0-2) ...
#8 580.0 Setting up node-wcwidth.js (1.0.2-2) ...
#8 580.1 Setting up node-resolve-cwd (3.0.0-2) ...
#8 580.1 Setting up libltdl-dev:amd64 (2.5.4-4) ...
#8 580.2 Setting up libthai0:amd64 (0.1.29-2+b1) ...
#8 580.2 Setting up node-fetch (3.3.2+~cs11.4.11-3) ...
#8 580.3 Setting up node-babel7-runtime (7.20.15+ds1+~cs214.269.168-8) ...
#8 580.3 Setting up libxdmcp-dev:amd64 (1:1.1.5-1) ...
#8 580.3 Setting up node-iconv-lite (0.6.3-3) ...
#8 580.4 Setting up node-type-check (0.4.0+dfsg-3) ...
#8 580.5 Setting up libxml2-dev:amd64 (2.12.7+dfsg+really2.9.14-2.1+deb13u3) ...
#8 580.5 Setting up libwebp-dev:amd64 (1.5.0-0.1) ...
#8 580.6 Setting up python3-packaging (25.0-1) ...
#8 581.0 Setting up libfreetype6:amd64 (2.13.3+dfsg-1+deb13u1) ...
#8 581.1 Setting up node-ansi-styles (6.2.1-3) ...
#8 581.2 Setting up libtiff-dev:amd64 (4.7.0-3+deb13u3) ...
#8 581.3 Setting up libopenjp2-7-dev:amd64 (2.5.3-2.1~deb13u2) ...
#8 581.4 Setting up libxfixes3:amd64 (1:6.0.0-2+b4) ...
#8 581.4 Setting up node-pkg-dir (5.0.0-2) ...
#8 581.5 Setting up dbus (1.16.2-2) ...
#8 581.7 invoke-rc.d: could not determine current runlevel
#8 581.7 invoke-rc.d: policy-rc.d denied execution of start.
#8 582.0 Setting up libdav1d-dev:amd64 (1.5.1-1) ...
#8 583.3 Setting up libopenexr-3-1-30:amd64 (3.1.13-2) ...
#8 583.8 Setting up shared-mime-info (2.4-5+b2) ...
#8 590.1 Setting up libxinerama1:amd64 (2:1.1.4-3+b4) ...
#8 590.1 Setting up libxv1:amd64 (2:1.0.11-1.1+b3) ...
#8 590.2 Setting up node-got (11.8.5+~cs58.13.36-5) ...
#8 590.2 Setting up node-collection-visit (1.0.0-4) ...
#8 590.3 Setting up libxrandr2:amd64 (2:1.5.4-1+b3) ...
#8 590.3 Setting up node-restore-cursor (4.0.0-4) ...
#8 590.3 Setting up icu-devtools (76.1-4) ...
#8 590.4 Setting up node-optimist (0.6.1+~0.0.30-2) ...
#8 590.4 Setting up node-spdx-expression-parse (3.0.1+~3.0.1-1) ...
#8 590.4 Setting up python3-typing-extensions (4.13.2-1) ...
#8 590.8 Setting up git (1:2.47.3-0+deb13u1) ...
#8 590.8 Setting up netpbm (2:11.10.02-1) ...
#8 590.9 Setting up libfile-desktopentry-perl (0.22-3) ...
#8 590.9 Setting up libthai-dev:amd64 (0.1.29-2+b1) ...
#8 590.9 Setting up node-concat-stream (2.0.0+~2.0.0-2) ...
#8 591.0 Setting up node-is-typedarray (1.0.0-4) ...
#8 591.0 Setting up libwww-robotrules-perl (6.02-1) ...
#8 591.0 Setting up libdrm2:amd64 (2.4.124-2) ...
#8 591.1 Setting up xauth (1:1.1.2-1.1) ...
#8 591.1 Setting up node-inflight (1.0.6-2) ...
#8 591.2 Setting up libhtml-parser-perl:amd64 (3.83-2~deb13u1) ...
#8 591.2 Setting up libnsl2:amd64 (1.3.0-3+b3) ...
#8 591.3 Setting up libharfbuzz0b:amd64 (10.2.0-1+deb13u1) ...
#8 591.4 Setting up libgdk-pixbuf-2.0-0:amd64 (2.42.12+dfsg-4+deb13u1) ...
#8 591.6 Setting up node-has-values (2.0.1-4) ...
#8 591.7 Setting up libfontconfig1:amd64 (2.15.0-2.3) ...
#8 591.8 Setting up node-encoding (0.1.13-2) ...
#8 591.8 Setting up libsm6:amd64 (2:1.2.6-1) ...
#8 591.8 Setting up libfftw3-dev:amd64 (3.3.10-2+b1) ...
#8 591.8 Setting up libicu-dev:amd64 (76.1-4) ...
#8 591.9 Setting up libavahi-client3:amd64 (0.8-16) ...
#8 591.9 Setting up libmount-dev:amd64 (2.41.5-0+deb13u1) ...
#8 592.0 Setting up libio-socket-ssl-perl (2.089-1) ...
#8 592.0 Setting up node-slice-ansi (5.0.0+~cs9.0.0-5) ...
#8 592.0 Setting up libhttp-message-perl (7.00-2) ...
#8 592.1 Setting up libdrm-amdgpu1:amd64 (2.4.124-2) ...
#8 592.1 Setting up libhtml-form-perl (6.12-1) ...
#8 592.2 Setting up node-fs-write-stream-atomic (1.0.10-6) ...
#8 592.2 Setting up gyp (0.16.2-2) ...
#8 592.8 Setting up python3-more-itertools (10.7.0-1) ...
#8 593.2 Setting up mesa-vulkan-drivers:amd64 (25.0.7-2+deb13u1) ...
#8 593.2 Setting up node-cli-cursor (4.0.0-3) ...
#8 593.3 Setting up libfile-mimeinfo-perl (0.35-1) ...
#8 593.3 Setting up libhttp-negotiate-perl (6.01-2) ...
#8 593.4 Setting up fontconfig (2.15.0-2.3) ...
#8 593.4 Regenerating fonts cache... done.
#8 596.8 Setting up libgio-2.0-dev-bin (2.84.4-3~deb13u3) ...
#8 597.3 Setting up libxft2:amd64 (2.3.6-1+b4) ...
#8 597.3 Setting up libgio-2.0-dev:amd64 (2.84.4-3~deb13u3) ...
#8 597.4 Setting up libharfbuzz-icu0:amd64 (10.2.0-1+deb13u1) ...
#8 597.4 Setting up girepository-tools:amd64 (2.84.4-3~deb13u3) ...
#8 597.4 Setting up exim4-base (4.98.2-1+deb13u4) ...
#8 597.7 debconf: unable to initialize frontend: Dialog
#8 597.7 debconf: (TERM is not set, so the dialog frontend is not usable.)
#8 597.7 debconf: falling back to frontend: Readline
#8 597.7 debconf: unable to initialize frontend: Readline
#8 597.7 debconf: (This frontend requires a controlling tty.)
#8 597.7 debconf: falling back to frontend: Teletype
#8 597.7 debconf: unable to initialize frontend: Teletype
#8 597.7 debconf: (This frontend requires a controlling tty.)
#8 597.7 debconf: falling back to frontend: Noninteractive
#8 597.8 exim: DB upgrade, deleting hints-db
#8 598.3 Created symlink '/etc/systemd/system/timers.target.wants/exim4-base.timer' → '/usr/lib/systemd/system/exim4-base.timer'.
#8 598.4 Setting up libxcb1-dev:amd64 (1.17.0-2+b1) ...
#8 598.5 Setting up python3-jaraco.functools (4.1.0-1) ...
#8 598.8 Setting up libxi6:amd64 (2:1.8.2-1) ...
#8 598.9 Setting up gir1.2-gdkpixbuf-2.0:amd64 (2.42.12+dfsg-4+deb13u1) ...
#8 599.0 Setting up python3-jaraco.context (6.0.1-1+deb13u1) ...
#8 599.3 Setting up node-regenerator-transform (0.15.2+~0.10.8-1) ...
#8 599.4 Setting up libhttp-cookies-perl (6.11-1) ...
#8 599.4 Setting up libsombok3:amd64 (2.4.0-2+b2) ...
#8 599.4 Setting up libsm-dev:amd64 (2:1.2.6-1) ...
#8 599.5 Setting up libxtst6:amd64 (2:1.2.5-1) ...
#8 599.5 Setting up libhtml-tree-perl (5.07-3) ...
#8 599.5 Setting up libxcursor1:amd64 (1:1.2.3-1) ...
#8 599.6 Setting up libpango-1.0-0:amd64 (1.56.3-1) ...
#8 599.6 Setting up python3-typeguard (4.4.2-1) ...
#8 599.9 Setting up libdrm-intel1:amd64 (2.4.124-2) ...
#8 599.9 Setting up libxxf86dga1:amd64 (2:1.1.5-1+b3) ...
#8 600.0 Setting up libx11-dev:amd64 (2:1.8.12-1) ...
#8 600.0 Setting up libhtml-format-perl (2.16-2) ...
#8 600.1 Setting up libharfbuzz-gobject0:amd64 (10.2.0-1+deb13u1) ...
#8 600.1 Setting up xfonts-utils (1:7.7+7) ...
#8 600.2 Setting up libcairo2:amd64 (1.18.4-1+b1) ...
#8 600.2 Setting up libfreetype-dev:amd64 (2.13.3+dfsg-1+deb13u1) ...
#8 600.2 Setting up node-levn (0.4.1+dfsg-2) ...
#8 600.3 Setting up libxcb-shm0-dev:amd64 (1.17.0-2+b1) ...
#8 600.3 Setting up python3-inflect (7.3.1-2) ...
#8 600.6 Setting up node-spdx-correct (3.1.1-2) ...
#8 600.6 Setting up libopenexr-dev (3.1.13-2) ...
#8 600.7 Setting up libnet-smtp-ssl-perl (1.04-2) ...
#8 600.7 Setting up libharfbuzz-cairo0:amd64 (10.2.0-1+deb13u1) ...
#8 600.7 Setting up libwmf-0.2-7:amd64 (0.2.13-1.1+b3) ...
#8 600.7 Setting up node-glob (8.1.0+~cs8.5.15-1) ...
#8 600.8 Setting up libmailtools-perl (2.22-1) ...
#8 600.8 Setting up libnotify4:amd64 (0.8.6-1) ...
#8 600.9 Setting up libunicode-linebreak-perl (0.0.20190101-1+b9) ...
#8 600.9 Setting up libxt6t64:amd64 (1:1.2.1-1.2+b2) ...
#8 600.9 Setting up libxcb-render0-dev:amd64 (1.17.0-2+b1) ...
#8 601.0 Setting up node-typedarray-to-buffer (4.0.0-2) ...
#8 601.0 Setting up libxext-dev:amd64 (2:1.3.4-1+b3) ...
#8 601.0 Setting up libnotify-bin (0.8.6-1) ...
#8 601.1 Setting up libhttp-daemon-perl (6.16-1+deb13u1) ...
#8 601.1 Setting up libgdk-pixbuf2.0-bin (2.42.12+dfsg-4+deb13u1) ...
#8 601.1 Setting up node-minipass (5.0.0+~cs10.3.21-3) ...
#8 601.2 Setting up node-has-value (2.0.2-4) ...
#8 601.3 Setting up libharfbuzz-subset0:amd64 (10.2.0-1+deb13u1) ...
#8 601.3 Setting up libcairo-gobject2:amd64 (1.18.4-1+b1) ...
#8 601.4 Setting up libpangoft2-1.0-0:amd64 (1.56.3-1) ...
#8 601.5 Setting up libxrender-dev:amd64 (1:0.9.12-1) ...
#8 601.5 Setting up libcups2t64:amd64 (2.4.10-3+deb13u2) ...
#8 601.6 Setting up node-unset-value (2.0.1-1) ...
#8 601.6 Setting up exim4-daemon-light (4.98.2-1+deb13u4) ...
#8 601.9 debconf: unable to initialize frontend: Dialog
#8 601.9 debconf: (TERM is not set, so the dialog frontend is not usable.)
#8 601.9 debconf: falling back to frontend: Readline
#8 601.9 debconf: unable to initialize frontend: Readline
#8 601.9 debconf: (This frontend requires a controlling tty.)
#8 601.9 debconf: falling back to frontend: Teletype
#8 601.9 debconf: unable to initialize frontend: Teletype
#8 601.9 debconf: (This frontend requires a controlling tty.)
#8 601.9 debconf: falling back to frontend: Noninteractive
#8 602.0 invoke-rc.d: could not determine current runlevel
#8 602.0 invoke-rc.d: policy-rc.d denied execution of start.
#8 602.3 Created symlink '/etc/systemd/system/multi-user.target.wants/exim4.service' → '/usr/lib/systemd/system/exim4.service'.
#8 602.4 Setting up libpangocairo-1.0-0:amd64 (1.56.3-1) ...
#8 602.4 Setting up python3-pkg-resources (78.1.1-0.1) ...
#8 602.9 Setting up libcairo-script-interpreter2:amd64 (1.18.4-1+b1) ...
#8 602.9 Setting up node-validate-npm-package-license (3.0.4-2) ...
#8 603.0 Setting up libglib2.0-dev-bin (2.84.4-3~deb13u3) ...
#8 603.0 Setting up node-optionator (0.9.1+dfsg+~cs1.2.3-1) ...
#8 603.1 Setting up node-ssri (9.0.1-3) ...
#8 603.1 Setting up mesa-libgallium:amd64 (25.0.7-2+deb13u1) ...
#8 603.1 Setting up libxmu6:amd64 (2:1.1.3-3+b4) ...
#8 603.2 Setting up gir1.2-freedesktop:amd64 (1.84.0-1) ...
#8 603.2 Setting up supervisor (4.2.5-3) ...
#8 604.2 invoke-rc.d: could not determine current runlevel
#8 604.2 invoke-rc.d: policy-rc.d denied execution of start.
#8 604.5 Created symlink '/etc/systemd/system/multi-user.target.wants/supervisor.service' → '/usr/lib/systemd/system/supervisor.service'.
#8 604.5 Setting up libpangoxft-1.0-0:amd64 (1.56.3-1) ...
#8 604.5 Setting up node-write-file-atomic (4.0.2+~4.0.0-2) ...
#8 604.6 Setting up libgbm1:amd64 (25.0.7-2+deb13u1) ...
#8 604.6 Setting up libfontconfig-dev:amd64 (2.15.0-2.3) ...
#8 604.6 Setting up libgl1-mesa-dri:amd64 (25.0.7-2+deb13u1) ...
#8 604.7 Setting up pango1.0-tools (1.56.3-1) ...
#8 604.7 Setting up node-growl (1.10.5-4) ...
#8 604.7 Setting up libxaw7:amd64 (2:1.0.16-1) ...
#8 604.7 Setting up fonts-urw-base35 (20200910-8) ...
#8 605.2 Setting up x11-xserver-utils (7.7+11) ...
#8 605.2 Setting up gir1.2-harfbuzz-0.0:amd64 (10.2.0-1+deb13u1) ...
#8 605.2 Setting up librsvg2-2:amd64 (2.60.0+dfsg-1) ...
#8 605.2 Setting up libwmf-dev (0.2.13-1.1+b3) ...
#8 605.3 Setting up gir1.2-pango-1.0:amd64 (1.56.3-1) ...
#8 605.3 Setting up libegl-mesa0:amd64 (25.0.7-2+deb13u1) ...
#8 605.3 Setting up libglib2.0-dev:amd64 (2.84.4-3~deb13u3) ...
#8 605.4 Setting up libxt-dev:amd64 (1:1.2.1-1.2+b2) ...
#8 605.4 Setting up bsd-mailx (8.1.2-0.20220412cvs-1.1) ...
#8 605.4 update-alternatives: using /usr/bin/bsd-mailx to provide /usr/bin/mailx (mailx) in auto mode
#8 605.4 update-alternatives: warning: skip creation of /usr/share/man/man1/mailx.1.gz because associated file /usr/share/man/man1/bsd-mailx.1.gz (of link group mailx) doesn't exist
#8 605.4 update-alternatives: warning: skip creation of /usr/share/man/man1/mail.1.gz because associated file /usr/share/man/man1/bsd-mailx.1.gz (of link group mailx) doesn't exist
#8 605.4 update-alternatives: warning: skip creation of /usr/share/man/man1/Mail.1.gz because associated file /usr/share/man/man1/bsd-mailx.1.gz (of link group mailx) doesn't exist
#8 605.4 Setting up gir1.2-freedesktop-dev:amd64 (1.84.0-1) ...
#8 605.5 Setting up librsvg2-common:amd64 (2.60.0+dfsg-1) ...
#8 605.5 Setting up libegl1:amd64 (1.7.0-1+b2) ...
#8 605.6 Setting up libcairo2-dev:amd64 (1.18.4-1+b1) ...
#8 605.6 Setting up gir1.2-rsvg-2.0:amd64 (2.60.0+dfsg-1) ...
#8 605.6 Setting up libxft-dev:amd64 (2.3.6-1+b4) ...
#8 605.7 Setting up libgdk-pixbuf-2.0-dev:amd64 (2.42.12+dfsg-4+deb13u1) ...
#8 605.7 Setting up libgs10-common (10.05.1~dfsg-1+deb13u1) ...
#8 605.7 Setting up libharfbuzz-dev:amd64 (10.2.0-1+deb13u1) ...
#8 605.8 Setting up libglx-mesa0:amd64 (25.0.7-2+deb13u1) ...
#8 605.8 Setting up libglx0:amd64 (1.7.0-1+b2) ...
#8 605.8 Setting up libgl1:amd64 (1.7.0-1+b2) ...
#8 605.8 Setting up libpango1.0-dev:amd64 (1.56.3-1) ...
#8 605.9 Setting up zutty (0.16.2.20241020+dfsg1-1) ...
#8 605.9 update-alternatives: using /usr/bin/zutty to provide /usr/bin/x-terminal-emulator (x-terminal-emulator) in auto mode
#8 605.9 update-alternatives: warning: skip creation of /usr/share/man/man1/x-terminal-emulator.1.gz because associated file /usr/share/man/man1/zutty.1.gz (of link group x-terminal-emulator) doesn't exist
#8 606.0 Setting up x11-utils (7.7+7) ...
#8 606.1 Setting up librsvg2-dev:amd64 (2.60.0+dfsg-1) ...
#8 606.1 Setting up libgs10:amd64 (10.05.1~dfsg-1+deb13u1) ...
#8 606.1 Setting up ghostscript (10.05.1~dfsg-1+deb13u1) ...
#8 606.2 Setting up node-acorn (8.8.1+ds+~cs25.17.7-2) ...
#8 606.2 Setting up dmsetup (2:1.02.205-2) ...
#8 606.3 Setting up node-espree (9.4.1~dfsg-2) ...
#8 606.3 Setting up libheif-plugin-dav1d:amd64 (1.19.8-1+deb13u1) ...
#8 606.3 Setting up libheif-plugin-libde265:amd64 (1.19.8-1+deb13u1) ...
#8 606.3 Setting up node-corepack (0.24.0-5) ...
#8 606.4 Setting up libnode115:amd64 (20.19.2+dfsg-1+deb13u2) ...
#8 606.4 Setting up libwww-perl (6.78-1) ...
#8 606.4 Setting up libnode-dev (20.19.2+dfsg-1+deb13u2) ...
#8 606.5 Setting up libheif1:amd64 (1.19.8-1+deb13u1) ...
#8 606.5 Setting up nodejs (20.19.2+dfsg-1+deb13u2) ...
#8 606.5 update-alternatives: using /usr/bin/nodejs to provide /usr/bin/js (js) in auto mode
#8 606.5 update-alternatives: warning: skip creation of /usr/share/man/man1/js.1.gz because associated file /usr/share/man/man1/nodejs.1.gz (of link group js) doesn't exist
#8 606.6 Setting up node-argparse (2.0.1-2) ...
#8 606.6 Setting up node-sellside-emitter (1.2.1-3) ...
#8 606.6 Setting up terser (5.38.0-1) ...
#8 606.7 Setting up node-mime (3.0.0+dfsg+~cs6.97.2-2) ...
#8 606.7 Setting up node-source-map-support (0.5.21+ds+~0.5.10-1) ...
#8 606.7 Setting up node-unique-filename (1.1.1+ds-2) ...
#8 606.8 Setting up node-unicode-match-property-ecmascript (2.0.0-2) ...
#8 606.8 Setting up node-defined (1.0.1+~1.0.0-1) ...
#8 606.8 Setting up node-mime-types (2.1.35-2) ...
#8 606.9 Setting up node-re2:amd64 (1.21.4+~cs2.13.13-2+b2) ...
#8 606.9 Setting up node-ansi-escapes (5.0.0+really.4.3.1-1) ...
#8 606.9 Setting up node-lcov-parse (1.0.0+20170612git80d039574ed9-6) ...
#8 606.9 Setting up node-strip-ansi (6.0.1-2) ...
#8 607.0 Setting up node-write (2.0.0~6.0.1+~3.0.4+~2.0.0+~1.0.0+~2.0.1-1) ...
#8 607.0 Setting up node-ignore (5.2.1-1) ...
#8 607.0 Setting up node-chalk (5.3.0-1) ...
#8 607.1 Setting up node-which (2.0.2+~cs1.3.2-3) ...
#8 607.1 Setting up libmagickcore-7.q16-10:amd64 (8:7.1.1.43+dfsg1-1+deb13u11) ...
#8 607.1 Setting up node-css-selector-tokenizer (0.8.0+~cs4.8.3-1) ...
#8 607.1 Setting up node-tap-parser (13.0.1+~cs4.1.3-3) ...
#8 607.2 Setting up libdevmapper1.02.1:amd64 (2:1.02.205-2) ...
#8 607.2 Setting up node-esprima (4.0.1+ds+~4.0.3-2) ...
#8 607.3 Setting up libcryptsetup12:amd64 (2:2.7.5-2) ...
#8 607.3 Setting up node-is-path-inside (3.0.3-2) ...
#8 607.3 Setting up node-neo-async (2.6.2+~cs3.0.0-3) ...
#8 607.4 Setting up node-mkdirp (2.1.6+~cs5.2.1-2) ...
#8 607.4 Setting up node-es6-error (4.1.1-5) ...
#8 607.5 Setting up node-opener (1.5.2+~1.4.0-1) ...
#8 607.5 Setting up node-archy (1.0.0-6) ...
#8 607.6 Setting up node-js-yaml (4.1.0+dfsg+~4.0.5-7) ...
#8 607.6 Setting up node-nopt (5.0.0-4) ...
#8 607.7 Setting up node-lodash (4.17.21+dfsg+~cs8.31.198.20210220-9) ...
#8 607.7 Setting up node-progress (2.0.3-2) ...
#8 607.8 Setting up node-json5 (2.2.3+dfsg-1) ...
#8 607.8 Setting up node-ms (2.1.3+~cs0.7.31-3) ...
#8 607.8 Setting up node-rimraf (3.0.2-2) ...
#8 607.9 Setting up node-string-width (4.2.3+~cs13.2.3-1) ...
#8 608.0 Setting up node-regenerate (1.4.2-3) ...
#8 608.0 Setting up node-semver (7.6.1+~7.5.8-2) ...
#8 608.0 Setting up node-picocolors (1.0.0-4) ...
#8 608.1 Setting up liblwp-protocol-https-perl (6.14-1) ...
#8 608.1 Setting up node-es-abstract (1.20.4+~cs26.27.47-2) ...
#8 608.2 Setting up node-builtins (5.0.1-1) ...
#8 608.2 Setting up node-is-primitive (3.0.1-3) ...
#8 608.3 Setting up node-log-driver (1.2.7+git+20180219+bba1761737-7) ...
#8 608.3 Setting up libxml-parser-perl (2.47-2~deb13u1) ...
#8 608.4 Setting up handlebars (3:4.7.7+~4.1.0-1) ...
#8 608.4 Setting up node-object-assign (4.1.1-7) ...
#8 608.4 Setting up node-is-glob (4.0.3-2) ...
#8 608.5 Setting up node-v8-compile-cache (2.4.0-2) ...
#8 608.5 Setting up node-flat-cache (3.0.4~6.0.1+~3.0.4+~2.0.0+~1.0.0+~2.0.1-1) ...
#8 608.6 Setting up node-is-number (7.0.0-4) ...
#8 608.6 Setting up node-babel-plugin-polyfill-corejs2 (0.3.3~0~20220913+ds1-1) ...
#8 608.7 Setting up node-for-in (1.0.2-4) ...
#8 608.8 Setting up node-webassemblyjs (1.11.4+dfsg+~cs10.11.17-2) ...
#8 608.8 Setting up libmagickwand-7.q16-10:amd64 (8:7.1.1.43+dfsg1-1+deb13u11) ...
#8 608.9 Setting up node-define-properties (1.2.1+~cs2.2.3-1) ...
#8 609.0 Setting up node-execa (8.0.1+dfsg1+~cs12.0.0-1) ...
#8 609.0 Setting up node-strip-json-comments (4.0.0-4) ...
#8 609.1 Setting up node-is-extendable (1.0.1-3) ...
#8 609.2 Setting up node-columnify (1.6.0+~1.5.1-1) ...
#8 609.2 Setting up node-doctrine (3.0.0-4) ...
#8 609.2 Setting up node-copy-concurrently (1.0.5-9) ...
#8 609.2 Setting up libheif-plugin-x265:amd64 (1.19.8-1+deb13u1) ...
#8 609.3 Setting up libheif-plugin-aomenc:amd64 (1.19.8-1+deb13u1) ...
#8 609.3 Setting up node-set-value (4.1.0+~4.0.1-2) ...
#8 609.3 Setting up node-ajv (8.12.0~ds+~2.1.1-5) ...
#8 609.4 Setting up libxml-twig-perl (1:3.52-3) ...
#8 609.4 Setting up node-jsesc (3.0.2+~3.0.1-1) ...
#8 609.4 Setting up node-regjsparser (0.9.1+ds-2) ...
#8 609.5 Setting up node-errno (1.0.0-3) ...
#8 609.5 Setting up node-decamelize (4.0.0-2) ...
#8 609.6 Setting up node-move-concurrently (1.0.1-5) ...
#8 609.6 Setting up libnet-dbus-perl (1.2.0-2+b3) ...
#8 609.7 Setting up node-normalize-path (3.0.0+~3.0.0-1) ...
#8 609.7 Setting up node-functional-red-black-tree (1.0.1+20181105-7) ...
#8 609.8 Setting up node-debug (4.3.4+~cs4.1.7-1) ...
#8 609.8 Setting up node-agent-base (7.1.1~0~2024040606-6+deb13u1) ...
#8 609.8 Setting up node-browserslist (4.25.0+~cs6.3.22-1) ...
#8 609.9 Setting up node-yargs-parser (21.1.1+~21.0.0-4) ...
#8 609.9 Setting up node-coveralls (3.1.1-4) ...
#8 609.9 Setting up node-make-dir (3.1.0-3) ...
#8 610.0 Setting up node-validate-npm-package-name (5.0.0+~4.0.0-1) ...
#8 610.0 Setting up node-esrecurse (4.3.0-2) ...
#8 610.0 Setting up node-tap-mocha-reporter (5.0.3+~2.0.2-3) ...
#8 610.1 Setting up node-file-entry-cache (6.0.1+~3.0.4+~2.0.0+~1.0.0+~2.0.1-1) ...
#8 610.1 Setting up node-wrap-ansi (8.0.1+~8.0.1-3) ...
#8 610.1 Setting up node-normalize-package-data (4.0.1+~2.4.1-1) ...
#8 610.2 Setting up systemd-cryptsetup (257.13-1~deb13u1) ...
#8 610.2 Setting up node-for-own (1.0.0-3) ...
#8 610.2 Setting up node-eslint-scope (7.1.1+~3.7.4-1) ...
#8 610.3 Setting up node-escodegen (2.1.0+dfsg+~0.0.8-1) ...
#8 610.3 Setting up node-widest-line (3.1.0-2) ...
#8 610.3 Setting up node-mixin-deep (2.0.1-3) ...
#8 610.4 Setting up node-memory-fs (0.5.0+~0.3.3-2) ...
#8 610.4 Setting up node-babel-helper-define-polyfill-provider (0.3.3~0~20220913+ds1-1) ...
#8 610.4 Setting up node-cli-table (0.3.11+~cs0.13.4-3) ...
#8 610.4 Setting up node-tar (6.2.1+~cs7.0.8-1+deb13u1) ...
#8 610.5 Setting up node-regenerate-unicode-properties (10.1.0+ds-1) ...
#8 610.5 Setting up node-glob-parent (6.0.2+~5.1.1-2) ...
#8 610.5 Setting up node-cli-truncate (2.1.0-5) ...
#8 610.6 Setting up node-enhanced-resolve (5.15.0-1) ...
#8 610.6 Setting up node-postcss (8.4.49+~cs9.2.32-1) ...
#8 610.6 Setting up node-wide-align (1.1.3-4) ...
#8 610.6 Setting up node-npm-package-arg (10.0.0+~3.0.0-2) ...
#8 610.7 Setting up node-anymatch (3.1.3+~cs4.6.1-2) ...
#8 610.7 Setting up node-postcss-modules-extract-imports (3.0.0-2) ...
#8 610.7 Setting up node-debbundle-es-to-primitive (1.2.1+~cs9.7.25-2) ...
#8 610.8 Setting up node-https-proxy-agent (7.0.4~0~2024040606-6+deb13u1) ...
#8 610.8 Setting up node-cliui (7.0.4+repack+1+~cs1.4.2-2) ...
#8 610.8 Setting up node-deep-equal (2.2.3+~cs43.15.94-1) ...
#8 610.9 Setting up libmagickcore-7.q16-10-extra:amd64 (8:7.1.1.43+dfsg1-1+deb13u11) ...
#8 610.9 Setting up node-regexpu-core (5.2.2-3) ...
#8 610.9 Setting up node-yargs (16.2.0+~16.0.4-7) ...
#8 611.0 Setting up node-to-regex-range (5.0.1-4) ...
#8 611.0 Setting up node-union-value (2.0.1-4) ...
#8 611.0 Setting up imagemagick-7.q16 (8:7.1.1.43+dfsg1-1+deb13u11) ...
#8 611.0 update-alternatives: using /usr/bin/compare-im7.q16 to provide /usr/bin/compare (compare) in auto mode
#8 611.0 update-alternatives: warning: skip creation of /usr/share/man/man1/compare.1.gz because associated file /usr/share/man/man1/compare-im7.q16.1.gz (of link group compare) doesn't exist
#8 611.1 update-alternatives: using /usr/bin/compare-im7.q16 to provide /usr/bin/compare-im7 (compare-im7) in auto mode
#8 611.1 update-alternatives: warning: skip creation of /usr/share/man/man1/compare-im7.1.gz because associated file /usr/share/man/man1/compare-im7.q16.1.gz (of link group compare-im7) doesn't exist
#8 611.1 update-alternatives: using /usr/bin/animate-im7.q16 to provide /usr/bin/animate (animate) in auto mode
#8 611.1 update-alternatives: warning: skip creation of /usr/share/man/man1/animate.1.gz because associated file /usr/share/man/man1/animate-im7.q16.1.gz (of link group animate) doesn't exist
#8 611.1 update-alternatives: using /usr/bin/animate-im7.q16 to provide /usr/bin/animate-im7 (animate-im7) in auto mode
#8 611.1 update-alternatives: warning: skip creation of /usr/share/man/man1/animate-im7.1.gz because associated file /usr/share/man/man1/animate-im7.q16.1.gz (of link group animate-im7) doesn't exist
#8 611.1 update-alternatives: using /usr/bin/convert-im7.q16 to provide /usr/bin/convert (convert) in auto mode
#8 611.1 update-alternatives: warning: skip creation of /usr/share/man/man1/convert.1.gz because associated file /usr/share/man/man1/convert-im7.q16.1.gz (of link group convert) doesn't exist
#8 611.1 update-alternatives: using /usr/bin/convert-im7.q16 to provide /usr/bin/convert-im7 (convert-im7) in auto mode
#8 611.1 update-alternatives: warning: skip creation of /usr/share/man/man1/convert-im7.1.gz because associated file /usr/share/man/man1/convert-im7.q16.1.gz (of link group convert-im7) doesn't exist
#8 611.1 update-alternatives: using /usr/bin/composite-im7.q16 to provide /usr/bin/composite (composite) in auto mode
#8 611.1 update-alternatives: warning: skip creation of /usr/share/man/man1/composite.1.gz because associated file /usr/share/man/man1/composite-im7.q16.1.gz (of link group composite) doesn't exist
#8 611.2 update-alternatives: using /usr/bin/composite-im7.q16 to provide /usr/bin/composite-im7 (composite-im7) in auto mode
#8 611.2 update-alternatives: warning: skip creation of /usr/share/man/man1/composite-im7.1.gz because associated file /usr/share/man/man1/composite-im7.q16.1.gz (of link group composite-im7) doesn't exist
#8 611.2 update-alternatives: using /usr/bin/conjure-im7.q16 to provide /usr/bin/conjure (conjure) in auto mode
#8 611.2 update-alternatives: warning: skip creation of /usr/share/man/man1/conjure.1.gz because associated file /usr/share/man/man1/conjure-im7.q16.1.gz (of link group conjure) doesn't exist
#8 611.2 update-alternatives: using /usr/bin/conjure-im7.q16 to provide /usr/bin/conjure-im7 (conjure-im7) in auto mode
#8 611.2 update-alternatives: warning: skip creation of /usr/share/man/man1/conjure-im7.1.gz because associated file /usr/share/man/man1/conjure-im7.q16.1.gz (of link group conjure-im7) doesn't exist
#8 611.2 update-alternatives: using /usr/bin/import-im7.q16 to provide /usr/bin/import (import) in auto mode
#8 611.2 update-alternatives: warning: skip creation of /usr/share/man/man1/import.1.gz because associated file /usr/share/man/man1/import-im7.q16.1.gz (of link group import) doesn't exist
#8 611.2 update-alternatives: using /usr/bin/import-im7.q16 to provide /usr/bin/import-im7 (import-im7) in auto mode
#8 611.2 update-alternatives: warning: skip creation of /usr/share/man/man1/import-im7.1.gz because associated file /usr/share/man/man1/import-im7.q16.1.gz (of link group import-im7) doesn't exist
#8 611.3 update-alternatives: using /usr/bin/identify-im7.q16 to provide /usr/bin/identify (identify) in auto mode
#8 611.3 update-alternatives: warning: skip creation of /usr/share/man/man1/identify.1.gz because associated file /usr/share/man/man1/identify-im7.q16.1.gz (of link group identify) doesn't exist
#8 611.3 update-alternatives: using /usr/bin/identify-im7.q16 to provide /usr/bin/identify-im7 (identify-im7) in auto mode
#8 611.3 update-alternatives: warning: skip creation of /usr/share/man/man1/identify-im7.1.gz because associated file /usr/share/man/man1/identify-im7.q16.1.gz (of link group identify-im7) doesn't exist
#8 611.3 update-alternatives: using /usr/bin/stream-im7.q16 to provide /usr/bin/stream (stream) in auto mode
#8 611.3 update-alternatives: warning: skip creation of /usr/share/man/man1/stream.1.gz because associated file /usr/share/man/man1/stream-im7.q16.1.gz (of link group stream) doesn't exist
#8 611.3 update-alternatives: using /usr/bin/stream-im7.q16 to provide /usr/bin/stream-im7 (stream-im7) in auto mode
#8 611.3 update-alternatives: warning: skip creation of /usr/share/man/man1/stream-im7.1.gz because associated file /usr/share/man/man1/stream-im7.q16.1.gz (of link group stream-im7) doesn't exist
#8 611.4 update-alternatives: using /usr/bin/display-im7.q16 to provide /usr/bin/display (display) in auto mode
#8 611.4 update-alternatives: warning: skip creation of /usr/share/man/man1/display.1.gz because associated file /usr/share/man/man1/display-im7.q16.1.gz (of link group display) doesn't exist
#8 611.4 update-alternatives: using /usr/bin/display-im7.q16 to provide /usr/bin/display-im7 (display-im7) in auto mode
#8 611.4 update-alternatives: warning: skip creation of /usr/share/man/man1/display-im7.1.gz because associated file /usr/share/man/man1/display-im7.q16.1.gz (of link group display-im7) doesn't exist
#8 611.4 update-alternatives: using /usr/bin/montage-im7.q16 to provide /usr/bin/montage (montage) in auto mode
#8 611.4 update-alternatives: warning: skip creation of /usr/share/man/man1/montage.1.gz because associated file /usr/share/man/man1/montage-im7.q16.1.gz (of link group montage) doesn't exist
#8 611.4 update-alternatives: using /usr/bin/montage-im7.q16 to provide /usr/bin/montage-im7 (montage-im7) in auto mode
#8 611.4 update-alternatives: warning: skip creation of /usr/share/man/man1/montage-im7.1.gz because associated file /usr/share/man/man1/montage-im7.q16.1.gz (of link group montage-im7) doesn't exist
#8 611.5 update-alternatives: using /usr/bin/mogrify-im7.q16 to provide /usr/bin/mogrify (mogrify) in auto mode
#8 611.5 update-alternatives: warning: skip creation of /usr/share/man/man1/mogrify.1.gz because associated file /usr/share/man/man1/mogrify-im7.q16.1.gz (of link group mogrify) doesn't exist
#8 611.5 update-alternatives: using /usr/bin/mogrify-im7.q16 to provide /usr/bin/mogrify-im7 (mogrify-im7) in auto mode
#8 611.5 update-alternatives: warning: skip creation of /usr/share/man/man1/mogrify-im7.1.gz because associated file /usr/share/man/man1/mogrify-im7.q16.1.gz (of link group mogrify-im7) doesn't exist
#8 611.5 update-alternatives: using /usr/bin/magick-im7.q16 to provide /usr/bin/magick (magick) in auto mode
#8 611.5 update-alternatives: warning: skip creation of /usr/share/man/man1/magick.1.gz because associated file /usr/share/man/man1/magick-im7.q16.1.gz (of link group magick) doesn't exist
#8 611.6 update-alternatives: using /usr/bin/magick-im7.q16 to provide /usr/bin/magick-im7 (magick-im7) in auto mode
#8 611.6 update-alternatives: warning: skip creation of /usr/share/man/man1/magick-im7.1.gz because associated file /usr/share/man/man1/magick-im7.q16.1.gz (of link group magick-im7) doesn't exist
#8 611.6 update-alternatives: using /usr/bin/magick-script-im7.q16 to provide /usr/bin/magick-script (magick-script) in auto mode
#8 611.6 update-alternatives: warning: skip creation of /usr/share/man/man1/magick-script.1.gz because associated file /usr/share/man/man1/magick-script-im7.q16.1.gz (of link group magick-script) doesn't exist
#8 611.6 update-alternatives: using /usr/bin/magick-script-im7.q16 to provide /usr/bin/magick-script-im7 (magick-script-im7) in auto mode
#8 611.6 update-alternatives: warning: skip creation of /usr/share/man/man1/magick-script-im7.1.gz because associated file /usr/share/man/man1/magick-script-im7.q16.1.gz (of link group magick-script-im7) doesn't exist
#8 611.6 Setting up node-cacache (17.0.3+~cs10.3.7-2) ...
#8 611.7 Setting up node-envinfo (7.11.0+~cs14.3.0-3) ...
#8 611.8 Setting up node-ajv-keywords (5.1.0-4) ...
#8 611.8 Setting up node-read-package-json (5.0.2+~2.0.0-2) ...
#8 611.8 Setting up node-core-js-compat (3.33.2-1) ...
#8 611.9 Setting up node-http-proxy-agent (7.0.2~0~2024040606-6+deb13u1) ...
#8 611.9 Setting up node-clone-deep (4.0.1+~cs7.0.2-1) ...
#8 611.9 Setting up eslint (6.4.0~dfsg+~6.1.9-12) ...
#8 611.9 Setting up libjs-util (0.12.5+~1.0.10-1) ...
#8 612.0 Setting up node-babel-plugin-polyfill-regenerator (0.4.1~0~20220913+ds1-1) ...
#8 612.0 Setting up node-gauge (4.0.4-2) ...
#8 612.1 Setting up libmagickcore-7.q16-dev:amd64 (8:7.1.1.43+dfsg1-1+deb13u11) ...
#8 612.1 Setting up node-readdirp (3.6.0-1) ...
#8 612.2 Setting up node-ws (8.18.1+~cs14.18.2-1) ...
#8 612.2 Setting up node-cache-base (4.0.2-1) ...
#8 612.2 Setting up node-icss-utils (5.1.0+~5.1.0-1) ...
#8 612.3 Setting up node-npm-bundled (2.0.1-2) ...
#8 612.3 Setting up node-schema-utils (4.2.0~ds-3) ...
#8 612.4 Setting up imagemagick (8:7.1.1.43+dfsg1-1+deb13u11) ...
#8 612.4 Setting up node-jest-worker (29.6.2~ds1+~cs73.45.28-5) ...
#8 612.5 Setting up node-npmlog (7.0.1+~4.1.4-1) ...
#8 612.5 Setting up node-babel-plugin-polyfill-corejs3 (0.6.0~0~20220913+ds1-1) ...
#8 612.6 Setting up node-postcss-modules-values (4.0.0+~4.0.0-1) ...
#8 612.7 Setting up node-fill-range (7.1.1+~7.0.3-1) ...
#8 612.7 Setting up libmagickwand-7.q16-dev:amd64 (8:7.1.1.43+dfsg1-1+deb13u11) ...
#8 612.7 Setting up node-base (3.0.0-3) ...
#8 612.8 Setting up node-util (0.12.5+~1.0.10-1) ...
#8 612.8 Setting up node-assert (2.0.0+~cs3.9.8-2) ...
#8 612.9 Setting up node-gyp (11.1.0+~5.0.0-1) ...
#8 613.0 Setting up node-braces (3.0.3+~3.0.5-1) ...
#8 613.0 Setting up libmagickwand-dev (8:7.1.1.43+dfsg1-1+deb13u11) ...
#8 613.1 Setting up node-chokidar (3.6.0-3) ...
#8 613.2 Setting up node-watchpack (2.4.0+~cs2.8.1-1) ...
#8 613.2 Setting up node-micromatch (4.0.7+~4.0.9-1) ...
#8 613.3 Setting up node-globby (13.1.3+~cs16.25.40-3) ...
#8 613.4 Setting up node-del (7.1.0-1) ...
#8 613.5 Setting up node-find-cache-dir (3.3.2+~3.2.1-1) ...
#8 613.5 Setting up node-babel7 (7.20.15+ds1+~cs214.269.168-8) ...
#8 613.6 update-alternatives: using /usr/bin/babeljs-7 to provide /usr/bin/babeljs (babeljs) in auto mode
#8 613.6 update-alternatives: using /usr/bin/babeljs-7-external-helpers to provide /usr/bin/babeljs-external-helpers (babeljs-external-helpers) in auto mode
#8 613.6 update-alternatives: using /usr/bin/babeljs-7-node to provide /usr/bin/babeljs-node (babeljs-node) in auto mode
#8 613.7 update-alternatives: using /usr/bin/babeljs-7-parser to provide /usr/bin/babeljs-parser (babeljs-parser) in auto mode
#8 613.7 Setting up node-babel-plugin-lodash (3.3.4+~cs2.0.1-7) ...
#8 613.8 Setting up node-jest-debbundle (29.6.2~ds1+~cs73.45.28-5) ...
#8 613.9 Setting up node-parse-json (5.2.0+~cs5.1.7-2) ...
#8 613.9 Setting up node-read-pkg (5.2.0-2) ...
#8 613.9 Setting up node-istanbul (0.4.5+repack10+~cs98.25.59-3) ...
#8 614.0 Setting up node-tape (5.6.1+~cs8.20.19-3) ...
#8 614.0 Setting up webpack (5.97.1+dfsg1+~cs11.18.27-3) ...
#8 614.0 Setting up node-tap (16.3.7+ds3+~cs49.5.20-1) ...
#8 614.1 Setting up node-css-loader (6.8.1+~cs14.0.17-1) ...
#8 614.1 Setting up npm (9.2.0~ds1-3) ...
#8 614.2 Processing triggers for libc-bin (2.41-12) ...
#8 614.5 Processing triggers for systemd (257.13-1~deb13u1) ...
#8 614.6 Processing triggers for libgdk-pixbuf-2.0-0:amd64 (2.42.12+dfsg-4+deb13u1) ...
#8 623.5 Configuring for:
#8 623.5 PHP Api Version:         20210902
#8 623.5 Zend Module Api No:      20210902
#8 623.5 Zend Extension Api No:   420210902
#8 625.9 checking for grep that handles long lines and -e... /usr/bin/grep
#8 625.9 checking for egrep... /usr/bin/grep -E
#8 625.9 checking for a sed that does not truncate output... /usr/bin/sed
#8 626.0 checking for pkg-config... /usr/bin/pkg-config
#8 626.0 checking pkg-config is at least version 0.9.0... yes
#8 626.0 checking for cc... cc
#8 626.2 checking whether the C compiler works... yes
#8 626.5 checking for C compiler default output file name... a.out
#8 626.5 checking for suffix of executables... 
#8 626.6 checking whether we are cross compiling... no
#8 626.8 checking for suffix of object files... o
#8 626.9 checking whether the compiler supports GNU C... yes
#8 626.9 checking whether cc accepts -g... yes
#8 627.0 checking for cc option to enable C11 features... none needed
#8 627.1 checking how to run the C preprocessor... cc -E
#8 627.3 checking for egrep -e... (cached) /usr/bin/grep -E
#8 627.3 checking for icc... no
#8 627.4 checking for suncc... no
#8 627.4 checking for system library directory... lib
#8 627.4 checking if compiler supports -Wl,-rpath,... yes
#8 627.6 checking build system type... x86_64-pc-linux-gnu
#8 627.6 checking host system type... x86_64-pc-linux-gnu
#8 627.6 checking target system type... x86_64-pc-linux-gnu
#8 627.9 checking for PHP prefix... /usr/local
#8 627.9 checking for PHP includes... -I/usr/local/include/php -I/usr/local/include/php/main -I/usr/local/include/php/TSRM -I/usr/local/include/php/Zend -I/usr/local/include/php/ext -I/usr/local/include/php/ext/date/lib
#8 627.9 checking for PHP extension directory... /usr/local/lib/php/extensions/no-debug-non-zts-20210902
#8 627.9 checking for PHP installed headers prefix... /usr/local/include/php
#8 627.9 checking if debug is enabled... no
#8 628.0 checking if zts is enabled... no
#8 628.0 checking for gawk... no
#8 628.0 checking for nawk... nawk
#8 628.0 checking if nawk is broken... no
#8 628.0 checking for GD support... yes, shared
#8 628.0 checking for external libgd... no
#8 628.0 checking for libavif... no
#8 628.0 checking for libwebp... no
#8 628.0 checking for libjpeg... no
#8 628.0 checking for libXpm... no
#8 628.0 checking for FreeType 2... no
#8 628.0 checking whether to enable JIS-mapped Japanese font support in GD... no
#8 628.0 checking for fabsf... no
#8 628.2 checking for floorf... no
#8 628.4 checking for zlib... yes
#8 628.4 checking for libpng... yes
#8 628.9 checking for a sed that does not truncate output... /usr/bin/sed
#8 628.9 checking for ld used by cc... /usr/bin/ld
#8 628.9 checking if the linker (/usr/bin/ld) is GNU ld... yes
#8 628.9 checking for /usr/bin/ld option to reload object files... -r
#8 628.9 checking for BSD-compatible nm... /usr/bin/nm -B
#8 629.0 checking whether ln -s works... yes
#8 629.0 checking how to recognize dependent libraries... pass_all
#8 629.2 checking for stdio.h... yes
#8 629.2 checking for stdlib.h... yes
#8 629.4 checking for string.h... yes
#8 629.4 checking for inttypes.h... yes
#8 629.5 checking for stdint.h... yes
#8 629.6 checking for strings.h... yes
#8 629.7 checking for sys/stat.h... yes
#8 629.8 checking for sys/types.h... yes
#8 629.9 checking for unistd.h... yes
#8 630.0 checking for dlfcn.h... yes
#8 630.1 checking the maximum length of command line arguments... 1572864
#8 630.1 checking command to parse /usr/bin/nm -B output from cc object... ok
#8 630.4 checking for objdir... .libs
#8 630.4 checking for ar... ar
#8 630.4 checking for ranlib... ranlib
#8 630.4 checking for strip... strip
#8 630.6 checking if cc supports -fno-rtti -fno-exceptions... no
#8 630.7 checking for cc option to produce PIC... -fPIC
#8 630.7 checking if cc PIC flag -fPIC works... yes
#8 630.8 checking if cc static flag -static works... yes
#8 631.1 checking if cc supports -c -o file.o... yes
#8 631.2 checking whether the cc linker (/usr/bin/ld -m elf_x86_64) supports shared libraries... yes
#8 631.2 checking whether -lc should be explicitly linked in... no
#8 631.3 checking dynamic linker characteristics... GNU/Linux ld.so
#8 631.5 checking how to hardcode library paths into programs... immediate
#8 631.5 checking whether stripping libraries is possible... yes
#8 631.5 checking if libtool supports shared libraries... yes
#8 631.5 checking whether to build shared libraries... yes
#8 631.5 checking whether to build static libraries... no
#8 632.2 
#8 632.2 creating libtool
#8 632.2 appending configuration tag "CXX" to libtool
#8 632.5 configure: patching config.h.in
#8 632.5 configure: creating ./config.status
#8 632.8 config.status: creating config.h
#8 632.9 /bin/bash /usr/src/php/ext/gd/libtool --mode=compile cc -I. -I/usr/src/php/ext/gd -I/usr/src/php/ext/gd/include -I/usr/src/php/ext/gd/main -I/usr/src/php/ext/gd -I/usr/local/include/php -I/usr/local/include/php/main -I/usr/local/include/php/TSRM -I/usr/local/include/php/Zend -I/usr/local/include/php/ext -I/usr/local/include/php/ext/date/lib -I/usr/include/libpng16  -fstack-protector-strong -fpic -fpie -O2 -D_LARGEFILE_SOURCE -D_FILE_OFFSET_BITS=64 -DHAVE_CONFIG_H  -fstack-protector-strong -fpic -fpie -O2 -D_LARGEFILE_SOURCE -D_FILE_OFFSET_BITS=64   -I/usr/src/php/ext/gd/libgd -DZEND_COMPILE_DL_EXT=1 -c /usr/src/php/ext/gd/gd.c -o gd.lo  -MMD -MF gd.dep -MT gd.lo
#8 632.9 /bin/bash /usr/src/php/ext/gd/libtool --mode=compile cc -I. -I/usr/src/php/ext/gd -I/usr/src/php/ext/gd/include -I/usr/src/php/ext/gd/main -I/usr/src/php/ext/gd -I/usr/local/include/php -I/usr/local/include/php/main -I/usr/local/include/php/TSRM -I/usr/local/include/php/Zend -I/usr/local/include/php/ext -I/usr/local/include/php/ext/date/lib -I/usr/include/libpng16  -fstack-protector-strong -fpic -fpie -O2 -D_LARGEFILE_SOURCE -D_FILE_OFFSET_BITS=64 -DHAVE_CONFIG_H  -fstack-protector-strong -fpic -fpie -O2 -D_LARGEFILE_SOURCE -D_FILE_OFFSET_BITS=64   -I/usr/src/php/ext/gd/libgd -DZEND_COMPILE_DL_EXT=1 -c /usr/src/php/ext/gd/libgd/gd.c -o libgd/gd.lo  -MMD -MF libgd/gd.dep -MT libgd/gd.lo
#8 632.9 /bin/bash /usr/src/php/ext/gd/libtool --mode=compile cc -I. -I/usr/src/php/ext/gd -I/usr/src/php/ext/gd/include -I/usr/src/php/ext/gd/main -I/usr/src/php/ext/gd -I/usr/local/include/php -I/usr/local/include/php/main -I/usr/local/include/php/TSRM -I/usr/local/include/php/Zend -I/usr/local/include/php/ext -I/usr/local/include/php/ext/date/lib -I/usr/include/libpng16  -fstack-protector-strong -fpic -fpie -O2 -D_LARGEFILE_SOURCE -D_FILE_OFFSET_BITS=64 -DHAVE_CONFIG_H  -fstack-protector-strong -fpic -fpie -O2 -D_LARGEFILE_SOURCE -D_FILE_OFFSET_BITS=64   -I/usr/src/php/ext/gd/libgd -DZEND_COMPILE_DL_EXT=1 -c /usr/src/php/ext/gd/libgd/gd_gd.c -o libgd/gd_gd.lo  -MMD -MF libgd/gd_gd.dep -MT libgd/gd_gd.lo
#8 632.9 /bin/bash /usr/src/php/ext/gd/libtool --mode=compile cc -I. -I/usr/src/php/ext/gd -I/usr/src/php/ext/gd/include -I/usr/src/php/ext/gd/main -I/usr/src/php/ext/gd -I/usr/local/include/php -I/usr/local/include/php/main -I/usr/local/include/php/TSRM -I/usr/local/include/php/Zend -I/usr/local/include/php/ext -I/usr/local/include/php/ext/date/lib -I/usr/include/libpng16  -fstack-protector-strong -fpic -fpie -O2 -D_LARGEFILE_SOURCE -D_FILE_OFFSET_BITS=64 -DHAVE_CONFIG_H  -fstack-protector-strong -fpic -fpie -O2 -D_LARGEFILE_SOURCE -D_FILE_OFFSET_BITS=64   -I/usr/src/php/ext/gd/libgd -DZEND_COMPILE_DL_EXT=1 -c /usr/src/php/ext/gd/libgd/gd_gd2.c -o libgd/gd_gd2.lo  -MMD -MF libgd/gd_gd2.dep -MT libgd/gd_gd2.lo
#8 633.7 mkdir libgd/.libs
#8 633.7  cc -I. -I/usr/src/php/ext/gd -I/usr/src/php/ext/gd/include -I/usr/src/php/ext/gd/main -I/usr/src/php/ext/gd -I/usr/local/include/php -I/usr/local/include/php/main -I/usr/local/include/php/TSRM -I/usr/local/include/php/Zend -I/usr/local/include/php/ext -I/usr/local/include/php/ext/date/lib -I/usr/include/libpng16 -fstack-protector-strong -fpic -fpie -O2 -D_LARGEFILE_SOURCE -D_FILE_OFFSET_BITS=64 -DHAVE_CONFIG_H -fstack-protector-strong -fpic -fpie -O2 -D_LARGEFILE_SOURCE -D_FILE_OFFSET_BITS=64 -I/usr/src/php/ext/gd/libgd -DZEND_COMPILE_DL_EXT=1 -c /usr/src/php/ext/gd/libgd/gd_gd.c -MMD -MF libgd/gd_gd.dep -MT libgd/gd_gd.lo  -fPIC -DPIC -o libgd/.libs/gd_gd.o
#8 633.8  cc -I. -I/usr/src/php/ext/gd -I/usr/src/php/ext/gd/include -I/usr/src/php/ext/gd/main -I/usr/src/php/ext/gd -I/usr/local/include/php -I/usr/local/include/php/main -I/usr/local/include/php/TSRM -I/usr/local/include/php/Zend -I/usr/local/include/php/ext -I/usr/local/include/php/ext/date/lib -I/usr/include/libpng16 -fstack-protector-strong -fpic -fpie -O2 -D_LARGEFILE_SOURCE -D_FILE_OFFSET_BITS=64 -DHAVE_CONFIG_H -fstack-protector-strong -fpic -fpie -O2 -D_LARGEFILE_SOURCE -D_FILE_OFFSET_BITS=64 -I/usr/src/php/ext/gd/libgd -DZEND_COMPILE_DL_EXT=1 -c /usr/src/php/ext/gd/libgd/gd.c -MMD -MF libgd/gd.dep -MT libgd/gd.lo  -fPIC -DPIC -o libgd/.libs/gd.o
#8 633.8  cc -I. -I/usr/src/php/ext/gd -I/usr/src/php/ext/gd/include -I/usr/src/php/ext/gd/main -I/usr/src/php/ext/gd -I/usr/local/include/php -I/usr/local/include/php/main -I/usr/local/include/php/TSRM -I/usr/local/include/php/Zend -I/usr/local/include/php/ext -I/usr/local/include/php/ext/date/lib -I/usr/include/libpng16 -fstack-protector-strong -fpic -fpie -O2 -D_LARGEFILE_SOURCE -D_FILE_OFFSET_BITS=64 -DHAVE_CONFIG_H -fstack-protector-strong -fpic -fpie -O2 -D_LARGEFILE_SOURCE -D_FILE_OFFSET_BITS=64 -I/usr/src/php/ext/gd/libgd -DZEND_COMPILE_DL_EXT=1 -c /usr/src/php/ext/gd/libgd/gd_gd2.c -MMD -MF libgd/gd_gd2.dep -MT libgd/gd_gd2.lo  -fPIC -DPIC -o libgd/.libs/gd_gd2.o
#8 633.8 mkdir .libs
#8 633.8  cc -I. -I/usr/src/php/ext/gd -I/usr/src/php/ext/gd/include -I/usr/src/php/ext/gd/main -I/usr/src/php/ext/gd -I/usr/local/include/php -I/usr/local/include/php/main -I/usr/local/include/php/TSRM -I/usr/local/include/php/Zend -I/usr/local/include/php/ext -I/usr/local/include/php/ext/date/lib -I/usr/include/libpng16 -fstack-protector-strong -fpic -fpie -O2 -D_LARGEFILE_SOURCE -D_FILE_OFFSET_BITS=64 -DHAVE_CONFIG_H -fstack-protector-strong -fpic -fpie -O2 -D_LARGEFILE_SOURCE -D_FILE_OFFSET_BITS=64 -I/usr/src/php/ext/gd/libgd -DZEND_COMPILE_DL_EXT=1 -c /usr/src/php/ext/gd/gd.c -MMD -MF gd.dep -MT gd.lo  -fPIC -DPIC -o .libs/gd.o
#8 634.1 /bin/bash /usr/src/php/ext/gd/libtool --mode=compile cc -I. -I/usr/src/php/ext/gd -I/usr/src/php/ext/gd/include -I/usr/src/php/ext/gd/main -I/usr/src/php/ext/gd -I/usr/local/include/php -I/usr/local/include/php/main -I/usr/local/include/php/TSRM -I/usr/local/include/php/Zend -I/usr/local/include/php/ext -I/usr/local/include/php/ext/date/lib -I/usr/include/libpng16  -fstack-protector-strong -fpic -fpie -O2 -D_LARGEFILE_SOURCE -D_FILE_OFFSET_BITS=64 -DHAVE_CONFIG_H  -fstack-protector-strong -fpic -fpie -O2 -D_LARGEFILE_SOURCE -D_FILE_OFFSET_BITS=64   -I/usr/src/php/ext/gd/libgd -DZEND_COMPILE_DL_EXT=1 -c /usr/src/php/ext/gd/libgd/gd_io.c -o libgd/gd_io.lo  -MMD -MF libgd/gd_io.dep -MT libgd/gd_io.lo
#8 635.1  cc -I. -I/usr/src/php/ext/gd -I/usr/src/php/ext/gd/include -I/usr/src/php/ext/gd/main -I/usr/src/php/ext/gd -I/usr/local/include/php -I/usr/local/include/php/main -I/usr/local/include/php/TSRM -I/usr/local/include/php/Zend -I/usr/local/include/php/ext -I/usr/local/include/php/ext/date/lib -I/usr/include/libpng16 -fstack-protector-strong -fpic -fpie -O2 -D_LARGEFILE_SOURCE -D_FILE_OFFSET_BITS=64 -DHAVE_CONFIG_H -fstack-protector-strong -fpic -fpie -O2 -D_LARGEFILE_SOURCE -D_FILE_OFFSET_BITS=64 -I/usr/src/php/ext/gd/libgd -DZEND_COMPILE_DL_EXT=1 -c /usr/src/php/ext/gd/libgd/gd_io.c -MMD -MF libgd/gd_io.dep -MT libgd/gd_io.lo  -fPIC -DPIC -o libgd/.libs/gd_io.o
#8 635.4 /bin/bash /usr/src/php/ext/gd/libtool --mode=compile cc -I. -I/usr/src/php/ext/gd -I/usr/src/php/ext/gd/include -I/usr/src/php/ext/gd/main -I/usr/src/php/ext/gd -I/usr/local/include/php -I/usr/local/include/php/main -I/usr/local/include/php/TSRM -I/usr/local/include/php/Zend -I/usr/local/include/php/ext -I/usr/local/include/php/ext/date/lib -I/usr/include/libpng16  -fstack-protector-strong -fpic -fpie -O2 -D_LARGEFILE_SOURCE -D_FILE_OFFSET_BITS=64 -DHAVE_CONFIG_H  -fstack-protector-strong -fpic -fpie -O2 -D_LARGEFILE_SOURCE -D_FILE_OFFSET_BITS=64   -I/usr/src/php/ext/gd/libgd -DZEND_COMPILE_DL_EXT=1 -c /usr/src/php/ext/gd/libgd/gd_io_dp.c -o libgd/gd_io_dp.lo  -MMD -MF libgd/gd_io_dp.dep -MT libgd/gd_io_dp.lo
#8 635.5 /bin/bash /usr/src/php/ext/gd/libtool --mode=compile cc -I. -I/usr/src/php/ext/gd -I/usr/src/php/ext/gd/include -I/usr/src/php/ext/gd/main -I/usr/src/php/ext/gd -I/usr/local/include/php -I/usr/local/include/php/main -I/usr/local/include/php/TSRM -I/usr/local/include/php/Zend -I/usr/local/include/php/ext -I/usr/local/include/php/ext/date/lib -I/usr/include/libpng16  -fstack-protector-strong -fpic -fpie -O2 -D_LARGEFILE_SOURCE -D_FILE_OFFSET_BITS=64 -DHAVE_CONFIG_H  -fstack-protector-strong -fpic -fpie -O2 -D_LARGEFILE_SOURCE -D_FILE_OFFSET_BITS=64   -I/usr/src/php/ext/gd/libgd -DZEND_COMPILE_DL_EXT=1 -c /usr/src/php/ext/gd/libgd/gd_io_file.c -o libgd/gd_io_file.lo  -MMD -MF libgd/gd_io_file.dep -MT libgd/gd_io_file.lo
#8 636.1  cc -I. -I/usr/src/php/ext/gd -I/usr/src/php/ext/gd/include -I/usr/src/php/ext/gd/main -I/usr/src/php/ext/gd -I/usr/local/include/php -I/usr/local/include/php/main -I/usr/local/include/php/TSRM -I/usr/local/include/php/Zend -I/usr/local/include/php/ext -I/usr/local/include/php/ext/date/lib -I/usr/include/libpng16 -fstack-protector-strong -fpic -fpie -O2 -D_LARGEFILE_SOURCE -D_FILE_OFFSET_BITS=64 -DHAVE_CONFIG_H -fstack-protector-strong -fpic -fpie -O2 -D_LARGEFILE_SOURCE -D_FILE_OFFSET_BITS=64 -I/usr/src/php/ext/gd/libgd -DZEND_COMPILE_DL_EXT=1 -c /usr/src/php/ext/gd/libgd/gd_io_dp.c -MMD -MF libgd/gd_io_dp.dep -MT libgd/gd_io_dp.lo  -fPIC -DPIC -o libgd/.libs/gd_io_dp.o
#8 636.2  cc -I. -I/usr/src/php/ext/gd -I/usr/src/php/ext/gd/include -I/usr/src/php/ext/gd/main -I/usr/src/php/ext/gd -I/usr/local/include/php -I/usr/local/include/php/main -I/usr/local/include/php/TSRM -I/usr/local/include/php/Zend -I/usr/local/include/php/ext -I/usr/local/include/php/ext/date/lib -I/usr/include/libpng16 -fstack-protector-strong -fpic -fpie -O2 -D_LARGEFILE_SOURCE -D_FILE_OFFSET_BITS=64 -DHAVE_CONFIG_H -fstack-protector-strong -fpic -fpie -O2 -D_LARGEFILE_SOURCE -D_FILE_OFFSET_BITS=64 -I/usr/src/php/ext/gd/libgd -DZEND_COMPILE_DL_EXT=1 -c /usr/src/php/ext/gd/libgd/gd_io_file.c -MMD -MF libgd/gd_io_file.dep -MT libgd/gd_io_file.lo  -fPIC -DPIC -o libgd/.libs/gd_io_file.o
#8 636.7 /bin/bash /usr/src/php/ext/gd/libtool --mode=compile cc -I. -I/usr/src/php/ext/gd -I/usr/src/php/ext/gd/include -I/usr/src/php/ext/gd/main -I/usr/src/php/ext/gd -I/usr/local/include/php -I/usr/local/include/php/main -I/usr/local/include/php/TSRM -I/usr/local/include/php/Zend -I/usr/local/include/php/ext -I/usr/local/include/php/ext/date/lib -I/usr/include/libpng16  -fstack-protector-strong -fpic -fpie -O2 -D_LARGEFILE_SOURCE -D_FILE_OFFSET_BITS=64 -DHAVE_CONFIG_H  -fstack-protector-strong -fpic -fpie -O2 -D_LARGEFILE_SOURCE -D_FILE_OFFSET_BITS=64   -I/usr/src/php/ext/gd/libgd -DZEND_COMPILE_DL_EXT=1 -c /usr/src/php/ext/gd/libgd/gd_ss.c -o libgd/gd_ss.lo  -MMD -MF libgd/gd_ss.dep -MT libgd/gd_ss.lo
#8 636.8 /bin/bash /usr/src/php/ext/gd/libtool --mode=compile cc -I. -I/usr/src/php/ext/gd -I/usr/src/php/ext/gd/include -I/usr/src/php/ext/gd/main -I/usr/src/php/ext/gd -I/usr/local/include/php -I/usr/local/include/php/main -I/usr/local/include/php/TSRM -I/usr/local/include/php/Zend -I/usr/local/include/php/ext -I/usr/local/include/php/ext/date/lib -I/usr/include/libpng16  -fstack-protector-strong -fpic -fpie -O2 -D_LARGEFILE_SOURCE -D_FILE_OFFSET_BITS=64 -DHAVE_CONFIG_H  -fstack-protector-strong -fpic -fpie -O2 -D_LARGEFILE_SOURCE -D_FILE_OFFSET_BITS=64   -I/usr/src/php/ext/gd/libgd -DZEND_COMPILE_DL_EXT=1 -c /usr/src/php/ext/gd/libgd/gd_io_ss.c -o libgd/gd_io_ss.lo  -MMD -MF libgd/gd_io_ss.dep -MT libgd/gd_io_ss.lo
#8 637.5  cc -I. -I/usr/src/php/ext/gd -I/usr/src/php/ext/gd/include -I/usr/src/php/ext/gd/main -I/usr/src/php/ext/gd -I/usr/local/include/php -I/usr/local/include/php/main -I/usr/local/include/php/TSRM -I/usr/local/include/php/Zend -I/usr/local/include/php/ext -I/usr/local/include/php/ext/date/lib -I/usr/include/libpng16 -fstack-protector-strong -fpic -fpie -O2 -D_LARGEFILE_SOURCE -D_FILE_OFFSET_BITS=64 -DHAVE_CONFIG_H -fstack-protector-strong -fpic -fpie -O2 -D_LARGEFILE_SOURCE -D_FILE_OFFSET_BITS=64 -I/usr/src/php/ext/gd/libgd -DZEND_COMPILE_DL_EXT=1 -c /usr/src/php/ext/gd/libgd/gd_ss.c -MMD -MF libgd/gd_ss.dep -MT libgd/gd_ss.lo  -fPIC -DPIC -o libgd/.libs/gd_ss.o
#8 637.6  cc -I. -I/usr/src/php/ext/gd -I/usr/src/php/ext/gd/include -I/usr/src/php/ext/gd/main -I/usr/src/php/ext/gd -I/usr/local/include/php -I/usr/local/include/php/main -I/usr/local/include/php/TSRM -I/usr/local/include/php/Zend -I/usr/local/include/php/ext -I/usr/local/include/php/ext/date/lib -I/usr/include/libpng16 -fstack-protector-strong -fpic -fpie -O2 -D_LARGEFILE_SOURCE -D_FILE_OFFSET_BITS=64 -DHAVE_CONFIG_H -fstack-protector-strong -fpic -fpie -O2 -D_LARGEFILE_SOURCE -D_FILE_OFFSET_BITS=64 -I/usr/src/php/ext/gd/libgd -DZEND_COMPILE_DL_EXT=1 -c /usr/src/php/ext/gd/libgd/gd_io_ss.c -MMD -MF libgd/gd_io_ss.dep -MT libgd/gd_io_ss.lo  -fPIC -DPIC -o libgd/.libs/gd_io_ss.o
#8 637.8 /bin/bash /usr/src/php/ext/gd/libtool --mode=compile cc -I. -I/usr/src/php/ext/gd -I/usr/src/php/ext/gd/include -I/usr/src/php/ext/gd/main -I/usr/src/php/ext/gd -I/usr/local/include/php -I/usr/local/include/php/main -I/usr/local/include/php/TSRM -I/usr/local/include/php/Zend -I/usr/local/include/php/ext -I/usr/local/include/php/ext/date/lib -I/usr/include/libpng16  -fstack-protector-strong -fpic -fpie -O2 -D_LARGEFILE_SOURCE -D_FILE_OFFSET_BITS=64 -DHAVE_CONFIG_H  -fstack-protector-strong -fpic -fpie -O2 -D_LARGEFILE_SOURCE -D_FILE_OFFSET_BITS=64   -I/usr/src/php/ext/gd/libgd -DZEND_COMPILE_DL_EXT=1 -c /usr/src/php/ext/gd/libgd/gd_webp.c -o libgd/gd_webp.lo  -MMD -MF libgd/gd_webp.dep -MT libgd/gd_webp.lo
#8 638.0 /bin/bash /usr/src/php/ext/gd/libtool --mode=compile cc -I. -I/usr/src/php/ext/gd -I/usr/src/php/ext/gd/include -I/usr/src/php/ext/gd/main -I/usr/src/php/ext/gd -I/usr/local/include/php -I/usr/local/include/php/main -I/usr/local/include/php/TSRM -I/usr/local/include/php/Zend -I/usr/local/include/php/ext -I/usr/local/include/php/ext/date/lib -I/usr/include/libpng16  -fstack-protector-strong -fpic -fpie -O2 -D_LARGEFILE_SOURCE -D_FILE_OFFSET_BITS=64 -DHAVE_CONFIG_H  -fstack-protector-strong -fpic -fpie -O2 -D_LARGEFILE_SOURCE -D_FILE_OFFSET_BITS=64   -I/usr/src/php/ext/gd/libgd -DZEND_COMPILE_DL_EXT=1 -c /usr/src/php/ext/gd/libgd/gd_avif.c -o libgd/gd_avif.lo  -MMD -MF libgd/gd_avif.dep -MT libgd/gd_avif.lo
#8 638.0 /bin/bash /usr/src/php/ext/gd/libtool --mode=compile cc -I. -I/usr/src/php/ext/gd -I/usr/src/php/ext/gd/include -I/usr/src/php/ext/gd/main -I/usr/src/php/ext/gd -I/usr/local/include/php -I/usr/local/include/php/main -I/usr/local/include/php/TSRM -I/usr/local/include/php/Zend -I/usr/local/include/php/ext -I/usr/local/include/php/ext/date/lib -I/usr/include/libpng16  -fstack-protector-strong -fpic -fpie -O2 -D_LARGEFILE_SOURCE -D_FILE_OFFSET_BITS=64 -DHAVE_CONFIG_H  -fstack-protector-strong -fpic -fpie -O2 -D_LARGEFILE_SOURCE -D_FILE_OFFSET_BITS=64   -I/usr/src/php/ext/gd/libgd -DZEND_COMPILE_DL_EXT=1 -c /usr/src/php/ext/gd/libgd/gd_png.c -o libgd/gd_png.lo  -MMD -MF libgd/gd_png.dep -MT libgd/gd_png.lo
#8 638.5 /bin/bash /usr/src/php/ext/gd/libtool --mode=compile cc -I. -I/usr/src/php/ext/gd -I/usr/src/php/ext/gd/include -I/usr/src/php/ext/gd/main -I/usr/src/php/ext/gd -I/usr/local/include/php -I/usr/local/include/php/main -I/usr/local/include/php/TSRM -I/usr/local/include/php/Zend -I/usr/local/include/php/ext -I/usr/local/include/php/ext/date/lib -I/usr/include/libpng16  -fstack-protector-strong -fpic -fpie -O2 -D_LARGEFILE_SOURCE -D_FILE_OFFSET_BITS=64 -DHAVE_CONFIG_H  -fstack-protector-strong -fpic -fpie -O2 -D_LARGEFILE_SOURCE -D_FILE_OFFSET_BITS=64   -I/usr/src/php/ext/gd/libgd -DZEND_COMPILE_DL_EXT=1 -c /usr/src/php/ext/gd/libgd/gd_jpeg.c -o libgd/gd_jpeg.lo  -MMD -MF libgd/gd_jpeg.dep -MT libgd/gd_jpeg.lo
#8 638.6  cc -I. -I/usr/src/php/ext/gd -I/usr/src/php/ext/gd/include -I/usr/src/php/ext/gd/main -I/usr/src/php/ext/gd -I/usr/local/include/php -I/usr/local/include/php/main -I/usr/local/include/php/TSRM -I/usr/local/include/php/Zend -I/usr/local/include/php/ext -I/usr/local/include/php/ext/date/lib -I/usr/include/libpng16 -fstack-protector-strong -fpic -fpie -O2 -D_LARGEFILE_SOURCE -D_FILE_OFFSET_BITS=64 -DHAVE_CONFIG_H -fstack-protector-strong -fpic -fpie -O2 -D_LARGEFILE_SOURCE -D_FILE_OFFSET_BITS=64 -I/usr/src/php/ext/gd/libgd -DZEND_COMPILE_DL_EXT=1 -c /usr/src/php/ext/gd/libgd/gd_webp.c -MMD -MF libgd/gd_webp.dep -MT libgd/gd_webp.lo  -fPIC -DPIC -o libgd/.libs/gd_webp.o
#8 638.9  cc -I. -I/usr/src/php/ext/gd -I/usr/src/php/ext/gd/include -I/usr/src/php/ext/gd/main -I/usr/src/php/ext/gd -I/usr/local/include/php -I/usr/local/include/php/main -I/usr/local/include/php/TSRM -I/usr/local/include/php/Zend -I/usr/local/include/php/ext -I/usr/local/include/php/ext/date/lib -I/usr/include/libpng16 -fstack-protector-strong -fpic -fpie -O2 -D_LARGEFILE_SOURCE -D_FILE_OFFSET_BITS=64 -DHAVE_CONFIG_H -fstack-protector-strong -fpic -fpie -O2 -D_LARGEFILE_SOURCE -D_FILE_OFFSET_BITS=64 -I/usr/src/php/ext/gd/libgd -DZEND_COMPILE_DL_EXT=1 -c /usr/src/php/ext/gd/libgd/gd_avif.c -MMD -MF libgd/gd_avif.dep -MT libgd/gd_avif.lo  -fPIC -DPIC -o libgd/.libs/gd_avif.o
#8 639.0  cc -I. -I/usr/src/php/ext/gd -I/usr/src/php/ext/gd/include -I/usr/src/php/ext/gd/main -I/usr/src/php/ext/gd -I/usr/local/include/php -I/usr/local/include/php/main -I/usr/local/include/php/TSRM -I/usr/local/include/php/Zend -I/usr/local/include/php/ext -I/usr/local/include/php/ext/date/lib -I/usr/include/libpng16 -fstack-protector-strong -fpic -fpie -O2 -D_LARGEFILE_SOURCE -D_FILE_OFFSET_BITS=64 -DHAVE_CONFIG_H -fstack-protector-strong -fpic -fpie -O2 -D_LARGEFILE_SOURCE -D_FILE_OFFSET_BITS=64 -I/usr/src/php/ext/gd/libgd -DZEND_COMPILE_DL_EXT=1 -c /usr/src/php/ext/gd/libgd/gd_png.c -MMD -MF libgd/gd_png.dep -MT libgd/gd_png.lo  -fPIC -DPIC -o libgd/.libs/gd_png.o
#8 639.3 /bin/bash /usr/src/php/ext/gd/libtool --mode=compile cc -I. -I/usr/src/php/ext/gd -I/usr/src/php/ext/gd/include -I/usr/src/php/ext/gd/main -I/usr/src/php/ext/gd -I/usr/local/include/php -I/usr/local/include/php/main -I/usr/local/include/php/TSRM -I/usr/local/include/php/Zend -I/usr/local/include/php/ext -I/usr/local/include/php/ext/date/lib -I/usr/include/libpng16  -fstack-protector-strong -fpic -fpie -O2 -D_LARGEFILE_SOURCE -D_FILE_OFFSET_BITS=64 -DHAVE_CONFIG_H  -fstack-protector-strong -fpic -fpie -O2 -D_LARGEFILE_SOURCE -D_FILE_OFFSET_BITS=64   -I/usr/src/php/ext/gd/libgd -DZEND_COMPILE_DL_EXT=1 -c /usr/src/php/ext/gd/libgd/gdxpm.c -o libgd/gdxpm.lo  -MMD -MF libgd/gdxpm.dep -MT libgd/gdxpm.lo
#8 639.5  cc -I. -I/usr/src/php/ext/gd -I/usr/src/php/ext/gd/include -I/usr/src/php/ext/gd/main -I/usr/src/php/ext/gd -I/usr/local/include/php -I/usr/local/include/php/main -I/usr/local/include/php/TSRM -I/usr/local/include/php/Zend -I/usr/local/include/php/ext -I/usr/local/include/php/ext/date/lib -I/usr/include/libpng16 -fstack-protector-strong -fpic -fpie -O2 -D_LARGEFILE_SOURCE -D_FILE_OFFSET_BITS=64 -DHAVE_CONFIG_H -fstack-protector-strong -fpic -fpie -O2 -D_LARGEFILE_SOURCE -D_FILE_OFFSET_BITS=64 -I/usr/src/php/ext/gd/libgd -DZEND_COMPILE_DL_EXT=1 -c /usr/src/php/ext/gd/libgd/gd_jpeg.c -MMD -MF libgd/gd_jpeg.dep -MT libgd/gd_jpeg.lo  -fPIC -DPIC -o libgd/.libs/gd_jpeg.o
#8 639.6 /bin/bash /usr/src/php/ext/gd/libtool --mode=compile cc -I. -I/usr/src/php/ext/gd -I/usr/src/php/ext/gd/include -I/usr/src/php/ext/gd/main -I/usr/src/php/ext/gd -I/usr/local/include/php -I/usr/local/include/php/main -I/usr/local/include/php/TSRM -I/usr/local/include/php/Zend -I/usr/local/include/php/ext -I/usr/local/include/php/ext/date/lib -I/usr/include/libpng16  -fstack-protector-strong -fpic -fpie -O2 -D_LARGEFILE_SOURCE -D_FILE_OFFSET_BITS=64 -DHAVE_CONFIG_H  -fstack-protector-strong -fpic -fpie -O2 -D_LARGEFILE_SOURCE -D_FILE_OFFSET_BITS=64   -I/usr/src/php/ext/gd/libgd -DZEND_COMPILE_DL_EXT=1 -c /usr/src/php/ext/gd/libgd/gdfontt.c -o libgd/gdfontt.lo  -MMD -MF libgd/gdfontt.dep -MT libgd/gdfontt.lo
#8 639.7 /bin/bash /usr/src/php/ext/gd/libtool --mode=compile cc -I. -I/usr/src/php/ext/gd -I/usr/src/php/ext/gd/include -I/usr/src/php/ext/gd/main -I/usr/src/php/ext/gd -I/usr/local/include/php -I/usr/local/include/php/main -I/usr/local/include/php/TSRM -I/usr/local/include/php/Zend -I/usr/local/include/php/ext -I/usr/local/include/php/ext/date/lib -I/usr/include/libpng16  -fstack-protector-strong -fpic -fpie -O2 -D_LARGEFILE_SOURCE -D_FILE_OFFSET_BITS=64 -DHAVE_CONFIG_H  -fstack-protector-strong -fpic -fpie -O2 -D_LARGEFILE_SOURCE -D_FILE_OFFSET_BITS=64   -I/usr/src/php/ext/gd/libgd -DZEND_COMPILE_DL_EXT=1 -c /usr/src/php/ext/gd/libgd/gdfonts.c -o libgd/gdfonts.lo  -MMD -MF libgd/gdfonts.dep -MT libgd/gdfonts.lo
#8 640.3  cc -I. -I/usr/src/php/ext/gd -I/usr/src/php/ext/gd/include -I/usr/src/php/ext/gd/main -I/usr/src/php/ext/gd -I/usr/local/include/php -I/usr/local/include/php/main -I/usr/local/include/php/TSRM -I/usr/local/include/php/Zend -I/usr/local/include/php/ext -I/usr/local/include/php/ext/date/lib -I/usr/include/libpng16 -fstack-protector-strong -fpic -fpie -O2 -D_LARGEFILE_SOURCE -D_FILE_OFFSET_BITS=64 -DHAVE_CONFIG_H -fstack-protector-strong -fpic -fpie -O2 -D_LARGEFILE_SOURCE -D_FILE_OFFSET_BITS=64 -I/usr/src/php/ext/gd/libgd -DZEND_COMPILE_DL_EXT=1 -c /usr/src/php/ext/gd/libgd/gdxpm.c -MMD -MF libgd/gdxpm.dep -MT libgd/gdxpm.lo  -fPIC -DPIC -o libgd/.libs/gdxpm.o
#8 640.5  cc -I. -I/usr/src/php/ext/gd -I/usr/src/php/ext/gd/include -I/usr/src/php/ext/gd/main -I/usr/src/php/ext/gd -I/usr/local/include/php -I/usr/local/include/php/main -I/usr/local/include/php/TSRM -I/usr/local/include/php/Zend -I/usr/local/include/php/ext -I/usr/local/include/php/ext/date/lib -I/usr/include/libpng16 -fstack-protector-strong -fpic -fpie -O2 -D_LARGEFILE_SOURCE -D_FILE_OFFSET_BITS=64 -DHAVE_CONFIG_H -fstack-protector-strong -fpic -fpie -O2 -D_LARGEFILE_SOURCE -D_FILE_OFFSET_BITS=64 -I/usr/src/php/ext/gd/libgd -DZEND_COMPILE_DL_EXT=1 -c /usr/src/php/ext/gd/libgd/gdfontt.c -MMD -MF libgd/gdfontt.dep -MT libgd/gdfontt.lo  -fPIC -DPIC -o libgd/.libs/gdfontt.o
#8 640.6 /bin/bash /usr/src/php/ext/gd/libtool --mode=compile cc -I. -I/usr/src/php/ext/gd -I/usr/src/php/ext/gd/include -I/usr/src/php/ext/gd/main -I/usr/src/php/ext/gd -I/usr/local/include/php -I/usr/local/include/php/main -I/usr/local/include/php/TSRM -I/usr/local/include/php/Zend -I/usr/local/include/php/ext -I/usr/local/include/php/ext/date/lib -I/usr/include/libpng16  -fstack-protector-strong -fpic -fpie -O2 -D_LARGEFILE_SOURCE -D_FILE_OFFSET_BITS=64 -DHAVE_CONFIG_H  -fstack-protector-strong -fpic -fpie -O2 -D_LARGEFILE_SOURCE -D_FILE_OFFSET_BITS=64   -I/usr/src/php/ext/gd/libgd -DZEND_COMPILE_DL_EXT=1 -c /usr/src/php/ext/gd/libgd/gdfontmb.c -o libgd/gdfontmb.lo  -MMD -MF libgd/gdfontmb.dep -MT libgd/gdfontmb.lo
#8 640.7 /bin/bash /usr/src/php/ext/gd/libtool --mode=compile cc -I. -I/usr/src/php/ext/gd -I/usr/src/php/ext/gd/include -I/usr/src/php/ext/gd/main -I/usr/src/php/ext/gd -I/usr/local/include/php -I/usr/local/include/php/main -I/usr/local/include/php/TSRM -I/usr/local/include/php/Zend -I/usr/local/include/php/ext -I/usr/local/include/php/ext/date/lib -I/usr/include/libpng16  -fstack-protector-strong -fpic -fpie -O2 -D_LARGEFILE_SOURCE -D_FILE_OFFSET_BITS=64 -DHAVE_CONFIG_H  -fstack-protector-strong -fpic -fpie -O2 -D_LARGEFILE_SOURCE -D_FILE_OFFSET_BITS=64   -I/usr/src/php/ext/gd/libgd -DZEND_COMPILE_DL_EXT=1 -c /usr/src/php/ext/gd/libgd/gdfontl.c -o libgd/gdfontl.lo  -MMD -MF libgd/gdfontl.dep -MT libgd/gdfontl.lo
#8 640.7  cc -I. -I/usr/src/php/ext/gd -I/usr/src/php/ext/gd/include -I/usr/src/php/ext/gd/main -I/usr/src/php/ext/gd -I/usr/local/include/php -I/usr/local/include/php/main -I/usr/local/include/php/TSRM -I/usr/local/include/php/Zend -I/usr/local/include/php/ext -I/usr/local/include/php/ext/date/lib -I/usr/include/libpng16 -fstack-protector-strong -fpic -fpie -O2 -D_LARGEFILE_SOURCE -D_FILE_OFFSET_BITS=64 -DHAVE_CONFIG_H -fstack-protector-strong -fpic -fpie -O2 -D_LARGEFILE_SOURCE -D_FILE_OFFSET_BITS=64 -I/usr/src/php/ext/gd/libgd -DZEND_COMPILE_DL_EXT=1 -c /usr/src/php/ext/gd/libgd/gdfonts.c -MMD -MF libgd/gdfonts.dep -MT libgd/gdfonts.lo  -fPIC -DPIC -o libgd/.libs/gdfonts.o
#8 640.8 /bin/bash /usr/src/php/ext/gd/libtool --mode=compile cc -I. -I/usr/src/php/ext/gd -I/usr/src/php/ext/gd/include -I/usr/src/php/ext/gd/main -I/usr/src/php/ext/gd -I/usr/local/include/php -I/usr/local/include/php/main -I/usr/local/include/php/TSRM -I/usr/local/include/php/Zend -I/usr/local/include/php/ext -I/usr/local/include/php/ext/date/lib -I/usr/include/libpng16  -fstack-protector-strong -fpic -fpie -O2 -D_LARGEFILE_SOURCE -D_FILE_OFFSET_BITS=64 -DHAVE_CONFIG_H  -fstack-protector-strong -fpic -fpie -O2 -D_LARGEFILE_SOURCE -D_FILE_OFFSET_BITS=64   -I/usr/src/php/ext/gd/libgd -DZEND_COMPILE_DL_EXT=1 -c /usr/src/php/ext/gd/libgd/gdfontg.c -o libgd/gdfontg.lo  -MMD -MF libgd/gdfontg.dep -MT libgd/gdfontg.lo
#8 640.9 /bin/bash /usr/src/php/ext/gd/libtool --mode=compile cc -I. -I/usr/src/php/ext/gd -I/usr/src/php/ext/gd/include -I/usr/src/php/ext/gd/main -I/usr/src/php/ext/gd -I/usr/local/include/php -I/usr/local/include/php/main -I/usr/local/include/php/TSRM -I/usr/local/include/php/Zend -I/usr/local/include/php/ext -I/usr/local/include/php/ext/date/lib -I/usr/include/libpng16  -fstack-protector-strong -fpic -fpie -O2 -D_LARGEFILE_SOURCE -D_FILE_OFFSET_BITS=64 -DHAVE_CONFIG_H  -fstack-protector-strong -fpic -fpie -O2 -D_LARGEFILE_SOURCE -D_FILE_OFFSET_BITS=64   -I/usr/src/php/ext/gd/libgd -DZEND_COMPILE_DL_EXT=1 -c /usr/src/php/ext/gd/libgd/gdtables.c -o libgd/gdtables.lo  -MMD -MF libgd/gdtables.dep -MT libgd/gdtables.lo
#8 641.7  cc -I. -I/usr/src/php/ext/gd -I/usr/src/php/ext/gd/include -I/usr/src/php/ext/gd/main -I/usr/src/php/ext/gd -I/usr/local/include/php -I/usr/local/include/php/main -I/usr/local/include/php/TSRM -I/usr/local/include/php/Zend -I/usr/local/include/php/ext -I/usr/local/include/php/ext/date/lib -I/usr/include/libpng16 -fstack-protector-strong -fpic -fpie -O2 -D_LARGEFILE_SOURCE -D_FILE_OFFSET_BITS=64 -DHAVE_CONFIG_H -fstack-protector-strong -fpic -fpie -O2 -D_LARGEFILE_SOURCE -D_FILE_OFFSET_BITS=64 -I/usr/src/php/ext/gd/libgd -DZEND_COMPILE_DL_EXT=1 -c /usr/src/php/ext/gd/libgd/gdfontmb.c -MMD -MF libgd/gdfontmb.dep -MT libgd/gdfontmb.lo  -fPIC -DPIC -o libgd/.libs/gdfontmb.o
#8 641.7  cc -I. -I/usr/src/php/ext/gd -I/usr/src/php/ext/gd/include -I/usr/src/php/ext/gd/main -I/usr/src/php/ext/gd -I/usr/local/include/php -I/usr/local/include/php/main -I/usr/local/include/php/TSRM -I/usr/local/include/php/Zend -I/usr/local/include/php/ext -I/usr/local/include/php/ext/date/lib -I/usr/include/libpng16 -fstack-protector-strong -fpic -fpie -O2 -D_LARGEFILE_SOURCE -D_FILE_OFFSET_BITS=64 -DHAVE_CONFIG_H -fstack-protector-strong -fpic -fpie -O2 -D_LARGEFILE_SOURCE -D_FILE_OFFSET_BITS=64 -I/usr/src/php/ext/gd/libgd -DZEND_COMPILE_DL_EXT=1 -c /usr/src/php/ext/gd/libgd/gdfontl.c -MMD -MF libgd/gdfontl.dep -MT libgd/gdfontl.lo  -fPIC -DPIC -o libgd/.libs/gdfontl.o
#8 641.9  cc -I. -I/usr/src/php/ext/gd -I/usr/src/php/ext/gd/include -I/usr/src/php/ext/gd/main -I/usr/src/php/ext/gd -I/usr/local/include/php -I/usr/local/include/php/main -I/usr/local/include/php/TSRM -I/usr/local/include/php/Zend -I/usr/local/include/php/ext -I/usr/local/include/php/ext/date/lib -I/usr/include/libpng16 -fstack-protector-strong -fpic -fpie -O2 -D_LARGEFILE_SOURCE -D_FILE_OFFSET_BITS=64 -DHAVE_CONFIG_H -fstack-protector-strong -fpic -fpie -O2 -D_LARGEFILE_SOURCE -D_FILE_OFFSET_BITS=64 -I/usr/src/php/ext/gd/libgd -DZEND_COMPILE_DL_EXT=1 -c /usr/src/php/ext/gd/libgd/gdfontg.c -MMD -MF libgd/gdfontg.dep -MT libgd/gdfontg.lo  -fPIC -DPIC -o libgd/.libs/gdfontg.o
#8 642.0 /bin/bash /usr/src/php/ext/gd/libtool --mode=compile cc -I. -I/usr/src/php/ext/gd -I/usr/src/php/ext/gd/include -I/usr/src/php/ext/gd/main -I/usr/src/php/ext/gd -I/usr/local/include/php -I/usr/local/include/php/main -I/usr/local/include/php/TSRM -I/usr/local/include/php/Zend -I/usr/local/include/php/ext -I/usr/local/include/php/ext/date/lib -I/usr/include/libpng16  -fstack-protector-strong -fpic -fpie -O2 -D_LARGEFILE_SOURCE -D_FILE_OFFSET_BITS=64 -DHAVE_CONFIG_H  -fstack-protector-strong -fpic -fpie -O2 -D_LARGEFILE_SOURCE -D_FILE_OFFSET_BITS=64   -I/usr/src/php/ext/gd/libgd -DZEND_COMPILE_DL_EXT=1 -c /usr/src/php/ext/gd/libgd/gdft.c -o libgd/gdft.lo  -MMD -MF libgd/gdft.dep -MT libgd/gdft.lo
#8 642.1 /bin/bash /usr/src/php/ext/gd/libtool --mode=compile cc -I. -I/usr/src/php/ext/gd -I/usr/src/php/ext/gd/include -I/usr/src/php/ext/gd/main -I/usr/src/php/ext/gd -I/usr/local/include/php -I/usr/local/include/php/main -I/usr/local/include/php/TSRM -I/usr/local/include/php/Zend -I/usr/local/include/php/ext -I/usr/local/include/php/ext/date/lib -I/usr/include/libpng16  -fstack-protector-strong -fpic -fpie -O2 -D_LARGEFILE_SOURCE -D_FILE_OFFSET_BITS=64 -DHAVE_CONFIG_H  -fstack-protector-strong -fpic -fpie -O2 -D_LARGEFILE_SOURCE -D_FILE_OFFSET_BITS=64   -I/usr/src/php/ext/gd/libgd -DZEND_COMPILE_DL_EXT=1 -c /usr/src/php/ext/gd/libgd/gdcache.c -o libgd/gdcache.lo  -MMD -MF libgd/gdcache.dep -MT libgd/gdcache.lo
#8 642.1  cc -I. -I/usr/src/php/ext/gd -I/usr/src/php/ext/gd/include -I/usr/src/php/ext/gd/main -I/usr/src/php/ext/gd -I/usr/local/include/php -I/usr/local/include/php/main -I/usr/local/include/php/TSRM -I/usr/local/include/php/Zend -I/usr/local/include/php/ext -I/usr/local/include/php/ext/date/lib -I/usr/include/libpng16 -fstack-protector-strong -fpic -fpie -O2 -D_LARGEFILE_SOURCE -D_FILE_OFFSET_BITS=64 -DHAVE_CONFIG_H -fstack-protector-strong -fpic -fpie -O2 -D_LARGEFILE_SOURCE -D_FILE_OFFSET_BITS=64 -I/usr/src/php/ext/gd/libgd -DZEND_COMPILE_DL_EXT=1 -c /usr/src/php/ext/gd/libgd/gdtables.c -MMD -MF libgd/gdtables.dep -MT libgd/gdtables.lo  -fPIC -DPIC -o libgd/.libs/gdtables.o
#8 642.1 /bin/bash /usr/src/php/ext/gd/libtool --mode=compile cc -I. -I/usr/src/php/ext/gd -I/usr/src/php/ext/gd/include -I/usr/src/php/ext/gd/main -I/usr/src/php/ext/gd -I/usr/local/include/php -I/usr/local/include/php/main -I/usr/local/include/php/TSRM -I/usr/local/include/php/Zend -I/usr/local/include/php/ext -I/usr/local/include/php/ext/date/lib -I/usr/include/libpng16  -fstack-protector-strong -fpic -fpie -O2 -D_LARGEFILE_SOURCE -D_FILE_OFFSET_BITS=64 -DHAVE_CONFIG_H  -fstack-protector-strong -fpic -fpie -O2 -D_LARGEFILE_SOURCE -D_FILE_OFFSET_BITS=64   -I/usr/src/php/ext/gd/libgd -DZEND_COMPILE_DL_EXT=1 -c /usr/src/php/ext/gd/libgd/gdkanji.c -o libgd/gdkanji.lo  -MMD -MF libgd/gdkanji.dep -MT libgd/gdkanji.lo
#8 642.3 /bin/bash /usr/src/php/ext/gd/libtool --mode=compile cc -I. -I/usr/src/php/ext/gd -I/usr/src/php/ext/gd/include -I/usr/src/php/ext/gd/main -I/usr/src/php/ext/gd -I/usr/local/include/php -I/usr/local/include/php/main -I/usr/local/include/php/TSRM -I/usr/local/include/php/Zend -I/usr/local/include/php/ext -I/usr/local/include/php/ext/date/lib -I/usr/include/libpng16  -fstack-protector-strong -fpic -fpie -O2 -D_LARGEFILE_SOURCE -D_FILE_OFFSET_BITS=64 -DHAVE_CONFIG_H  -fstack-protector-strong -fpic -fpie -O2 -D_LARGEFILE_SOURCE -D_FILE_OFFSET_BITS=64   -I/usr/src/php/ext/gd/libgd -DZEND_COMPILE_DL_EXT=1 -c /usr/src/php/ext/gd/libgd/wbmp.c -o libgd/wbmp.lo  -MMD -MF libgd/wbmp.dep -MT libgd/wbmp.lo
#8 643.0  cc -I. -I/usr/src/php/ext/gd -I/usr/src/php/ext/gd/include -I/usr/src/php/ext/gd/main -I/usr/src/php/ext/gd -I/usr/local/include/php -I/usr/local/include/php/main -I/usr/local/include/php/TSRM -I/usr/local/include/php/Zend -I/usr/local/include/php/ext -I/usr/local/include/php/ext/date/lib -I/usr/include/libpng16 -fstack-protector-strong -fpic -fpie -O2 -D_LARGEFILE_SOURCE -D_FILE_OFFSET_BITS=64 -DHAVE_CONFIG_H -fstack-protector-strong -fpic -fpie -O2 -D_LARGEFILE_SOURCE -D_FILE_OFFSET_BITS=64 -I/usr/src/php/ext/gd/libgd -DZEND_COMPILE_DL_EXT=1 -c /usr/src/php/ext/gd/libgd/gdft.c -MMD -MF libgd/gdft.dep -MT libgd/gdft.lo  -fPIC -DPIC -o libgd/.libs/gdft.o
#8 643.1  cc -I. -I/usr/src/php/ext/gd -I/usr/src/php/ext/gd/include -I/usr/src/php/ext/gd/main -I/usr/src/php/ext/gd -I/usr/local/include/php -I/usr/local/include/php/main -I/usr/local/include/php/TSRM -I/usr/local/include/php/Zend -I/usr/local/include/php/ext -I/usr/local/include/php/ext/date/lib -I/usr/include/libpng16 -fstack-protector-strong -fpic -fpie -O2 -D_LARGEFILE_SOURCE -D_FILE_OFFSET_BITS=64 -DHAVE_CONFIG_H -fstack-protector-strong -fpic -fpie -O2 -D_LARGEFILE_SOURCE -D_FILE_OFFSET_BITS=64 -I/usr/src/php/ext/gd/libgd -DZEND_COMPILE_DL_EXT=1 -c /usr/src/php/ext/gd/libgd/gdcache.c -MMD -MF libgd/gdcache.dep -MT libgd/gdcache.lo  -fPIC -DPIC -o libgd/.libs/gdcache.o
#8 643.1  cc -I. -I/usr/src/php/ext/gd -I/usr/src/php/ext/gd/include -I/usr/src/php/ext/gd/main -I/usr/src/php/ext/gd -I/usr/local/include/php -I/usr/local/include/php/main -I/usr/local/include/php/TSRM -I/usr/local/include/php/Zend -I/usr/local/include/php/ext -I/usr/local/include/php/ext/date/lib -I/usr/include/libpng16 -fstack-protector-strong -fpic -fpie -O2 -D_LARGEFILE_SOURCE -D_FILE_OFFSET_BITS=64 -DHAVE_CONFIG_H -fstack-protector-strong -fpic -fpie -O2 -D_LARGEFILE_SOURCE -D_FILE_OFFSET_BITS=64 -I/usr/src/php/ext/gd/libgd -DZEND_COMPILE_DL_EXT=1 -c /usr/src/php/ext/gd/libgd/gdkanji.c -MMD -MF libgd/gdkanji.dep -MT libgd/gdkanji.lo  -fPIC -DPIC -o libgd/.libs/gdkanji.o
#8 643.5  cc -I. -I/usr/src/php/ext/gd -I/usr/src/php/ext/gd/include -I/usr/src/php/ext/gd/main -I/usr/src/php/ext/gd -I/usr/local/include/php -I/usr/local/include/php/main -I/usr/local/include/php/TSRM -I/usr/local/include/php/Zend -I/usr/local/include/php/ext -I/usr/local/include/php/ext/date/lib -I/usr/include/libpng16 -fstack-protector-strong -fpic -fpie -O2 -D_LARGEFILE_SOURCE -D_FILE_OFFSET_BITS=64 -DHAVE_CONFIG_H -fstack-protector-strong -fpic -fpie -O2 -D_LARGEFILE_SOURCE -D_FILE_OFFSET_BITS=64 -I/usr/src/php/ext/gd/libgd -DZEND_COMPILE_DL_EXT=1 -c /usr/src/php/ext/gd/libgd/wbmp.c -MMD -MF libgd/wbmp.dep -MT libgd/wbmp.lo  -fPIC -DPIC -o libgd/.libs/wbmp.o
#8 643.5 /bin/bash /usr/src/php/ext/gd/libtool --mode=compile cc -I. -I/usr/src/php/ext/gd -I/usr/src/php/ext/gd/include -I/usr/src/php/ext/gd/main -I/usr/src/php/ext/gd -I/usr/local/include/php -I/usr/local/include/php/main -I/usr/local/include/php/TSRM -I/usr/local/include/php/Zend -I/usr/local/include/php/ext -I/usr/local/include/php/ext/date/lib -I/usr/include/libpng16  -fstack-protector-strong -fpic -fpie -O2 -D_LARGEFILE_SOURCE -D_FILE_OFFSET_BITS=64 -DHAVE_CONFIG_H  -fstack-protector-strong -fpic -fpie -O2 -D_LARGEFILE_SOURCE -D_FILE_OFFSET_BITS=64   -I/usr/src/php/ext/gd/libgd -DZEND_COMPILE_DL_EXT=1 -c /usr/src/php/ext/gd/libgd/gd_wbmp.c -o libgd/gd_wbmp.lo  -MMD -MF libgd/gd_wbmp.dep -MT libgd/gd_wbmp.lo
#8 643.7 /bin/bash /usr/src/php/ext/gd/libtool --mode=compile cc -I. -I/usr/src/php/ext/gd -I/usr/src/php/ext/gd/include -I/usr/src/php/ext/gd/main -I/usr/src/php/ext/gd -I/usr/local/include/php -I/usr/local/include/php/main -I/usr/local/include/php/TSRM -I/usr/local/include/php/Zend -I/usr/local/include/php/ext -I/usr/local/include/php/ext/date/lib -I/usr/include/libpng16  -fstack-protector-strong -fpic -fpie -O2 -D_LARGEFILE_SOURCE -D_FILE_OFFSET_BITS=64 -DHAVE_CONFIG_H  -fstack-protector-strong -fpic -fpie -O2 -D_LARGEFILE_SOURCE -D_FILE_OFFSET_BITS=64   -I/usr/src/php/ext/gd/libgd -DZEND_COMPILE_DL_EXT=1 -c /usr/src/php/ext/gd/libgd/gdhelpers.c -o libgd/gdhelpers.lo  -MMD -MF libgd/gdhelpers.dep -MT libgd/gdhelpers.lo
#8 644.3 /bin/bash /usr/src/php/ext/gd/libtool --mode=compile cc -I. -I/usr/src/php/ext/gd -I/usr/src/php/ext/gd/include -I/usr/src/php/ext/gd/main -I/usr/src/php/ext/gd -I/usr/local/include/php -I/usr/local/include/php/main -I/usr/local/include/php/TSRM -I/usr/local/include/php/Zend -I/usr/local/include/php/ext -I/usr/local/include/php/ext/date/lib -I/usr/include/libpng16  -fstack-protector-strong -fpic -fpie -O2 -D_LARGEFILE_SOURCE -D_FILE_OFFSET_BITS=64 -DHAVE_CONFIG_H  -fstack-protector-strong -fpic -fpie -O2 -D_LARGEFILE_SOURCE -D_FILE_OFFSET_BITS=64   -I/usr/src/php/ext/gd/libgd -DZEND_COMPILE_DL_EXT=1 -c /usr/src/php/ext/gd/libgd/gd_topal.c -o libgd/gd_topal.lo  -MMD -MF libgd/gd_topal.dep -MT libgd/gd_topal.lo
#8 644.4  cc -I. -I/usr/src/php/ext/gd -I/usr/src/php/ext/gd/include -I/usr/src/php/ext/gd/main -I/usr/src/php/ext/gd -I/usr/local/include/php -I/usr/local/include/php/main -I/usr/local/include/php/TSRM -I/usr/local/include/php/Zend -I/usr/local/include/php/ext -I/usr/local/include/php/ext/date/lib -I/usr/include/libpng16 -fstack-protector-strong -fpic -fpie -O2 -D_LARGEFILE_SOURCE -D_FILE_OFFSET_BITS=64 -DHAVE_CONFIG_H -fstack-protector-strong -fpic -fpie -O2 -D_LARGEFILE_SOURCE -D_FILE_OFFSET_BITS=64 -I/usr/src/php/ext/gd/libgd -DZEND_COMPILE_DL_EXT=1 -c /usr/src/php/ext/gd/libgd/gd_wbmp.c -MMD -MF libgd/gd_wbmp.dep -MT libgd/gd_wbmp.lo  -fPIC -DPIC -o libgd/.libs/gd_wbmp.o
#8 644.6 /bin/bash /usr/src/php/ext/gd/libtool --mode=compile cc -I. -I/usr/src/php/ext/gd -I/usr/src/php/ext/gd/include -I/usr/src/php/ext/gd/main -I/usr/src/php/ext/gd -I/usr/local/include/php -I/usr/local/include/php/main -I/usr/local/include/php/TSRM -I/usr/local/include/php/Zend -I/usr/local/include/php/ext -I/usr/local/include/php/ext/date/lib -I/usr/include/libpng16  -fstack-protector-strong -fpic -fpie -O2 -D_LARGEFILE_SOURCE -D_FILE_OFFSET_BITS=64 -DHAVE_CONFIG_H  -fstack-protector-strong -fpic -fpie -O2 -D_LARGEFILE_SOURCE -D_FILE_OFFSET_BITS=64   -I/usr/src/php/ext/gd/libgd -DZEND_COMPILE_DL_EXT=1 -c /usr/src/php/ext/gd/libgd/gd_gif_in.c -o libgd/gd_gif_in.lo  -MMD -MF libgd/gd_gif_in.dep -MT libgd/gd_gif_in.lo
#8 644.6  cc -I. -I/usr/src/php/ext/gd -I/usr/src/php/ext/gd/include -I/usr/src/php/ext/gd/main -I/usr/src/php/ext/gd -I/usr/local/include/php -I/usr/local/include/php/main -I/usr/local/include/php/TSRM -I/usr/local/include/php/Zend -I/usr/local/include/php/ext -I/usr/local/include/php/ext/date/lib -I/usr/include/libpng16 -fstack-protector-strong -fpic -fpie -O2 -D_LARGEFILE_SOURCE -D_FILE_OFFSET_BITS=64 -DHAVE_CONFIG_H -fstack-protector-strong -fpic -fpie -O2 -D_LARGEFILE_SOURCE -D_FILE_OFFSET_BITS=64 -I/usr/src/php/ext/gd/libgd -DZEND_COMPILE_DL_EXT=1 -c /usr/src/php/ext/gd/libgd/gdhelpers.c -MMD -MF libgd/gdhelpers.dep -MT libgd/gdhelpers.lo  -fPIC -DPIC -o libgd/.libs/gdhelpers.o
#8 644.7 /bin/bash /usr/src/php/ext/gd/libtool --mode=compile cc -I. -I/usr/src/php/ext/gd -I/usr/src/php/ext/gd/include -I/usr/src/php/ext/gd/main -I/usr/src/php/ext/gd -I/usr/local/include/php -I/usr/local/include/php/main -I/usr/local/include/php/TSRM -I/usr/local/include/php/Zend -I/usr/local/include/php/ext -I/usr/local/include/php/ext/date/lib -I/usr/include/libpng16  -fstack-protector-strong -fpic -fpie -O2 -D_LARGEFILE_SOURCE -D_FILE_OFFSET_BITS=64 -DHAVE_CONFIG_H  -fstack-protector-strong -fpic -fpie -O2 -D_LARGEFILE_SOURCE -D_FILE_OFFSET_BITS=64   -I/usr/src/php/ext/gd/libgd -DZEND_COMPILE_DL_EXT=1 -c /usr/src/php/ext/gd/libgd/gd_xbm.c -o libgd/gd_xbm.lo  -MMD -MF libgd/gd_xbm.dep -MT libgd/gd_xbm.lo
#8 645.1  cc -I. -I/usr/src/php/ext/gd -I/usr/src/php/ext/gd/include -I/usr/src/php/ext/gd/main -I/usr/src/php/ext/gd -I/usr/local/include/php -I/usr/local/include/php/main -I/usr/local/include/php/TSRM -I/usr/local/include/php/Zend -I/usr/local/include/php/ext -I/usr/local/include/php/ext/date/lib -I/usr/include/libpng16 -fstack-protector-strong -fpic -fpie -O2 -D_LARGEFILE_SOURCE -D_FILE_OFFSET_BITS=64 -DHAVE_CONFIG_H -fstack-protector-strong -fpic -fpie -O2 -D_LARGEFILE_SOURCE -D_FILE_OFFSET_BITS=64 -I/usr/src/php/ext/gd/libgd -DZEND_COMPILE_DL_EXT=1 -c /usr/src/php/ext/gd/libgd/gd_topal.c -MMD -MF libgd/gd_topal.dep -MT libgd/gd_topal.lo  -fPIC -DPIC -o libgd/.libs/gd_topal.o
#8 645.1 /bin/bash /usr/src/php/ext/gd/libtool --mode=compile cc -I. -I/usr/src/php/ext/gd -I/usr/src/php/ext/gd/include -I/usr/src/php/ext/gd/main -I/usr/src/php/ext/gd -I/usr/local/include/php -I/usr/local/include/php/main -I/usr/local/include/php/TSRM -I/usr/local/include/php/Zend -I/usr/local/include/php/ext -I/usr/local/include/php/ext/date/lib -I/usr/include/libpng16  -fstack-protector-strong -fpic -fpie -O2 -D_LARGEFILE_SOURCE -D_FILE_OFFSET_BITS=64 -DHAVE_CONFIG_H  -fstack-protector-strong -fpic -fpie -O2 -D_LARGEFILE_SOURCE -D_FILE_OFFSET_BITS=64   -I/usr/src/php/ext/gd/libgd -DZEND_COMPILE_DL_EXT=1 -c /usr/src/php/ext/gd/libgd/gd_gif_out.c -o libgd/gd_gif_out.lo  -MMD -MF libgd/gd_gif_out.dep -MT libgd/gd_gif_out.lo
#8 645.4  cc -I. -I/usr/src/php/ext/gd -I/usr/src/php/ext/gd/include -I/usr/src/php/ext/gd/main -I/usr/src/php/ext/gd -I/usr/local/include/php -I/usr/local/include/php/main -I/usr/local/include/php/TSRM -I/usr/local/include/php/Zend -I/usr/local/include/php/ext -I/usr/local/include/php/ext/date/lib -I/usr/include/libpng16 -fstack-protector-strong -fpic -fpie -O2 -D_LARGEFILE_SOURCE -D_FILE_OFFSET_BITS=64 -DHAVE_CONFIG_H -fstack-protector-strong -fpic -fpie -O2 -D_LARGEFILE_SOURCE -D_FILE_OFFSET_BITS=64 -I/usr/src/php/ext/gd/libgd -DZEND_COMPILE_DL_EXT=1 -c /usr/src/php/ext/gd/libgd/gd_gif_in.c -MMD -MF libgd/gd_gif_in.dep -MT libgd/gd_gif_in.lo  -fPIC -DPIC -o libgd/.libs/gd_gif_in.o
#8 645.6  cc -I. -I/usr/src/php/ext/gd -I/usr/src/php/ext/gd/include -I/usr/src/php/ext/gd/main -I/usr/src/php/ext/gd -I/usr/local/include/php -I/usr/local/include/php/main -I/usr/local/include/php/TSRM -I/usr/local/include/php/Zend -I/usr/local/include/php/ext -I/usr/local/include/php/ext/date/lib -I/usr/include/libpng16 -fstack-protector-strong -fpic -fpie -O2 -D_LARGEFILE_SOURCE -D_FILE_OFFSET_BITS=64 -DHAVE_CONFIG_H -fstack-protector-strong -fpic -fpie -O2 -D_LARGEFILE_SOURCE -D_FILE_OFFSET_BITS=64 -I/usr/src/php/ext/gd/libgd -DZEND_COMPILE_DL_EXT=1 -c /usr/src/php/ext/gd/libgd/gd_xbm.c -MMD -MF libgd/gd_xbm.dep -MT libgd/gd_xbm.lo  -fPIC -DPIC -o libgd/.libs/gd_xbm.o
#8 646.1  cc -I. -I/usr/src/php/ext/gd -I/usr/src/php/ext/gd/include -I/usr/src/php/ext/gd/main -I/usr/src/php/ext/gd -I/usr/local/include/php -I/usr/local/include/php/main -I/usr/local/include/php/TSRM -I/usr/local/include/php/Zend -I/usr/local/include/php/ext -I/usr/local/include/php/ext/date/lib -I/usr/include/libpng16 -fstack-protector-strong -fpic -fpie -O2 -D_LARGEFILE_SOURCE -D_FILE_OFFSET_BITS=64 -DHAVE_CONFIG_H -fstack-protector-strong -fpic -fpie -O2 -D_LARGEFILE_SOURCE -D_FILE_OFFSET_BITS=64 -I/usr/src/php/ext/gd/libgd -DZEND_COMPILE_DL_EXT=1 -c /usr/src/php/ext/gd/libgd/gd_gif_out.c -MMD -MF libgd/gd_gif_out.dep -MT libgd/gd_gif_out.lo  -fPIC -DPIC -o libgd/.libs/gd_gif_out.o
#8 646.2 /bin/bash /usr/src/php/ext/gd/libtool --mode=compile cc -I. -I/usr/src/php/ext/gd -I/usr/src/php/ext/gd/include -I/usr/src/php/ext/gd/main -I/usr/src/php/ext/gd -I/usr/local/include/php -I/usr/local/include/php/main -I/usr/local/include/php/TSRM -I/usr/local/include/php/Zend -I/usr/local/include/php/ext -I/usr/local/include/php/ext/date/lib -I/usr/include/libpng16  -fstack-protector-strong -fpic -fpie -O2 -D_LARGEFILE_SOURCE -D_FILE_OFFSET_BITS=64 -DHAVE_CONFIG_H  -fstack-protector-strong -fpic -fpie -O2 -D_LARGEFILE_SOURCE -D_FILE_OFFSET_BITS=64   -I/usr/src/php/ext/gd/libgd -DZEND_COMPILE_DL_EXT=1 -c /usr/src/php/ext/gd/libgd/gd_security.c -o libgd/gd_security.lo  -MMD -MF libgd/gd_security.dep -MT libgd/gd_security.lo
#8 646.3 /bin/bash /usr/src/php/ext/gd/libtool --mode=compile cc -I. -I/usr/src/php/ext/gd -I/usr/src/php/ext/gd/include -I/usr/src/php/ext/gd/main -I/usr/src/php/ext/gd -I/usr/local/include/php -I/usr/local/include/php/main -I/usr/local/include/php/TSRM -I/usr/local/include/php/Zend -I/usr/local/include/php/ext -I/usr/local/include/php/ext/date/lib -I/usr/include/libpng16  -fstack-protector-strong -fpic -fpie -O2 -D_LARGEFILE_SOURCE -D_FILE_OFFSET_BITS=64 -DHAVE_CONFIG_H  -fstack-protector-strong -fpic -fpie -O2 -D_LARGEFILE_SOURCE -D_FILE_OFFSET_BITS=64   -I/usr/src/php/ext/gd/libgd -DZEND_COMPILE_DL_EXT=1 -c /usr/src/php/ext/gd/libgd/gd_filter.c -o libgd/gd_filter.lo  -MMD -MF libgd/gd_filter.dep -MT libgd/gd_filter.lo
#8 646.7 /bin/bash /usr/src/php/ext/gd/libtool --mode=compile cc -I. -I/usr/src/php/ext/gd -I/usr/src/php/ext/gd/include -I/usr/src/php/ext/gd/main -I/usr/src/php/ext/gd -I/usr/local/include/php -I/usr/local/include/php/main -I/usr/local/include/php/TSRM -I/usr/local/include/php/Zend -I/usr/local/include/php/ext -I/usr/local/include/php/ext/date/lib -I/usr/include/libpng16  -fstack-protector-strong -fpic -fpie -O2 -D_LARGEFILE_SOURCE -D_FILE_OFFSET_BITS=64 -DHAVE_CONFIG_H  -fstack-protector-strong -fpic -fpie -O2 -D_LARGEFILE_SOURCE -D_FILE_OFFSET_BITS=64   -I/usr/src/php/ext/gd/libgd -DZEND_COMPILE_DL_EXT=1 -c /usr/src/php/ext/gd/libgd/gd_pixelate.c -o libgd/gd_pixelate.lo  -MMD -MF libgd/gd_pixelate.dep -MT libgd/gd_pixelate.lo
#8 646.7 /bin/bash /usr/src/php/ext/gd/libtool --mode=compile cc -I. -I/usr/src/php/ext/gd -I/usr/src/php/ext/gd/include -I/usr/src/php/ext/gd/main -I/usr/src/php/ext/gd -I/usr/local/include/php -I/usr/local/include/php/main -I/usr/local/include/php/TSRM -I/usr/local/include/php/Zend -I/usr/local/include/php/ext -I/usr/local/include/php/ext/date/lib -I/usr/include/libpng16  -fstack-protector-strong -fpic -fpie -O2 -D_LARGEFILE_SOURCE -D_FILE_OFFSET_BITS=64 -DHAVE_CONFIG_H  -fstack-protector-strong -fpic -fpie -O2 -D_LARGEFILE_SOURCE -D_FILE_OFFSET_BITS=64   -I/usr/src/php/ext/gd/libgd -DZEND_COMPILE_DL_EXT=1 -c /usr/src/php/ext/gd/libgd/gd_rotate.c -o libgd/gd_rotate.lo  -MMD -MF libgd/gd_rotate.dep -MT libgd/gd_rotate.lo
#8 647.2  cc -I. -I/usr/src/php/ext/gd -I/usr/src/php/ext/gd/include -I/usr/src/php/ext/gd/main -I/usr/src/php/ext/gd -I/usr/local/include/php -I/usr/local/include/php/main -I/usr/local/include/php/TSRM -I/usr/local/include/php/Zend -I/usr/local/include/php/ext -I/usr/local/include/php/ext/date/lib -I/usr/include/libpng16 -fstack-protector-strong -fpic -fpie -O2 -D_LARGEFILE_SOURCE -D_FILE_OFFSET_BITS=64 -DHAVE_CONFIG_H -fstack-protector-strong -fpic -fpie -O2 -D_LARGEFILE_SOURCE -D_FILE_OFFSET_BITS=64 -I/usr/src/php/ext/gd/libgd -DZEND_COMPILE_DL_EXT=1 -c /usr/src/php/ext/gd/libgd/gd_security.c -MMD -MF libgd/gd_security.dep -MT libgd/gd_security.lo  -fPIC -DPIC -o libgd/.libs/gd_security.o
#8 647.3  cc -I. -I/usr/src/php/ext/gd -I/usr/src/php/ext/gd/include -I/usr/src/php/ext/gd/main -I/usr/src/php/ext/gd -I/usr/local/include/php -I/usr/local/include/php/main -I/usr/local/include/php/TSRM -I/usr/local/include/php/Zend -I/usr/local/include/php/ext -I/usr/local/include/php/ext/date/lib -I/usr/include/libpng16 -fstack-protector-strong -fpic -fpie -O2 -D_LARGEFILE_SOURCE -D_FILE_OFFSET_BITS=64 -DHAVE_CONFIG_H -fstack-protector-strong -fpic -fpie -O2 -D_LARGEFILE_SOURCE -D_FILE_OFFSET_BITS=64 -I/usr/src/php/ext/gd/libgd -DZEND_COMPILE_DL_EXT=1 -c /usr/src/php/ext/gd/libgd/gd_filter.c -MMD -MF libgd/gd_filter.dep -MT libgd/gd_filter.lo  -fPIC -DPIC -o libgd/.libs/gd_filter.o
#8 647.3 /bin/bash /usr/src/php/ext/gd/libtool --mode=compile cc -I. -I/usr/src/php/ext/gd -I/usr/src/php/ext/gd/include -I/usr/src/php/ext/gd/main -I/usr/src/php/ext/gd -I/usr/local/include/php -I/usr/local/include/php/main -I/usr/local/include/php/TSRM -I/usr/local/include/php/Zend -I/usr/local/include/php/ext -I/usr/local/include/php/ext/date/lib -I/usr/include/libpng16  -fstack-protector-strong -fpic -fpie -O2 -D_LARGEFILE_SOURCE -D_FILE_OFFSET_BITS=64 -DHAVE_CONFIG_H  -fstack-protector-strong -fpic -fpie -O2 -D_LARGEFILE_SOURCE -D_FILE_OFFSET_BITS=64   -I/usr/src/php/ext/gd/libgd -DZEND_COMPILE_DL_EXT=1 -c /usr/src/php/ext/gd/libgd/gd_color_match.c -o libgd/gd_color_match.lo  -MMD -MF libgd/gd_color_match.dep -MT libgd/gd_color_match.lo
#8 647.5  cc -I. -I/usr/src/php/ext/gd -I/usr/src/php/ext/gd/include -I/usr/src/php/ext/gd/main -I/usr/src/php/ext/gd -I/usr/local/include/php -I/usr/local/include/php/main -I/usr/local/include/php/TSRM -I/usr/local/include/php/Zend -I/usr/local/include/php/ext -I/usr/local/include/php/ext/date/lib -I/usr/include/libpng16 -fstack-protector-strong -fpic -fpie -O2 -D_LARGEFILE_SOURCE -D_FILE_OFFSET_BITS=64 -DHAVE_CONFIG_H -fstack-protector-strong -fpic -fpie -O2 -D_LARGEFILE_SOURCE -D_FILE_OFFSET_BITS=64 -I/usr/src/php/ext/gd/libgd -DZEND_COMPILE_DL_EXT=1 -c /usr/src/php/ext/gd/libgd/gd_pixelate.c -MMD -MF libgd/gd_pixelate.dep -MT libgd/gd_pixelate.lo  -fPIC -DPIC -o libgd/.libs/gd_pixelate.o
#8 647.7  cc -I. -I/usr/src/php/ext/gd -I/usr/src/php/ext/gd/include -I/usr/src/php/ext/gd/main -I/usr/src/php/ext/gd -I/usr/local/include/php -I/usr/local/include/php/main -I/usr/local/include/php/TSRM -I/usr/local/include/php/Zend -I/usr/local/include/php/ext -I/usr/local/include/php/ext/date/lib -I/usr/include/libpng16 -fstack-protector-strong -fpic -fpie -O2 -D_LARGEFILE_SOURCE -D_FILE_OFFSET_BITS=64 -DHAVE_CONFIG_H -fstack-protector-strong -fpic -fpie -O2 -D_LARGEFILE_SOURCE -D_FILE_OFFSET_BITS=64 -I/usr/src/php/ext/gd/libgd -DZEND_COMPILE_DL_EXT=1 -c /usr/src/php/ext/gd/libgd/gd_rotate.c -MMD -MF libgd/gd_rotate.dep -MT libgd/gd_rotate.lo  -fPIC -DPIC -o libgd/.libs/gd_rotate.o
#8 647.9 /bin/bash /usr/src/php/ext/gd/libtool --mode=compile cc -I. -I/usr/src/php/ext/gd -I/usr/src/php/ext/gd/include -I/usr/src/php/ext/gd/main -I/usr/src/php/ext/gd -I/usr/local/include/php -I/usr/local/include/php/main -I/usr/local/include/php/TSRM -I/usr/local/include/php/Zend -I/usr/local/include/php/ext -I/usr/local/include/php/ext/date/lib -I/usr/include/libpng16  -fstack-protector-strong -fpic -fpie -O2 -D_LARGEFILE_SOURCE -D_FILE_OFFSET_BITS=64 -DHAVE_CONFIG_H  -fstack-protector-strong -fpic -fpie -O2 -D_LARGEFILE_SOURCE -D_FILE_OFFSET_BITS=64   -I/usr/src/php/ext/gd/libgd -DZEND_COMPILE_DL_EXT=1 -c /usr/src/php/ext/gd/libgd/gd_transform.c -o libgd/gd_transform.lo  -MMD -MF libgd/gd_transform.dep -MT libgd/gd_transform.lo
#8 648.3  cc -I. -I/usr/src/php/ext/gd -I/usr/src/php/ext/gd/include -I/usr/src/php/ext/gd/main -I/usr/src/php/ext/gd -I/usr/local/include/php -I/usr/local/include/php/main -I/usr/local/include/php/TSRM -I/usr/local/include/php/Zend -I/usr/local/include/php/ext -I/usr/local/include/php/ext/date/lib -I/usr/include/libpng16 -fstack-protector-strong -fpic -fpie -O2 -D_LARGEFILE_SOURCE -D_FILE_OFFSET_BITS=64 -DHAVE_CONFIG_H -fstack-protector-strong -fpic -fpie -O2 -D_LARGEFILE_SOURCE -D_FILE_OFFSET_BITS=64 -I/usr/src/php/ext/gd/libgd -DZEND_COMPILE_DL_EXT=1 -c /usr/src/php/ext/gd/libgd/gd_color_match.c -MMD -MF libgd/gd_color_match.dep -MT libgd/gd_color_match.lo  -fPIC -DPIC -o libgd/.libs/gd_color_match.o
#8 648.5 /bin/bash /usr/src/php/ext/gd/libtool --mode=compile cc -I. -I/usr/src/php/ext/gd -I/usr/src/php/ext/gd/include -I/usr/src/php/ext/gd/main -I/usr/src/php/ext/gd -I/usr/local/include/php -I/usr/local/include/php/main -I/usr/local/include/php/TSRM -I/usr/local/include/php/Zend -I/usr/local/include/php/ext -I/usr/local/include/php/ext/date/lib -I/usr/include/libpng16  -fstack-protector-strong -fpic -fpie -O2 -D_LARGEFILE_SOURCE -D_FILE_OFFSET_BITS=64 -DHAVE_CONFIG_H  -fstack-protector-strong -fpic -fpie -O2 -D_LARGEFILE_SOURCE -D_FILE_OFFSET_BITS=64   -I/usr/src/php/ext/gd/libgd -DZEND_COMPILE_DL_EXT=1 -c /usr/src/php/ext/gd/libgd/gd_crop.c -o libgd/gd_crop.lo  -MMD -MF libgd/gd_crop.dep -MT libgd/gd_crop.lo
#8 648.6 /bin/bash /usr/src/php/ext/gd/libtool --mode=compile cc -I. -I/usr/src/php/ext/gd -I/usr/src/php/ext/gd/include -I/usr/src/php/ext/gd/main -I/usr/src/php/ext/gd -I/usr/local/include/php -I/usr/local/include/php/main -I/usr/local/include/php/TSRM -I/usr/local/include/php/Zend -I/usr/local/include/php/ext -I/usr/local/include/php/ext/date/lib -I/usr/include/libpng16  -fstack-protector-strong -fpic -fpie -O2 -D_LARGEFILE_SOURCE -D_FILE_OFFSET_BITS=64 -DHAVE_CONFIG_H  -fstack-protector-strong -fpic -fpie -O2 -D_LARGEFILE_SOURCE -D_FILE_OFFSET_BITS=64   -I/usr/src/php/ext/gd/libgd -DZEND_COMPILE_DL_EXT=1 -c /usr/src/php/ext/gd/libgd/gd_interpolation.c -o libgd/gd_interpolation.lo  -MMD -MF libgd/gd_interpolation.dep -MT libgd/gd_interpolation.lo
#8 648.8  cc -I. -I/usr/src/php/ext/gd -I/usr/src/php/ext/gd/include -I/usr/src/php/ext/gd/main -I/usr/src/php/ext/gd -I/usr/local/include/php -I/usr/local/include/php/main -I/usr/local/include/php/TSRM -I/usr/local/include/php/Zend -I/usr/local/include/php/ext -I/usr/local/include/php/ext/date/lib -I/usr/include/libpng16 -fstack-protector-strong -fpic -fpie -O2 -D_LARGEFILE_SOURCE -D_FILE_OFFSET_BITS=64 -DHAVE_CONFIG_H -fstack-protector-strong -fpic -fpie -O2 -D_LARGEFILE_SOURCE -D_FILE_OFFSET_BITS=64 -I/usr/src/php/ext/gd/libgd -DZEND_COMPILE_DL_EXT=1 -c /usr/src/php/ext/gd/libgd/gd_transform.c -MMD -MF libgd/gd_transform.dep -MT libgd/gd_transform.lo  -fPIC -DPIC -o libgd/.libs/gd_transform.o
#8 648.9 /bin/bash /usr/src/php/ext/gd/libtool --mode=compile cc -I. -I/usr/src/php/ext/gd -I/usr/src/php/ext/gd/include -I/usr/src/php/ext/gd/main -I/usr/src/php/ext/gd -I/usr/local/include/php -I/usr/local/include/php/main -I/usr/local/include/php/TSRM -I/usr/local/include/php/Zend -I/usr/local/include/php/ext -I/usr/local/include/php/ext/date/lib -I/usr/include/libpng16  -fstack-protector-strong -fpic -fpie -O2 -D_LARGEFILE_SOURCE -D_FILE_OFFSET_BITS=64 -DHAVE_CONFIG_H  -fstack-protector-strong -fpic -fpie -O2 -D_LARGEFILE_SOURCE -D_FILE_OFFSET_BITS=64   -I/usr/src/php/ext/gd/libgd -DZEND_COMPILE_DL_EXT=1 -c /usr/src/php/ext/gd/libgd/gd_matrix.c -o libgd/gd_matrix.lo  -MMD -MF libgd/gd_matrix.dep -MT libgd/gd_matrix.lo
#8 649.3 /bin/bash /usr/src/php/ext/gd/libtool --mode=compile cc -I. -I/usr/src/php/ext/gd -I/usr/src/php/ext/gd/include -I/usr/src/php/ext/gd/main -I/usr/src/php/ext/gd -I/usr/local/include/php -I/usr/local/include/php/main -I/usr/local/include/php/TSRM -I/usr/local/include/php/Zend -I/usr/local/include/php/ext -I/usr/local/include/php/ext/date/lib -I/usr/include/libpng16  -fstack-protector-strong -fpic -fpie -O2 -D_LARGEFILE_SOURCE -D_FILE_OFFSET_BITS=64 -DHAVE_CONFIG_H  -fstack-protector-strong -fpic -fpie -O2 -D_LARGEFILE_SOURCE -D_FILE_OFFSET_BITS=64   -I/usr/src/php/ext/gd/libgd -DZEND_COMPILE_DL_EXT=1 -c /usr/src/php/ext/gd/libgd/gd_bmp.c -o libgd/gd_bmp.lo  -MMD -MF libgd/gd_bmp.dep -MT libgd/gd_bmp.lo
#8 649.5  cc -I. -I/usr/src/php/ext/gd -I/usr/src/php/ext/gd/include -I/usr/src/php/ext/gd/main -I/usr/src/php/ext/gd -I/usr/local/include/php -I/usr/local/include/php/main -I/usr/local/include/php/TSRM -I/usr/local/include/php/Zend -I/usr/local/include/php/ext -I/usr/local/include/php/ext/date/lib -I/usr/include/libpng16 -fstack-protector-strong -fpic -fpie -O2 -D_LARGEFILE_SOURCE -D_FILE_OFFSET_BITS=64 -DHAVE_CONFIG_H -fstack-protector-strong -fpic -fpie -O2 -D_LARGEFILE_SOURCE -D_FILE_OFFSET_BITS=64 -I/usr/src/php/ext/gd/libgd -DZEND_COMPILE_DL_EXT=1 -c /usr/src/php/ext/gd/libgd/gd_crop.c -MMD -MF libgd/gd_crop.dep -MT libgd/gd_crop.lo  -fPIC -DPIC -o libgd/.libs/gd_crop.o
#8 649.7  cc -I. -I/usr/src/php/ext/gd -I/usr/src/php/ext/gd/include -I/usr/src/php/ext/gd/main -I/usr/src/php/ext/gd -I/usr/local/include/php -I/usr/local/include/php/main -I/usr/local/include/php/TSRM -I/usr/local/include/php/Zend -I/usr/local/include/php/ext -I/usr/local/include/php/ext/date/lib -I/usr/include/libpng16 -fstack-protector-strong -fpic -fpie -O2 -D_LARGEFILE_SOURCE -D_FILE_OFFSET_BITS=64 -DHAVE_CONFIG_H -fstack-protector-strong -fpic -fpie -O2 -D_LARGEFILE_SOURCE -D_FILE_OFFSET_BITS=64 -I/usr/src/php/ext/gd/libgd -DZEND_COMPILE_DL_EXT=1 -c /usr/src/php/ext/gd/libgd/gd_interpolation.c -MMD -MF libgd/gd_interpolation.dep -MT libgd/gd_interpolation.lo  -fPIC -DPIC -o libgd/.libs/gd_interpolation.o
#8 649.9  cc -I. -I/usr/src/php/ext/gd -I/usr/src/php/ext/gd/include -I/usr/src/php/ext/gd/main -I/usr/src/php/ext/gd -I/usr/local/include/php -I/usr/local/include/php/main -I/usr/local/include/php/TSRM -I/usr/local/include/php/Zend -I/usr/local/include/php/ext -I/usr/local/include/php/ext/date/lib -I/usr/include/libpng16 -fstack-protector-strong -fpic -fpie -O2 -D_LARGEFILE_SOURCE -D_FILE_OFFSET_BITS=64 -DHAVE_CONFIG_H -fstack-protector-strong -fpic -fpie -O2 -D_LARGEFILE_SOURCE -D_FILE_OFFSET_BITS=64 -I/usr/src/php/ext/gd/libgd -DZEND_COMPILE_DL_EXT=1 -c /usr/src/php/ext/gd/libgd/gd_matrix.c -MMD -MF libgd/gd_matrix.dep -MT libgd/gd_matrix.lo  -fPIC -DPIC -o libgd/.libs/gd_matrix.o
#8 650.0 /bin/bash /usr/src/php/ext/gd/libtool --mode=compile cc -I. -I/usr/src/php/ext/gd -I/usr/src/php/ext/gd/include -I/usr/src/php/ext/gd/main -I/usr/src/php/ext/gd -I/usr/local/include/php -I/usr/local/include/php/main -I/usr/local/include/php/TSRM -I/usr/local/include/php/Zend -I/usr/local/include/php/ext -I/usr/local/include/php/ext/date/lib -I/usr/include/libpng16  -fstack-protector-strong -fpic -fpie -O2 -D_LARGEFILE_SOURCE -D_FILE_OFFSET_BITS=64 -DHAVE_CONFIG_H  -fstack-protector-strong -fpic -fpie -O2 -D_LARGEFILE_SOURCE -D_FILE_OFFSET_BITS=64   -I/usr/src/php/ext/gd/libgd -DZEND_COMPILE_DL_EXT=1 -c /usr/src/php/ext/gd/libgd/gd_tga.c -o libgd/gd_tga.lo  -MMD -MF libgd/gd_tga.dep -MT libgd/gd_tga.lo
#8 650.4  cc -I. -I/usr/src/php/ext/gd -I/usr/src/php/ext/gd/include -I/usr/src/php/ext/gd/main -I/usr/src/php/ext/gd -I/usr/local/include/php -I/usr/local/include/php/main -I/usr/local/include/php/TSRM -I/usr/local/include/php/Zend -I/usr/local/include/php/ext -I/usr/local/include/php/ext/date/lib -I/usr/include/libpng16 -fstack-protector-strong -fpic -fpie -O2 -D_LARGEFILE_SOURCE -D_FILE_OFFSET_BITS=64 -DHAVE_CONFIG_H -fstack-protector-strong -fpic -fpie -O2 -D_LARGEFILE_SOURCE -D_FILE_OFFSET_BITS=64 -I/usr/src/php/ext/gd/libgd -DZEND_COMPILE_DL_EXT=1 -c /usr/src/php/ext/gd/libgd/gd_bmp.c -MMD -MF libgd/gd_bmp.dep -MT libgd/gd_bmp.lo  -fPIC -DPIC -o libgd/.libs/gd_bmp.o
#8 650.7  cc -I. -I/usr/src/php/ext/gd -I/usr/src/php/ext/gd/include -I/usr/src/php/ext/gd/main -I/usr/src/php/ext/gd -I/usr/local/include/php -I/usr/local/include/php/main -I/usr/local/include/php/TSRM -I/usr/local/include/php/Zend -I/usr/local/include/php/ext -I/usr/local/include/php/ext/date/lib -I/usr/include/libpng16 -fstack-protector-strong -fpic -fpie -O2 -D_LARGEFILE_SOURCE -D_FILE_OFFSET_BITS=64 -DHAVE_CONFIG_H -fstack-protector-strong -fpic -fpie -O2 -D_LARGEFILE_SOURCE -D_FILE_OFFSET_BITS=64 -I/usr/src/php/ext/gd/libgd -DZEND_COMPILE_DL_EXT=1 -c /usr/src/php/ext/gd/libgd/gd_tga.c -MMD -MF libgd/gd_tga.dep -MT libgd/gd_tga.lo  -fPIC -DPIC -o libgd/.libs/gd_tga.o
#8 652.5 /bin/bash /usr/src/php/ext/gd/libtool --mode=link cc -shared -I/usr/src/php/ext/gd/include -I/usr/src/php/ext/gd/main -I/usr/src/php/ext/gd -I/usr/local/include/php -I/usr/local/include/php/main -I/usr/local/include/php/TSRM -I/usr/local/include/php/Zend -I/usr/local/include/php/ext -I/usr/local/include/php/ext/date/lib -I/usr/include/libpng16  -fstack-protector-strong -fpic -fpie -O2 -D_LARGEFILE_SOURCE -D_FILE_OFFSET_BITS=64 -DHAVE_CONFIG_H  -fstack-protector-strong -fpic -fpie -O2 -D_LARGEFILE_SOURCE -D_FILE_OFFSET_BITS=64  -Wl,-O1 -pie  -o gd.la -export-dynamic -avoid-version -prefer-pic -module -rpath /usr/src/php/ext/gd/modules  gd.lo libgd/gd.lo libgd/gd_gd.lo libgd/gd_gd2.lo libgd/gd_io.lo libgd/gd_io_dp.lo libgd/gd_io_file.lo libgd/gd_ss.lo libgd/gd_io_ss.lo libgd/gd_webp.lo libgd/gd_avif.lo libgd/gd_png.lo libgd/gd_jpeg.lo libgd/gdxpm.lo libgd/gdfontt.lo libgd/gdfonts.lo libgd/gdfontmb.lo libgd/gdfontl.lo libgd/gdfontg.lo libgd/gdtables.lo libgd/gdft.lo libgd/gdcache.lo libgd/gdkanji.lo libgd/wbmp.lo libgd/gd_wbmp.lo libgd/gdhelpers.lo libgd/gd_topal.lo libgd/gd_gif_in.lo libgd/gd_xbm.lo libgd/gd_gif_out.lo libgd/gd_security.lo libgd/gd_filter.lo libgd/gd_pixelate.lo libgd/gd_rotate.lo libgd/gd_color_match.lo libgd/gd_transform.lo libgd/gd_crop.lo libgd/gd_interpolation.lo libgd/gd_matrix.lo libgd/gd_bmp.lo libgd/gd_tga.lo -lz -lpng16
#8 653.9 cc -shared  .libs/gd.o libgd/.libs/gd.o libgd/.libs/gd_gd.o libgd/.libs/gd_gd2.o libgd/.libs/gd_io.o libgd/.libs/gd_io_dp.o libgd/.libs/gd_io_file.o libgd/.libs/gd_ss.o libgd/.libs/gd_io_ss.o libgd/.libs/gd_webp.o libgd/.libs/gd_avif.o libgd/.libs/gd_png.o libgd/.libs/gd_jpeg.o libgd/.libs/gdxpm.o libgd/.libs/gdfontt.o libgd/.libs/gdfonts.o libgd/.libs/gdfontmb.o libgd/.libs/gdfontl.o libgd/.libs/gdfontg.o libgd/.libs/gdtables.o libgd/.libs/gdft.o libgd/.libs/gdcache.o libgd/.libs/gdkanji.o libgd/.libs/wbmp.o libgd/.libs/gd_wbmp.o libgd/.libs/gdhelpers.o libgd/.libs/gd_topal.o libgd/.libs/gd_gif_in.o libgd/.libs/gd_xbm.o libgd/.libs/gd_gif_out.o libgd/.libs/gd_security.o libgd/.libs/gd_filter.o libgd/.libs/gd_pixelate.o libgd/.libs/gd_rotate.o libgd/.libs/gd_color_match.o libgd/.libs/gd_transform.o libgd/.libs/gd_crop.o libgd/.libs/gd_interpolation.o libgd/.libs/gd_matrix.o libgd/.libs/gd_bmp.o libgd/.libs/gd_tga.o  -lz -lpng16  -Wl,-O1 -Wl,-soname -Wl,gd.so -o .libs/gd.so
#8 654.0 creating gd.la
#8 654.0 (cd .libs && rm -f gd.la && ln -s ../gd.la gd.la)
#8 654.0 /bin/bash /usr/src/php/ext/gd/libtool --mode=install cp ./gd.la /usr/src/php/ext/gd/modules
#8 654.2 cp ./.libs/gd.so /usr/src/php/ext/gd/modules/gd.so
#8 654.2 cp ./.libs/gd.lai /usr/src/php/ext/gd/modules/gd.la
#8 654.3 PATH="$PATH:/sbin" ldconfig -n /usr/src/php/ext/gd/modules
#8 654.3 ----------------------------------------------------------------------
#8 654.3 Libraries have been installed in:
#8 654.3    /usr/src/php/ext/gd/modules
#8 654.3 
#8 654.3 If you ever happen to want to link against installed libraries
#8 654.3 in a given directory, LIBDIR, you must either use libtool, and
#8 654.3 specify the full pathname of the library, or use the `-LLIBDIR'
#8 654.3 flag during linking and do at least one of the following:
#8 654.3    - add LIBDIR to the `LD_LIBRARY_PATH' environment variable
#8 654.3      during execution
#8 654.3    - add LIBDIR to the `LD_RUN_PATH' environment variable
#8 654.3      during linking
#8 654.3    - use the `-Wl,--rpath -Wl,LIBDIR' linker flag
#8 654.3    - have your system administrator add LIBDIR to `/etc/ld.so.conf'
#8 654.3 
#8 654.3 See any operating system documentation about shared libraries for
#8 654.3 more information, such as the ld(1) and ld.so(8) manual pages.
#8 654.3 ----------------------------------------------------------------------
#8 654.3 
#8 654.3 Build complete.
#8 654.3 Don't forget to run 'make test'.
#8 654.3 
#8 654.4 + strip --strip-all modules/gd.so
#8 654.6 Installing shared extensions:     /usr/local/lib/php/extensions/no-debug-non-zts-20210902/
#8 654.9 Installing header files:          /usr/local/include/php/
#8 656.9 find . -name \*.gcno -o -name \*.gcda | xargs rm -f
#8 656.9 find . -name \*.lo -o -name \*.o -o -name \*.dep | xargs rm -f
#8 656.9 find . -name \*.la -o -name \*.a | xargs rm -f
#8 656.9 find . -name \*.so | xargs rm -f
#8 657.0 find . -name .libs -a -type d|xargs rm -rf
#8 657.0 rm -f libphp.la      modules/* libs/*
#8 657.0 rm -f ext/opcache/jit/zend_jit_x86.c
#8 657.0 rm -f ext/opcache/jit/zend_jit_arm64.c
#8 657.0 rm -f ext/opcache/minilua
#8 657.1 Configuring for:
#8 657.1 PHP Api Version:         20210902
#8 657.1 Zend Module Api No:      20210902
#8 657.1 Zend Extension Api No:   420210902
#8 659.5 checking for grep that handles long lines and -e... /usr/bin/grep
#8 659.5 checking for egrep... /usr/bin/grep -E
#8 659.5 checking for a sed that does not truncate output... /usr/bin/sed
#8 659.7 checking for pkg-config... /usr/bin/pkg-config
#8 659.7 checking pkg-config is at least version 0.9.0... yes
#8 659.7 checking for cc... cc
#8 659.8 checking whether the C compiler works... yes
#8 660.0 checking for C compiler default output file name... a.out
#8 660.0 checking for suffix of executables... 
#8 660.1 checking whether we are cross compiling... no
#8 660.2 checking for suffix of object files... o
#8 660.3 checking whether the compiler supports GNU C... yes
#8 660.3 checking whether cc accepts -g... yes
#8 660.4 checking for cc option to enable C11 features... none needed
#8 660.5 checking how to run the C preprocessor... cc -E
#8 660.7 checking for egrep -e... (cached) /usr/bin/grep -E
#8 660.7 checking for icc... no
#8 660.7 checking for suncc... no
#8 660.8 checking for system library directory... lib
#8 660.8 checking if compiler supports -Wl,-rpath,... yes
#8 660.9 checking build system type... x86_64-pc-linux-gnu
#8 660.9 checking host system type... x86_64-pc-linux-gnu
#8 660.9 checking target system type... x86_64-pc-linux-gnu
#8 661.2 checking for PHP prefix... /usr/local
#8 661.2 checking for PHP includes... -I/usr/local/include/php -I/usr/local/include/php/main -I/usr/local/include/php/TSRM -I/usr/local/include/php/Zend -I/usr/local/include/php/ext -I/usr/local/include/php/ext/date/lib
#8 661.2 checking for PHP extension directory... /usr/local/lib/php/extensions/no-debug-non-zts-20210902
#8 661.2 checking for PHP installed headers prefix... /usr/local/include/php
#8 661.2 checking if debug is enabled... no
#8 661.3 checking if zts is enabled... no
#8 661.3 checking for gawk... no
#8 661.3 checking for nawk... nawk
#8 661.3 checking if nawk is broken... no
#8 661.3 checking for MySQL support for PDO... yes, shared
#8 661.3 checking for the location of libz... no
#8 661.3 checking for MySQL UNIX socket location... 
#8 661.3 checking for PDO includes... /usr/local/include/php/ext
#8 661.5 checking for a sed that does not truncate output... /usr/bin/sed
#8 661.5 checking for ld used by cc... /usr/bin/ld
#8 661.5 checking if the linker (/usr/bin/ld) is GNU ld... yes
#8 661.5 checking for /usr/bin/ld option to reload object files... -r
#8 661.5 checking for BSD-compatible nm... /usr/bin/nm -B
#8 661.6 checking whether ln -s works... yes
#8 661.6 checking how to recognize dependent libraries... pass_all
#8 661.7 checking for stdio.h... yes
#8 661.8 checking for stdlib.h... yes
#8 661.9 checking for string.h... yes
#8 662.0 checking for inttypes.h... yes
#8 662.1 checking for stdint.h... yes
#8 662.2 checking for strings.h... yes
#8 662.3 checking for sys/stat.h... yes
#8 662.5 checking for sys/types.h... yes
#8 662.6 checking for unistd.h... yes
#8 662.8 checking for dlfcn.h... yes
#8 662.9 checking the maximum length of command line arguments... 1572864
#8 662.9 checking command to parse /usr/bin/nm -B output from cc object... ok
#8 663.1 checking for objdir... .libs
#8 663.1 checking for ar... ar
#8 663.1 checking for ranlib... ranlib
#8 663.1 checking for strip... strip
#8 663.4 checking if cc supports -fno-rtti -fno-exceptions... no
#8 663.5 checking for cc option to produce PIC... -fPIC
#8 663.5 checking if cc PIC flag -fPIC works... yes
#8 663.6 checking if cc static flag -static works... yes
#8 663.8 checking if cc supports -c -o file.o... yes
#8 663.9 checking whether the cc linker (/usr/bin/ld -m elf_x86_64) supports shared libraries... yes
#8 663.9 checking whether -lc should be explicitly linked in... no
#8 664.0 checking dynamic linker characteristics... GNU/Linux ld.so
#8 664.1 checking how to hardcode library paths into programs... immediate
#8 664.1 checking whether stripping libraries is possible... yes
#8 664.1 checking if libtool supports shared libraries... yes
#8 664.1 checking whether to build shared libraries... yes
#8 664.1 checking whether to build static libraries... no
#8 664.5 
#8 664.5 creating libtool
#8 664.6 appending configuration tag "CXX" to libtool
#8 664.8 configure: patching config.h.in
#8 664.8 configure: creating ./config.status
#8 665.0 config.status: creating config.h
#8 665.1 /bin/bash /usr/src/php/ext/pdo_mysql/libtool --mode=compile cc -I. -I/usr/src/php/ext/pdo_mysql -I/usr/src/php/ext/pdo_mysql/include -I/usr/src/php/ext/pdo_mysql/main -I/usr/src/php/ext/pdo_mysql -I/usr/local/include/php -I/usr/local/include/php/main -I/usr/local/include/php/TSRM -I/usr/local/include/php/Zend -I/usr/local/include/php/ext -I/usr/local/include/php/ext/date/lib  -fstack-protector-strong -fpic -fpie -O2 -D_LARGEFILE_SOURCE -D_FILE_OFFSET_BITS=64 -DHAVE_CONFIG_H  -fstack-protector-strong -fpic -fpie -O2 -D_LARGEFILE_SOURCE -D_FILE_OFFSET_BITS=64   -I/usr/local/include/php/ext -DZEND_ENABLE_STATIC_TSRMLS_CACHE=1 -DZEND_COMPILE_DL_EXT=1 -c /usr/src/php/ext/pdo_mysql/pdo_mysql.c -o pdo_mysql.lo  -MMD -MF pdo_mysql.dep -MT pdo_mysql.lo
#8 665.1 /bin/bash /usr/src/php/ext/pdo_mysql/libtool --mode=compile cc -I. -I/usr/src/php/ext/pdo_mysql -I/usr/src/php/ext/pdo_mysql/include -I/usr/src/php/ext/pdo_mysql/main -I/usr/src/php/ext/pdo_mysql -I/usr/local/include/php -I/usr/local/include/php/main -I/usr/local/include/php/TSRM -I/usr/local/include/php/Zend -I/usr/local/include/php/ext -I/usr/local/include/php/ext/date/lib  -fstack-protector-strong -fpic -fpie -O2 -D_LARGEFILE_SOURCE -D_FILE_OFFSET_BITS=64 -DHAVE_CONFIG_H  -fstack-protector-strong -fpic -fpie -O2 -D_LARGEFILE_SOURCE -D_FILE_OFFSET_BITS=64   -I/usr/local/include/php/ext -DZEND_ENABLE_STATIC_TSRMLS_CACHE=1 -DZEND_COMPILE_DL_EXT=1 -c /usr/src/php/ext/pdo_mysql/mysql_driver.c -o mysql_driver.lo  -MMD -MF mysql_driver.dep -MT mysql_driver.lo
#8 665.1 /bin/bash /usr/src/php/ext/pdo_mysql/libtool --mode=compile cc -I. -I/usr/src/php/ext/pdo_mysql -I/usr/src/php/ext/pdo_mysql/include -I/usr/src/php/ext/pdo_mysql/main -I/usr/src/php/ext/pdo_mysql -I/usr/local/include/php -I/usr/local/include/php/main -I/usr/local/include/php/TSRM -I/usr/local/include/php/Zend -I/usr/local/include/php/ext -I/usr/local/include/php/ext/date/lib  -fstack-protector-strong -fpic -fpie -O2 -D_LARGEFILE_SOURCE -D_FILE_OFFSET_BITS=64 -DHAVE_CONFIG_H  -fstack-protector-strong -fpic -fpie -O2 -D_LARGEFILE_SOURCE -D_FILE_OFFSET_BITS=64   -I/usr/local/include/php/ext -DZEND_ENABLE_STATIC_TSRMLS_CACHE=1 -DZEND_COMPILE_DL_EXT=1 -c /usr/src/php/ext/pdo_mysql/mysql_statement.c -o mysql_statement.lo  -MMD -MF mysql_statement.dep -MT mysql_statement.lo
#8 665.5 mkdir .libs
#8 665.5  cc -I. -I/usr/src/php/ext/pdo_mysql -I/usr/src/php/ext/pdo_mysql/include -I/usr/src/php/ext/pdo_mysql/main -I/usr/src/php/ext/pdo_mysql -I/usr/local/include/php -I/usr/local/include/php/main -I/usr/local/include/php/TSRM -I/usr/local/include/php/Zend -I/usr/local/include/php/ext -I/usr/local/include/php/ext/date/lib -fstack-protector-strong -fpic -fpie -O2 -D_LARGEFILE_SOURCE -D_FILE_OFFSET_BITS=64 -DHAVE_CONFIG_H -fstack-protector-strong -fpic -fpie -O2 -D_LARGEFILE_SOURCE -D_FILE_OFFSET_BITS=64 -I/usr/local/include/php/ext -DZEND_ENABLE_STATIC_TSRMLS_CACHE=1 -DZEND_COMPILE_DL_EXT=1 -c /usr/src/php/ext/pdo_mysql/mysql_statement.c -MMD -MF mysql_statement.dep -MT mysql_statement.lo  -fPIC -DPIC -o .libs/mysql_statement.o
#8 665.5  cc -I. -I/usr/src/php/ext/pdo_mysql -I/usr/src/php/ext/pdo_mysql/include -I/usr/src/php/ext/pdo_mysql/main -I/usr/src/php/ext/pdo_mysql -I/usr/local/include/php -I/usr/local/include/php/main -I/usr/local/include/php/TSRM -I/usr/local/include/php/Zend -I/usr/local/include/php/ext -I/usr/local/include/php/ext/date/lib -fstack-protector-strong -fpic -fpie -O2 -D_LARGEFILE_SOURCE -D_FILE_OFFSET_BITS=64 -DHAVE_CONFIG_H -fstack-protector-strong -fpic -fpie -O2 -D_LARGEFILE_SOURCE -D_FILE_OFFSET_BITS=64 -I/usr/local/include/php/ext -DZEND_ENABLE_STATIC_TSRMLS_CACHE=1 -DZEND_COMPILE_DL_EXT=1 -c /usr/src/php/ext/pdo_mysql/mysql_driver.c -MMD -MF mysql_driver.dep -MT mysql_driver.lo  -fPIC -DPIC -o .libs/mysql_driver.o
#8 665.6  cc -I. -I/usr/src/php/ext/pdo_mysql -I/usr/src/php/ext/pdo_mysql/include -I/usr/src/php/ext/pdo_mysql/main -I/usr/src/php/ext/pdo_mysql -I/usr/local/include/php -I/usr/local/include/php/main -I/usr/local/include/php/TSRM -I/usr/local/include/php/Zend -I/usr/local/include/php/ext -I/usr/local/include/php/ext/date/lib -fstack-protector-strong -fpic -fpie -O2 -D_LARGEFILE_SOURCE -D_FILE_OFFSET_BITS=64 -DHAVE_CONFIG_H -fstack-protector-strong -fpic -fpie -O2 -D_LARGEFILE_SOURCE -D_FILE_OFFSET_BITS=64 -I/usr/local/include/php/ext -DZEND_ENABLE_STATIC_TSRMLS_CACHE=1 -DZEND_COMPILE_DL_EXT=1 -c /usr/src/php/ext/pdo_mysql/pdo_mysql.c -MMD -MF pdo_mysql.dep -MT pdo_mysql.lo  -fPIC -DPIC -o .libs/pdo_mysql.o
#8 666.3 /bin/bash /usr/src/php/ext/pdo_mysql/libtool --mode=link cc -shared -I/usr/src/php/ext/pdo_mysql/include -I/usr/src/php/ext/pdo_mysql/main -I/usr/src/php/ext/pdo_mysql -I/usr/local/include/php -I/usr/local/include/php/main -I/usr/local/include/php/TSRM -I/usr/local/include/php/Zend -I/usr/local/include/php/ext -I/usr/local/include/php/ext/date/lib  -fstack-protector-strong -fpic -fpie -O2 -D_LARGEFILE_SOURCE -D_FILE_OFFSET_BITS=64 -DHAVE_CONFIG_H  -fstack-protector-strong -fpic -fpie -O2 -D_LARGEFILE_SOURCE -D_FILE_OFFSET_BITS=64  -Wl,-O1 -pie  -o pdo_mysql.la -export-dynamic -avoid-version -prefer-pic -module -rpath /usr/src/php/ext/pdo_mysql/modules  pdo_mysql.lo mysql_driver.lo mysql_statement.lo 
#8 666.7 cc -shared  .libs/pdo_mysql.o .libs/mysql_driver.o .libs/mysql_statement.o   -Wl,-O1 -Wl,-soname -Wl,pdo_mysql.so -o .libs/pdo_mysql.so
#8 666.7 creating pdo_mysql.la
#8 666.7 (cd .libs && rm -f pdo_mysql.la && ln -s ../pdo_mysql.la pdo_mysql.la)
#8 666.8 /bin/bash /usr/src/php/ext/pdo_mysql/libtool --mode=install cp ./pdo_mysql.la /usr/src/php/ext/pdo_mysql/modules
#8 666.8 cp ./.libs/pdo_mysql.so /usr/src/php/ext/pdo_mysql/modules/pdo_mysql.so
#8 666.8 cp ./.libs/pdo_mysql.lai /usr/src/php/ext/pdo_mysql/modules/pdo_mysql.la
#8 666.9 PATH="$PATH:/sbin" ldconfig -n /usr/src/php/ext/pdo_mysql/modules
#8 666.9 ----------------------------------------------------------------------
#8 666.9 Libraries have been installed in:
#8 666.9    /usr/src/php/ext/pdo_mysql/modules
#8 666.9 
#8 666.9 If you ever happen to want to link against installed libraries
#8 666.9 in a given directory, LIBDIR, you must either use libtool, and
#8 666.9 specify the full pathname of the library, or use the `-LLIBDIR'
#8 666.9 flag during linking and do at least one of the following:
#8 666.9    - add LIBDIR to the `LD_LIBRARY_PATH' environment variable
#8 666.9      during execution
#8 666.9    - add LIBDIR to the `LD_RUN_PATH' environment variable
#8 666.9      during linking
#8 666.9    - use the `-Wl,--rpath -Wl,LIBDIR' linker flag
#8 666.9    - have your system administrator add LIBDIR to `/etc/ld.so.conf'
#8 666.9 
#8 666.9 See any operating system documentation about shared libraries for
#8 666.9 more information, such as the ld(1) and ld.so(8) manual pages.
#8 666.9 ----------------------------------------------------------------------
#8 666.9 
#8 666.9 Build complete.
#8 666.9 Don't forget to run 'make test'.
#8 666.9 
#8 667.0 + strip --strip-all modules/pdo_mysql.so
#8 667.0 Installing shared extensions:     /usr/local/lib/php/extensions/no-debug-non-zts-20210902/
#8 667.3 find . -name \*.gcno -o -name \*.gcda | xargs rm -f
#8 667.3 find . -name \*.lo -o -name \*.o -o -name \*.dep | xargs rm -f
#8 667.3 find . -name \*.la -o -name \*.a | xargs rm -f
#8 667.4 find . -name \*.so | xargs rm -f
#8 667.4 find . -name .libs -a -type d|xargs rm -rf
#8 667.4 rm -f libphp.la      modules/* libs/*
#8 667.4 rm -f ext/opcache/jit/zend_jit_x86.c
#8 667.4 rm -f ext/opcache/jit/zend_jit_arm64.c
#8 667.4 rm -f ext/opcache/minilua
#8 667.5 Configuring for:
#8 667.5 PHP Api Version:         20210902
#8 667.5 Zend Module Api No:      20210902
#8 667.5 Zend Extension Api No:   420210902
#8 669.7 checking for grep that handles long lines and -e... /usr/bin/grep
#8 669.7 checking for egrep... /usr/bin/grep -E
#8 669.7 checking for a sed that does not truncate output... /usr/bin/sed
#8 669.8 checking for pkg-config... /usr/bin/pkg-config
#8 669.8 checking pkg-config is at least version 0.9.0... yes
#8 669.8 checking for cc... cc
#8 669.9 checking whether the C compiler works... yes
#8 670.0 checking for C compiler default output file name... a.out
#8 670.1 checking for suffix of executables... 
#8 670.2 checking whether we are cross compiling... no
#8 670.3 checking for suffix of object files... o
#8 670.4 checking whether the compiler supports GNU C... yes
#8 670.5 checking whether cc accepts -g... yes
#8 670.5 checking for cc option to enable C11 features... none needed
#8 670.7 checking how to run the C preprocessor... cc -E
#8 670.8 checking for egrep -e... (cached) /usr/bin/grep -E
#8 670.8 checking for icc... no
#8 670.9 checking for suncc... no
#8 670.9 checking for system library directory... lib
#8 670.9 checking if compiler supports -Wl,-rpath,... yes
#8 671.0 checking build system type... x86_64-pc-linux-gnu
#8 671.1 checking host system type... x86_64-pc-linux-gnu
#8 671.1 checking target system type... x86_64-pc-linux-gnu
#8 671.3 checking for PHP prefix... /usr/local
#8 671.3 checking for PHP includes... -I/usr/local/include/php -I/usr/local/include/php/main -I/usr/local/include/php/TSRM -I/usr/local/include/php/Zend -I/usr/local/include/php/ext -I/usr/local/include/php/ext/date/lib
#8 671.3 checking for PHP extension directory... /usr/local/lib/php/extensions/no-debug-non-zts-20210902
#8 671.3 checking for PHP installed headers prefix... /usr/local/include/php
#8 671.3 checking if debug is enabled... no
#8 671.4 checking if zts is enabled... no
#8 671.5 checking for gawk... no
#8 671.5 checking for nawk... nawk
#8 671.5 checking if nawk is broken... no
#8 671.5 checking for MySQLi support... yes, shared
#8 671.5 checking for specified location of the MySQL UNIX socket... no
#8 671.5 checking for MySQL UNIX socket location... no
#8 671.5 checking for a sed that does not truncate output... /usr/bin/sed
#8 671.6 checking for ld used by cc... /usr/bin/ld
#8 671.6 checking if the linker (/usr/bin/ld) is GNU ld... yes
#8 671.6 checking for /usr/bin/ld option to reload object files... -r
#8 671.6 checking for BSD-compatible nm... /usr/bin/nm -B
#8 671.7 checking whether ln -s works... yes
#8 671.7 checking how to recognize dependent libraries... pass_all
#8 671.8 checking for stdio.h... yes
#8 671.8 checking for stdlib.h... yes
#8 671.9 checking for string.h... yes
#8 672.0 checking for inttypes.h... yes
#8 672.1 checking for stdint.h... yes
#8 672.1 checking for strings.h... yes
#8 672.2 checking for sys/stat.h... yes
#8 672.3 checking for sys/types.h... yes
#8 672.4 checking for unistd.h... yes
#8 672.5 checking for dlfcn.h... yes
#8 672.6 checking the maximum length of command line arguments... 1572864
#8 672.6 checking command to parse /usr/bin/nm -B output from cc object... ok
#8 672.8 checking for objdir... .libs
#8 672.9 checking for ar... ar
#8 672.9 checking for ranlib... ranlib
#8 672.9 checking for strip... strip
#8 673.1 checking if cc supports -fno-rtti -fno-exceptions... no
#8 673.2 checking for cc option to produce PIC... -fPIC
#8 673.2 checking if cc PIC flag -fPIC works... yes
#8 673.3 checking if cc static flag -static works... yes
#8 673.6 checking if cc supports -c -o file.o... yes
#8 673.8 checking whether the cc linker (/usr/bin/ld -m elf_x86_64) supports shared libraries... yes
#8 673.9 checking whether -lc should be explicitly linked in... no
#8 674.0 checking dynamic linker characteristics... GNU/Linux ld.so
#8 674.0 checking how to hardcode library paths into programs... immediate
#8 674.0 checking whether stripping libraries is possible... yes
#8 674.1 checking if libtool supports shared libraries... yes
#8 674.1 checking whether to build shared libraries... yes
#8 674.1 checking whether to build static libraries... no
#8 674.9 
#8 674.9 creating libtool
#8 675.0 appending configuration tag "CXX" to libtool
#8 675.3 configure: patching config.h.in
#8 675.3 configure: creating ./config.status
#8 675.5 config.status: creating config.h
#8 675.7 /bin/bash /usr/src/php/ext/mysqli/libtool --mode=compile cc -I. -I/usr/src/php/ext/mysqli -I/usr/src/php/ext/mysqli/include -I/usr/src/php/ext/mysqli/main -I/usr/src/php/ext/mysqli -I/usr/local/include/php -I/usr/local/include/php/main -I/usr/local/include/php/TSRM -I/usr/local/include/php/Zend -I/usr/local/include/php/ext -I/usr/local/include/php/ext/date/lib  -fstack-protector-strong -fpic -fpie -O2 -D_LARGEFILE_SOURCE -D_FILE_OFFSET_BITS=64 -DHAVE_CONFIG_H  -fstack-protector-strong -fpic -fpie -O2 -D_LARGEFILE_SOURCE -D_FILE_OFFSET_BITS=64   -DZEND_ENABLE_STATIC_TSRMLS_CACHE=1 -DZEND_COMPILE_DL_EXT=1 -c /usr/src/php/ext/mysqli/mysqli.c -o mysqli.lo  -MMD -MF mysqli.dep -MT mysqli.lo
#8 675.7 /bin/bash /usr/src/php/ext/mysqli/libtool --mode=compile cc -I. -I/usr/src/php/ext/mysqli -I/usr/src/php/ext/mysqli/include -I/usr/src/php/ext/mysqli/main -I/usr/src/php/ext/mysqli -I/usr/local/include/php -I/usr/local/include/php/main -I/usr/local/include/php/TSRM -I/usr/local/include/php/Zend -I/usr/local/include/php/ext -I/usr/local/include/php/ext/date/lib  -fstack-protector-strong -fpic -fpie -O2 -D_LARGEFILE_SOURCE -D_FILE_OFFSET_BITS=64 -DHAVE_CONFIG_H  -fstack-protector-strong -fpic -fpie -O2 -D_LARGEFILE_SOURCE -D_FILE_OFFSET_BITS=64   -DZEND_ENABLE_STATIC_TSRMLS_CACHE=1 -DZEND_COMPILE_DL_EXT=1 -c /usr/src/php/ext/mysqli/mysqli_api.c -o mysqli_api.lo  -MMD -MF mysqli_api.dep -MT mysqli_api.lo
#8 675.7 /bin/bash /usr/src/php/ext/mysqli/libtool --mode=compile cc -I. -I/usr/src/php/ext/mysqli -I/usr/src/php/ext/mysqli/include -I/usr/src/php/ext/mysqli/main -I/usr/src/php/ext/mysqli -I/usr/local/include/php -I/usr/local/include/php/main -I/usr/local/include/php/TSRM -I/usr/local/include/php/Zend -I/usr/local/include/php/ext -I/usr/local/include/php/ext/date/lib  -fstack-protector-strong -fpic -fpie -O2 -D_LARGEFILE_SOURCE -D_FILE_OFFSET_BITS=64 -DHAVE_CONFIG_H  -fstack-protector-strong -fpic -fpie -O2 -D_LARGEFILE_SOURCE -D_FILE_OFFSET_BITS=64   -DZEND_ENABLE_STATIC_TSRMLS_CACHE=1 -DZEND_COMPILE_DL_EXT=1 -c /usr/src/php/ext/mysqli/mysqli_prop.c -o mysqli_prop.lo  -MMD -MF mysqli_prop.dep -MT mysqli_prop.lo
#8 675.7 /bin/bash /usr/src/php/ext/mysqli/libtool --mode=compile cc -I. -I/usr/src/php/ext/mysqli -I/usr/src/php/ext/mysqli/include -I/usr/src/php/ext/mysqli/main -I/usr/src/php/ext/mysqli -I/usr/local/include/php -I/usr/local/include/php/main -I/usr/local/include/php/TSRM -I/usr/local/include/php/Zend -I/usr/local/include/php/ext -I/usr/local/include/php/ext/date/lib  -fstack-protector-strong -fpic -fpie -O2 -D_LARGEFILE_SOURCE -D_FILE_OFFSET_BITS=64 -DHAVE_CONFIG_H  -fstack-protector-strong -fpic -fpie -O2 -D_LARGEFILE_SOURCE -D_FILE_OFFSET_BITS=64   -DZEND_ENABLE_STATIC_TSRMLS_CACHE=1 -DZEND_COMPILE_DL_EXT=1 -c /usr/src/php/ext/mysqli/mysqli_nonapi.c -o mysqli_nonapi.lo  -MMD -MF mysqli_nonapi.dep -MT mysqli_nonapi.lo
#8 676.4 mkdir .libs
#8 676.4  cc -I. -I/usr/src/php/ext/mysqli -I/usr/src/php/ext/mysqli/include -I/usr/src/php/ext/mysqli/main -I/usr/src/php/ext/mysqli -I/usr/local/include/php -I/usr/local/include/php/main -I/usr/local/include/php/TSRM -I/usr/local/include/php/Zend -I/usr/local/include/php/ext -I/usr/local/include/php/ext/date/lib -fstack-protector-strong -fpic -fpie -O2 -D_LARGEFILE_SOURCE -D_FILE_OFFSET_BITS=64 -DHAVE_CONFIG_H -fstack-protector-strong -fpic -fpie -O2 -D_LARGEFILE_SOURCE -D_FILE_OFFSET_BITS=64 -DZEND_ENABLE_STATIC_TSRMLS_CACHE=1 -DZEND_COMPILE_DL_EXT=1 -c /usr/src/php/ext/mysqli/mysqli.c -MMD -MF mysqli.dep -MT mysqli.lo  -fPIC -DPIC -o .libs/mysqli.o
#8 676.4  cc -I. -I/usr/src/php/ext/mysqli -I/usr/src/php/ext/mysqli/include -I/usr/src/php/ext/mysqli/main -I/usr/src/php/ext/mysqli -I/usr/local/include/php -I/usr/local/include/php/main -I/usr/local/include/php/TSRM -I/usr/local/include/php/Zend -I/usr/local/include/php/ext -I/usr/local/include/php/ext/date/lib -fstack-protector-strong -fpic -fpie -O2 -D_LARGEFILE_SOURCE -D_FILE_OFFSET_BITS=64 -DHAVE_CONFIG_H -fstack-protector-strong -fpic -fpie -O2 -D_LARGEFILE_SOURCE -D_FILE_OFFSET_BITS=64 -DZEND_ENABLE_STATIC_TSRMLS_CACHE=1 -DZEND_COMPILE_DL_EXT=1 -c /usr/src/php/ext/mysqli/mysqli_nonapi.c -MMD -MF mysqli_nonapi.dep -MT mysqli_nonapi.lo  -fPIC -DPIC -o .libs/mysqli_nonapi.o
#8 676.5  cc -I. -I/usr/src/php/ext/mysqli -I/usr/src/php/ext/mysqli/include -I/usr/src/php/ext/mysqli/main -I/usr/src/php/ext/mysqli -I/usr/local/include/php -I/usr/local/include/php/main -I/usr/local/include/php/TSRM -I/usr/local/include/php/Zend -I/usr/local/include/php/ext -I/usr/local/include/php/ext/date/lib -fstack-protector-strong -fpic -fpie -O2 -D_LARGEFILE_SOURCE -D_FILE_OFFSET_BITS=64 -DHAVE_CONFIG_H -fstack-protector-strong -fpic -fpie -O2 -D_LARGEFILE_SOURCE -D_FILE_OFFSET_BITS=64 -DZEND_ENABLE_STATIC_TSRMLS_CACHE=1 -DZEND_COMPILE_DL_EXT=1 -c /usr/src/php/ext/mysqli/mysqli_prop.c -MMD -MF mysqli_prop.dep -MT mysqli_prop.lo  -fPIC -DPIC -o .libs/mysqli_prop.o
#8 676.6  cc -I. -I/usr/src/php/ext/mysqli -I/usr/src/php/ext/mysqli/include -I/usr/src/php/ext/mysqli/main -I/usr/src/php/ext/mysqli -I/usr/local/include/php -I/usr/local/include/php/main -I/usr/local/include/php/TSRM -I/usr/local/include/php/Zend -I/usr/local/include/php/ext -I/usr/local/include/php/ext/date/lib -fstack-protector-strong -fpic -fpie -O2 -D_LARGEFILE_SOURCE -D_FILE_OFFSET_BITS=64 -DHAVE_CONFIG_H -fstack-protector-strong -fpic -fpie -O2 -D_LARGEFILE_SOURCE -D_FILE_OFFSET_BITS=64 -DZEND_ENABLE_STATIC_TSRMLS_CACHE=1 -DZEND_COMPILE_DL_EXT=1 -c /usr/src/php/ext/mysqli/mysqli_api.c -MMD -MF mysqli_api.dep -MT mysqli_api.lo  -fPIC -DPIC -o .libs/mysqli_api.o
#8 678.0 /bin/bash /usr/src/php/ext/mysqli/libtool --mode=compile cc -I. -I/usr/src/php/ext/mysqli -I/usr/src/php/ext/mysqli/include -I/usr/src/php/ext/mysqli/main -I/usr/src/php/ext/mysqli -I/usr/local/include/php -I/usr/local/include/php/main -I/usr/local/include/php/TSRM -I/usr/local/include/php/Zend -I/usr/local/include/php/ext -I/usr/local/include/php/ext/date/lib  -fstack-protector-strong -fpic -fpie -O2 -D_LARGEFILE_SOURCE -D_FILE_OFFSET_BITS=64 -DHAVE_CONFIG_H  -fstack-protector-strong -fpic -fpie -O2 -D_LARGEFILE_SOURCE -D_FILE_OFFSET_BITS=64   -DZEND_ENABLE_STATIC_TSRMLS_CACHE=1 -DZEND_COMPILE_DL_EXT=1 -c /usr/src/php/ext/mysqli/mysqli_report.c -o mysqli_report.lo  -MMD -MF mysqli_report.dep -MT mysqli_report.lo
#8 678.7 /bin/bash /usr/src/php/ext/mysqli/libtool --mode=compile cc -I. -I/usr/src/php/ext/mysqli -I/usr/src/php/ext/mysqli/include -I/usr/src/php/ext/mysqli/main -I/usr/src/php/ext/mysqli -I/usr/local/include/php -I/usr/local/include/php/main -I/usr/local/include/php/TSRM -I/usr/local/include/php/Zend -I/usr/local/include/php/ext -I/usr/local/include/php/ext/date/lib  -fstack-protector-strong -fpic -fpie -O2 -D_LARGEFILE_SOURCE -D_FILE_OFFSET_BITS=64 -DHAVE_CONFIG_H  -fstack-protector-strong -fpic -fpie -O2 -D_LARGEFILE_SOURCE -D_FILE_OFFSET_BITS=64   -DZEND_ENABLE_STATIC_TSRMLS_CACHE=1 -DZEND_COMPILE_DL_EXT=1 -c /usr/src/php/ext/mysqli/mysqli_driver.c -o mysqli_driver.lo  -MMD -MF mysqli_driver.dep -MT mysqli_driver.lo
#8 679.1  cc -I. -I/usr/src/php/ext/mysqli -I/usr/src/php/ext/mysqli/include -I/usr/src/php/ext/mysqli/main -I/usr/src/php/ext/mysqli -I/usr/local/include/php -I/usr/local/include/php/main -I/usr/local/include/php/TSRM -I/usr/local/include/php/Zend -I/usr/local/include/php/ext -I/usr/local/include/php/ext/date/lib -fstack-protector-strong -fpic -fpie -O2 -D_LARGEFILE_SOURCE -D_FILE_OFFSET_BITS=64 -DHAVE_CONFIG_H -fstack-protector-strong -fpic -fpie -O2 -D_LARGEFILE_SOURCE -D_FILE_OFFSET_BITS=64 -DZEND_ENABLE_STATIC_TSRMLS_CACHE=1 -DZEND_COMPILE_DL_EXT=1 -c /usr/src/php/ext/mysqli/mysqli_report.c -MMD -MF mysqli_report.dep -MT mysqli_report.lo  -fPIC -DPIC -o .libs/mysqli_report.o
#8 679.4 /bin/bash /usr/src/php/ext/mysqli/libtool --mode=compile cc -I. -I/usr/src/php/ext/mysqli -I/usr/src/php/ext/mysqli/include -I/usr/src/php/ext/mysqli/main -I/usr/src/php/ext/mysqli -I/usr/local/include/php -I/usr/local/include/php/main -I/usr/local/include/php/TSRM -I/usr/local/include/php/Zend -I/usr/local/include/php/ext -I/usr/local/include/php/ext/date/lib  -fstack-protector-strong -fpic -fpie -O2 -D_LARGEFILE_SOURCE -D_FILE_OFFSET_BITS=64 -DHAVE_CONFIG_H  -fstack-protector-strong -fpic -fpie -O2 -D_LARGEFILE_SOURCE -D_FILE_OFFSET_BITS=64   -DZEND_ENABLE_STATIC_TSRMLS_CACHE=1 -DZEND_COMPILE_DL_EXT=1 -c /usr/src/php/ext/mysqli/mysqli_warning.c -o mysqli_warning.lo  -MMD -MF mysqli_warning.dep -MT mysqli_warning.lo
#8 679.7  cc -I. -I/usr/src/php/ext/mysqli -I/usr/src/php/ext/mysqli/include -I/usr/src/php/ext/mysqli/main -I/usr/src/php/ext/mysqli -I/usr/local/include/php -I/usr/local/include/php/main -I/usr/local/include/php/TSRM -I/usr/local/include/php/Zend -I/usr/local/include/php/ext -I/usr/local/include/php/ext/date/lib -fstack-protector-strong -fpic -fpie -O2 -D_LARGEFILE_SOURCE -D_FILE_OFFSET_BITS=64 -DHAVE_CONFIG_H -fstack-protector-strong -fpic -fpie -O2 -D_LARGEFILE_SOURCE -D_FILE_OFFSET_BITS=64 -DZEND_ENABLE_STATIC_TSRMLS_CACHE=1 -DZEND_COMPILE_DL_EXT=1 -c /usr/src/php/ext/mysqli/mysqli_driver.c -MMD -MF mysqli_driver.dep -MT mysqli_driver.lo  -fPIC -DPIC -o .libs/mysqli_driver.o
#8 680.0 /bin/bash /usr/src/php/ext/mysqli/libtool --mode=compile cc -I. -I/usr/src/php/ext/mysqli -I/usr/src/php/ext/mysqli/include -I/usr/src/php/ext/mysqli/main -I/usr/src/php/ext/mysqli -I/usr/local/include/php -I/usr/local/include/php/main -I/usr/local/include/php/TSRM -I/usr/local/include/php/Zend -I/usr/local/include/php/ext -I/usr/local/include/php/ext/date/lib  -fstack-protector-strong -fpic -fpie -O2 -D_LARGEFILE_SOURCE -D_FILE_OFFSET_BITS=64 -DHAVE_CONFIG_H  -fstack-protector-strong -fpic -fpie -O2 -D_LARGEFILE_SOURCE -D_FILE_OFFSET_BITS=64   -DZEND_ENABLE_STATIC_TSRMLS_CACHE=1 -DZEND_COMPILE_DL_EXT=1 -c /usr/src/php/ext/mysqli/mysqli_exception.c -o mysqli_exception.lo  -MMD -MF mysqli_exception.dep -MT mysqli_exception.lo
#8 680.4 /bin/bash /usr/src/php/ext/mysqli/libtool --mode=compile cc -I. -I/usr/src/php/ext/mysqli -I/usr/src/php/ext/mysqli/include -I/usr/src/php/ext/mysqli/main -I/usr/src/php/ext/mysqli -I/usr/local/include/php -I/usr/local/include/php/main -I/usr/local/include/php/TSRM -I/usr/local/include/php/Zend -I/usr/local/include/php/ext -I/usr/local/include/php/ext/date/lib  -fstack-protector-strong -fpic -fpie -O2 -D_LARGEFILE_SOURCE -D_FILE_OFFSET_BITS=64 -DHAVE_CONFIG_H  -fstack-protector-strong -fpic -fpie -O2 -D_LARGEFILE_SOURCE -D_FILE_OFFSET_BITS=64   -DZEND_ENABLE_STATIC_TSRMLS_CACHE=1 -DZEND_COMPILE_DL_EXT=1 -c /usr/src/php/ext/mysqli/mysqli_result_iterator.c -o mysqli_result_iterator.lo  -MMD -MF mysqli_result_iterator.dep -MT mysqli_result_iterator.lo
#8 680.5  cc -I. -I/usr/src/php/ext/mysqli -I/usr/src/php/ext/mysqli/include -I/usr/src/php/ext/mysqli/main -I/usr/src/php/ext/mysqli -I/usr/local/include/php -I/usr/local/include/php/main -I/usr/local/include/php/TSRM -I/usr/local/include/php/Zend -I/usr/local/include/php/ext -I/usr/local/include/php/ext/date/lib -fstack-protector-strong -fpic -fpie -O2 -D_LARGEFILE_SOURCE -D_FILE_OFFSET_BITS=64 -DHAVE_CONFIG_H -fstack-protector-strong -fpic -fpie -O2 -D_LARGEFILE_SOURCE -D_FILE_OFFSET_BITS=64 -DZEND_ENABLE_STATIC_TSRMLS_CACHE=1 -DZEND_COMPILE_DL_EXT=1 -c /usr/src/php/ext/mysqli/mysqli_warning.c -MMD -MF mysqli_warning.dep -MT mysqli_warning.lo  -fPIC -DPIC -o .libs/mysqli_warning.o
#8 680.8  cc -I. -I/usr/src/php/ext/mysqli -I/usr/src/php/ext/mysqli/include -I/usr/src/php/ext/mysqli/main -I/usr/src/php/ext/mysqli -I/usr/local/include/php -I/usr/local/include/php/main -I/usr/local/include/php/TSRM -I/usr/local/include/php/Zend -I/usr/local/include/php/ext -I/usr/local/include/php/ext/date/lib -fstack-protector-strong -fpic -fpie -O2 -D_LARGEFILE_SOURCE -D_FILE_OFFSET_BITS=64 -DHAVE_CONFIG_H -fstack-protector-strong -fpic -fpie -O2 -D_LARGEFILE_SOURCE -D_FILE_OFFSET_BITS=64 -DZEND_ENABLE_STATIC_TSRMLS_CACHE=1 -DZEND_COMPILE_DL_EXT=1 -c /usr/src/php/ext/mysqli/mysqli_exception.c -MMD -MF mysqli_exception.dep -MT mysqli_exception.lo  -fPIC -DPIC -o .libs/mysqli_exception.o
#8 681.4  cc -I. -I/usr/src/php/ext/mysqli -I/usr/src/php/ext/mysqli/include -I/usr/src/php/ext/mysqli/main -I/usr/src/php/ext/mysqli -I/usr/local/include/php -I/usr/local/include/php/main -I/usr/local/include/php/TSRM -I/usr/local/include/php/Zend -I/usr/local/include/php/ext -I/usr/local/include/php/ext/date/lib -fstack-protector-strong -fpic -fpie -O2 -D_LARGEFILE_SOURCE -D_FILE_OFFSET_BITS=64 -DHAVE_CONFIG_H -fstack-protector-strong -fpic -fpie -O2 -D_LARGEFILE_SOURCE -D_FILE_OFFSET_BITS=64 -DZEND_ENABLE_STATIC_TSRMLS_CACHE=1 -DZEND_COMPILE_DL_EXT=1 -c /usr/src/php/ext/mysqli/mysqli_result_iterator.c -MMD -MF mysqli_result_iterator.dep -MT mysqli_result_iterator.lo  -fPIC -DPIC -o .libs/mysqli_result_iterator.o
#8 681.9 /bin/bash /usr/src/php/ext/mysqli/libtool --mode=link cc -shared -I/usr/src/php/ext/mysqli/include -I/usr/src/php/ext/mysqli/main -I/usr/src/php/ext/mysqli -I/usr/local/include/php -I/usr/local/include/php/main -I/usr/local/include/php/TSRM -I/usr/local/include/php/Zend -I/usr/local/include/php/ext -I/usr/local/include/php/ext/date/lib  -fstack-protector-strong -fpic -fpie -O2 -D_LARGEFILE_SOURCE -D_FILE_OFFSET_BITS=64 -DHAVE_CONFIG_H  -fstack-protector-strong -fpic -fpie -O2 -D_LARGEFILE_SOURCE -D_FILE_OFFSET_BITS=64  -Wl,-O1 -pie  -o mysqli.la -export-dynamic -avoid-version -prefer-pic -module -rpath /usr/src/php/ext/mysqli/modules  mysqli.lo mysqli_api.lo mysqli_prop.lo mysqli_nonapi.lo mysqli_report.lo mysqli_driver.lo mysqli_warning.lo mysqli_exception.lo mysqli_result_iterator.lo 
#8 682.6 cc -shared  .libs/mysqli.o .libs/mysqli_api.o .libs/mysqli_prop.o .libs/mysqli_nonapi.o .libs/mysqli_report.o .libs/mysqli_driver.o .libs/mysqli_warning.o .libs/mysqli_exception.o .libs/mysqli_result_iterator.o   -Wl,-O1 -Wl,-soname -Wl,mysqli.so -o .libs/mysqli.so
#8 682.7 creating mysqli.la
#8 682.8 (cd .libs && rm -f mysqli.la && ln -s ../mysqli.la mysqli.la)
#8 682.8 /bin/bash /usr/src/php/ext/mysqli/libtool --mode=install cp ./mysqli.la /usr/src/php/ext/mysqli/modules
#8 682.9 cp ./.libs/mysqli.so /usr/src/php/ext/mysqli/modules/mysqli.so
#8 682.9 cp ./.libs/mysqli.lai /usr/src/php/ext/mysqli/modules/mysqli.la
#8 683.0 PATH="$PATH:/sbin" ldconfig -n /usr/src/php/ext/mysqli/modules
#8 683.0 ----------------------------------------------------------------------
#8 683.0 Libraries have been installed in:
#8 683.0    /usr/src/php/ext/mysqli/modules
#8 683.0 
#8 683.0 If you ever happen to want to link against installed libraries
#8 683.0 in a given directory, LIBDIR, you must either use libtool, and
#8 683.0 specify the full pathname of the library, or use the `-LLIBDIR'
#8 683.0 flag during linking and do at least one of the following:
#8 683.0    - add LIBDIR to the `LD_LIBRARY_PATH' environment variable
#8 683.0      during execution
#8 683.0    - add LIBDIR to the `LD_RUN_PATH' environment variable
#8 683.0      during linking
#8 683.0    - use the `-Wl,--rpath -Wl,LIBDIR' linker flag
#8 683.0    - have your system administrator add LIBDIR to `/etc/ld.so.conf'
#8 683.0 
#8 683.0 See any operating system documentation about shared libraries for
#8 683.0 more information, such as the ld(1) and ld.so(8) manual pages.
#8 683.0 ----------------------------------------------------------------------
#8 683.1 
#8 683.1 Build complete.
#8 683.1 Don't forget to run 'make test'.
#8 683.1 
#8 683.1 + strip --strip-all modules/mysqli.so
#8 683.3 Installing shared extensions:     /usr/local/lib/php/extensions/no-debug-non-zts-20210902/
#8 683.8 Installing header files:          /usr/local/include/php/
#8 684.1 find . -name \*.gcno -o -name \*.gcda | xargs rm -f
#8 684.1 find . -name \*.lo -o -name \*.o -o -name \*.dep | xargs rm -f
#8 684.2 find . -name \*.la -o -name \*.a | xargs rm -f
#8 684.2 find . -name \*.so | xargs rm -f
#8 684.2 find . -name .libs -a -type d|xargs rm -rf
#8 684.2 rm -f libphp.la      modules/* libs/*
#8 684.2 rm -f ext/opcache/jit/zend_jit_x86.c
#8 684.2 rm -f ext/opcache/jit/zend_jit_arm64.c
#8 684.3 rm -f ext/opcache/minilua
#8 684.4 Configuring for:
#8 684.4 PHP Api Version:         20210902
#8 684.4 Zend Module Api No:      20210902
#8 684.4 Zend Extension Api No:   420210902
#8 686.4 checking for grep that handles long lines and -e... /usr/bin/grep
#8 686.5 checking for egrep... /usr/bin/grep -E
#8 686.5 checking for a sed that does not truncate output... /usr/bin/sed
#8 686.6 checking for pkg-config... /usr/bin/pkg-config
#8 686.6 checking pkg-config is at least version 0.9.0... yes
#8 686.6 checking for cc... cc
#8 686.7 checking whether the C compiler works... yes
#8 686.8 checking for C compiler default output file name... a.out
#8 686.8 checking for suffix of executables... 
#8 686.9 checking whether we are cross compiling... no
#8 687.0 checking for suffix of object files... o
#8 687.0 checking whether the compiler supports GNU C... yes
#8 687.1 checking whether cc accepts -g... yes
#8 687.1 checking for cc option to enable C11 features... none needed
#8 687.2 checking how to run the C preprocessor... cc -E
#8 687.4 checking for egrep -e... (cached) /usr/bin/grep -E
#8 687.4 checking for icc... no
#8 687.4 checking for suncc... no
#8 687.5 checking for system library directory... lib
#8 687.5 checking if compiler supports -Wl,-rpath,... yes
#8 687.6 checking build system type... x86_64-pc-linux-gnu
#8 687.6 checking host system type... x86_64-pc-linux-gnu
#8 687.6 checking target system type... x86_64-pc-linux-gnu
#8 687.7 checking for PHP prefix... /usr/local
#8 687.7 checking for PHP includes... -I/usr/local/include/php -I/usr/local/include/php/main -I/usr/local/include/php/TSRM -I/usr/local/include/php/Zend -I/usr/local/include/php/ext -I/usr/local/include/php/ext/date/lib
#8 687.7 checking for PHP extension directory... /usr/local/lib/php/extensions/no-debug-non-zts-20210902
#8 687.7 checking for PHP installed headers prefix... /usr/local/include/php
#8 687.7 checking if debug is enabled... no
#8 687.8 checking if zts is enabled... no
#8 687.8 checking for gawk... no
#8 687.8 checking for nawk... nawk
#8 687.8 checking if nawk is broken... no
#8 687.8 checking for zip archive read/write support... yes, shared
#8 687.8 checking for libzip >= 0.11 libzip != 1.3.1 libzip != 1.7.0... yes
#8 687.8 checking for zip_file_set_mtime in -lzip... yes
#8 688.0 checking for zip_file_set_encryption in -lzip... yes
#8 688.2 checking for zip_libzip_version in -lzip... yes
#8 688.3 checking for zip_register_progress_callback_with_state in -lzip... yes
#8 688.5 checking for zip_register_cancel_callback_with_state in -lzip... yes
#8 688.6 checking for zip_compression_method_supported in -lzip... yes
#8 688.8 checking for a sed that does not truncate output... /usr/bin/sed
#8 688.8 checking for ld used by cc... /usr/bin/ld
#8 688.8 checking if the linker (/usr/bin/ld) is GNU ld... yes
#8 688.9 checking for /usr/bin/ld option to reload object files... -r
#8 688.9 checking for BSD-compatible nm... /usr/bin/nm -B
#8 688.9 checking whether ln -s works... yes
#8 688.9 checking how to recognize dependent libraries... pass_all
#8 688.9 checking for stdio.h... yes
#8 689.0 checking for stdlib.h... yes
#8 689.1 checking for string.h... yes
#8 689.1 checking for inttypes.h... yes
#8 689.2 checking for stdint.h... yes
#8 689.3 checking for strings.h... yes
#8 689.4 checking for sys/stat.h... yes
#8 689.5 checking for sys/types.h... yes
#8 689.5 checking for unistd.h... yes
#8 689.6 checking for dlfcn.h... yes
#8 689.7 checking the maximum length of command line arguments... 1572864
#8 689.7 checking command to parse /usr/bin/nm -B output from cc object... ok
#8 689.9 checking for objdir... .libs
#8 689.9 checking for ar... ar
#8 689.9 checking for ranlib... ranlib
#8 689.9 checking for strip... strip
#8 690.1 checking if cc supports -fno-rtti -fno-exceptions... no
#8 690.2 checking for cc option to produce PIC... -fPIC
#8 690.2 checking if cc PIC flag -fPIC works... yes
#8 690.3 checking if cc static flag -static works... yes
#8 690.5 checking if cc supports -c -o file.o... yes
#8 690.6 checking whether the cc linker (/usr/bin/ld -m elf_x86_64) supports shared libraries... yes
#8 690.7 checking whether -lc should be explicitly linked in... no
#8 690.8 checking dynamic linker characteristics... GNU/Linux ld.so
#8 690.9 checking how to hardcode library paths into programs... immediate
#8 690.9 checking whether stripping libraries is possible... yes
#8 690.9 checking if libtool supports shared libraries... yes
#8 690.9 checking whether to build shared libraries... yes
#8 690.9 checking whether to build static libraries... no
#8 691.8 
#8 691.8 creating libtool
#8 691.9 appending configuration tag "CXX" to libtool
#8 692.1 configure: patching config.h.in
#8 692.2 configure: creating ./config.status
#8 692.5 config.status: creating config.h
#8 692.7 /bin/bash /usr/src/php/ext/zip/libtool --mode=compile cc -I. -I/usr/src/php/ext/zip -I/usr/src/php/ext/zip/include -I/usr/src/php/ext/zip/main -I/usr/src/php/ext/zip -I/usr/local/include/php -I/usr/local/include/php/main -I/usr/local/include/php/TSRM -I/usr/local/include/php/Zend -I/usr/local/include/php/ext -I/usr/local/include/php/ext/date/lib  -fstack-protector-strong -fpic -fpie -O2 -D_LARGEFILE_SOURCE -D_FILE_OFFSET_BITS=64 -DHAVE_CONFIG_H  -fstack-protector-strong -fpic -fpie -O2 -D_LARGEFILE_SOURCE -D_FILE_OFFSET_BITS=64    -DZEND_COMPILE_DL_EXT=1 -c /usr/src/php/ext/zip/php_zip.c -o php_zip.lo  -MMD -MF php_zip.dep -MT php_zip.lo
#8 692.7 /bin/bash /usr/src/php/ext/zip/libtool --mode=compile cc -I. -I/usr/src/php/ext/zip -I/usr/src/php/ext/zip/include -I/usr/src/php/ext/zip/main -I/usr/src/php/ext/zip -I/usr/local/include/php -I/usr/local/include/php/main -I/usr/local/include/php/TSRM -I/usr/local/include/php/Zend -I/usr/local/include/php/ext -I/usr/local/include/php/ext/date/lib  -fstack-protector-strong -fpic -fpie -O2 -D_LARGEFILE_SOURCE -D_FILE_OFFSET_BITS=64 -DHAVE_CONFIG_H  -fstack-protector-strong -fpic -fpie -O2 -D_LARGEFILE_SOURCE -D_FILE_OFFSET_BITS=64    -DZEND_COMPILE_DL_EXT=1 -c /usr/src/php/ext/zip/zip_stream.c -o zip_stream.lo  -MMD -MF zip_stream.dep -MT zip_stream.lo
#8 693.3 mkdir .libs
#8 693.3  cc -I. -I/usr/src/php/ext/zip -I/usr/src/php/ext/zip/include -I/usr/src/php/ext/zip/main -I/usr/src/php/ext/zip -I/usr/local/include/php -I/usr/local/include/php/main -I/usr/local/include/php/TSRM -I/usr/local/include/php/Zend -I/usr/local/include/php/ext -I/usr/local/include/php/ext/date/lib -fstack-protector-strong -fpic -fpie -O2 -D_LARGEFILE_SOURCE -D_FILE_OFFSET_BITS=64 -DHAVE_CONFIG_H -fstack-protector-strong -fpic -fpie -O2 -D_LARGEFILE_SOURCE -D_FILE_OFFSET_BITS=64 -DZEND_COMPILE_DL_EXT=1 -c /usr/src/php/ext/zip/zip_stream.c -MMD -MF zip_stream.dep -MT zip_stream.lo  -fPIC -DPIC -o .libs/zip_stream.o
#8 693.3  cc -I. -I/usr/src/php/ext/zip -I/usr/src/php/ext/zip/include -I/usr/src/php/ext/zip/main -I/usr/src/php/ext/zip -I/usr/local/include/php -I/usr/local/include/php/main -I/usr/local/include/php/TSRM -I/usr/local/include/php/Zend -I/usr/local/include/php/ext -I/usr/local/include/php/ext/date/lib -fstack-protector-strong -fpic -fpie -O2 -D_LARGEFILE_SOURCE -D_FILE_OFFSET_BITS=64 -DHAVE_CONFIG_H -fstack-protector-strong -fpic -fpie -O2 -D_LARGEFILE_SOURCE -D_FILE_OFFSET_BITS=64 -DZEND_COMPILE_DL_EXT=1 -c /usr/src/php/ext/zip/php_zip.c -MMD -MF php_zip.dep -MT php_zip.lo  -fPIC -DPIC -o .libs/php_zip.o
#8 695.9 /bin/bash /usr/src/php/ext/zip/libtool --mode=link cc -shared -I/usr/src/php/ext/zip/include -I/usr/src/php/ext/zip/main -I/usr/src/php/ext/zip -I/usr/local/include/php -I/usr/local/include/php/main -I/usr/local/include/php/TSRM -I/usr/local/include/php/Zend -I/usr/local/include/php/ext -I/usr/local/include/php/ext/date/lib  -fstack-protector-strong -fpic -fpie -O2 -D_LARGEFILE_SOURCE -D_FILE_OFFSET_BITS=64 -DHAVE_CONFIG_H  -fstack-protector-strong -fpic -fpie -O2 -D_LARGEFILE_SOURCE -D_FILE_OFFSET_BITS=64  -Wl,-O1 -pie  -o zip.la -export-dynamic -avoid-version -prefer-pic -module -rpath /usr/src/php/ext/zip/modules  php_zip.lo zip_stream.lo -lzip
#8 696.4 cc -shared  .libs/php_zip.o .libs/zip_stream.o  -lzip  -Wl,-O1 -Wl,-soname -Wl,zip.so -o .libs/zip.so
#8 696.4 creating zip.la
#8 696.5 (cd .libs && rm -f zip.la && ln -s ../zip.la zip.la)
#8 696.5 /bin/bash /usr/src/php/ext/zip/libtool --mode=install cp ./zip.la /usr/src/php/ext/zip/modules
#8 696.6 cp ./.libs/zip.so /usr/src/php/ext/zip/modules/zip.so
#8 696.6 cp ./.libs/zip.lai /usr/src/php/ext/zip/modules/zip.la
#8 696.7 PATH="$PATH:/sbin" ldconfig -n /usr/src/php/ext/zip/modules
#8 696.7 ----------------------------------------------------------------------
#8 696.7 Libraries have been installed in:
#8 696.7    /usr/src/php/ext/zip/modules
#8 696.7 
#8 696.7 If you ever happen to want to link against installed libraries
#8 696.7 in a given directory, LIBDIR, you must either use libtool, and
#8 696.7 specify the full pathname of the library, or use the `-LLIBDIR'
#8 696.7 flag during linking and do at least one of the following:
#8 696.7    - add LIBDIR to the `LD_LIBRARY_PATH' environment variable
#8 696.7      during execution
#8 696.7    - add LIBDIR to the `LD_RUN_PATH' environment variable
#8 696.7      during linking
#8 696.7    - use the `-Wl,--rpath -Wl,LIBDIR' linker flag
#8 696.7    - have your system administrator add LIBDIR to `/etc/ld.so.conf'
#8 696.7 
#8 696.7 See any operating system documentation about shared libraries for
#8 696.7 more information, such as the ld(1) and ld.so(8) manual pages.
#8 696.7 ----------------------------------------------------------------------
#8 696.7 
#8 696.7 Build complete.
#8 696.7 Don't forget to run 'make test'.
#8 696.7 
#8 696.8 + strip --strip-all modules/zip.so
#8 696.9 Installing shared extensions:     /usr/local/lib/php/extensions/no-debug-non-zts-20210902/
#8 697.2 find . -name \*.gcno -o -name \*.gcda | xargs rm -f
#8 697.2 find . -name \*.lo -o -name \*.o -o -name \*.dep | xargs rm -f
#8 697.3 find . -name \*.la -o -name \*.a | xargs rm -f
#8 697.3 find . -name \*.so | xargs rm -f
#8 697.3 find . -name .libs -a -type d|xargs rm -rf
#8 697.3 rm -f libphp.la      modules/* libs/*
#8 697.3 rm -f ext/opcache/jit/zend_jit_x86.c
#8 697.3 rm -f ext/opcache/jit/zend_jit_arm64.c
#8 697.3 rm -f ext/opcache/minilua
#8 697.4 Configuring for:
#8 697.4 PHP Api Version:         20210902
#8 697.4 Zend Module Api No:      20210902
#8 697.4 Zend Extension Api No:   420210902
#8 699.6 checking for grep that handles long lines and -e... /usr/bin/grep
#8 699.6 checking for egrep... /usr/bin/grep -E
#8 699.6 checking for a sed that does not truncate output... /usr/bin/sed
#8 699.7 checking for pkg-config... /usr/bin/pkg-config
#8 699.7 checking pkg-config is at least version 0.9.0... yes
#8 699.7 checking for cc... cc
#8 699.9 checking whether the C compiler works... yes
#8 700.0 checking for C compiler default output file name... a.out
#8 700.0 checking for suffix of executables... 
#8 700.1 checking whether we are cross compiling... no
#8 700.2 checking for suffix of object files... o
#8 700.3 checking whether the compiler supports GNU C... yes
#8 700.4 checking whether cc accepts -g... yes
#8 700.5 checking for cc option to enable C11 features... none needed
#8 700.6 checking how to run the C preprocessor... cc -E
#8 700.8 checking for egrep -e... (cached) /usr/bin/grep -E
#8 700.8 checking for icc... no
#8 700.8 checking for suncc... no
#8 700.9 checking for system library directory... lib
#8 700.9 checking if compiler supports -Wl,-rpath,... yes
#8 701.0 checking build system type... x86_64-pc-linux-gnu
#8 701.0 checking host system type... x86_64-pc-linux-gnu
#8 701.0 checking target system type... x86_64-pc-linux-gnu
#8 701.3 checking for PHP prefix... /usr/local
#8 701.3 checking for PHP includes... -I/usr/local/include/php -I/usr/local/include/php/main -I/usr/local/include/php/TSRM -I/usr/local/include/php/Zend -I/usr/local/include/php/ext -I/usr/local/include/php/ext/date/lib
#8 701.3 checking for PHP extension directory... /usr/local/lib/php/extensions/no-debug-non-zts-20210902
#8 701.3 checking for PHP installed headers prefix... /usr/local/include/php
#8 701.3 checking if debug is enabled... no
#8 701.3 checking if zts is enabled... no
#8 701.4 checking for gawk... no
#8 701.4 checking for nawk... nawk
#8 701.4 checking if nawk is broken... no
#8 701.4 checking whether to enable pcntl support... yes, shared
#8 701.4 checking for fork... yes
#8 701.6 checking for waitpid... yes
#8 701.8 checking for sigaction... yes
#8 702.0 checking for getpriority... yes
#8 702.1 checking for setpriority... yes
#8 702.3 checking for wait3... yes
#8 702.4 checking for wait4... yes
#8 702.6 checking for sigwaitinfo... yes
#8 702.7 checking for sigtimedwait... yes
#8 702.8 checking for unshare... yes
#8 703.0 checking for rfork... no
#8 703.2 checking for siginfo_t... yes
#8 703.3 checking for a sed that does not truncate output... /usr/bin/sed
#8 703.3 checking for ld used by cc... /usr/bin/ld
#8 703.3 checking if the linker (/usr/bin/ld) is GNU ld... yes
#8 703.3 checking for /usr/bin/ld option to reload object files... -r
#8 703.3 checking for BSD-compatible nm... /usr/bin/nm -B
#8 703.4 checking whether ln -s works... yes
#8 703.4 checking how to recognize dependent libraries... pass_all
#8 703.5 checking for stdio.h... yes
#8 703.5 checking for stdlib.h... yes
#8 703.6 checking for string.h... yes
#8 703.7 checking for inttypes.h... yes
#8 703.8 checking for stdint.h... yes
#8 703.9 checking for strings.h... yes
#8 703.9 checking for sys/stat.h... yes
#8 704.0 checking for sys/types.h... yes
#8 704.1 checking for unistd.h... yes
#8 704.2 checking for dlfcn.h... yes
#8 704.3 checking the maximum length of command line arguments... 1572864
#8 704.3 checking command to parse /usr/bin/nm -B output from cc object... ok
#8 704.5 checking for objdir... .libs
#8 704.5 checking for ar... ar
#8 704.5 checking for ranlib... ranlib
#8 704.5 checking for strip... strip
#8 704.7 checking if cc supports -fno-rtti -fno-exceptions... no
#8 704.8 checking for cc option to produce PIC... -fPIC
#8 704.8 checking if cc PIC flag -fPIC works... yes
#8 704.9 checking if cc static flag -static works... yes
#8 705.0 checking if cc supports -c -o file.o... yes
#8 705.2 checking whether the cc linker (/usr/bin/ld -m elf_x86_64) supports shared libraries... yes
#8 705.2 checking whether -lc should be explicitly linked in... no
#8 705.3 checking dynamic linker characteristics... GNU/Linux ld.so
#8 705.4 checking how to hardcode library paths into programs... immediate
#8 705.4 checking whether stripping libraries is possible... yes
#8 705.4 checking if libtool supports shared libraries... yes
#8 705.4 checking whether to build shared libraries... yes
#8 705.4 checking whether to build static libraries... no
#8 706.1 
#8 706.1 creating libtool
#8 706.2 appending configuration tag "CXX" to libtool
#8 706.5 configure: patching config.h.in
#8 706.5 configure: creating ./config.status
#8 706.8 config.status: creating config.h
#8 707.0 /bin/bash /usr/src/php/ext/pcntl/libtool --mode=compile cc -I. -I/usr/src/php/ext/pcntl -I/usr/src/php/ext/pcntl/include -I/usr/src/php/ext/pcntl/main -I/usr/src/php/ext/pcntl -I/usr/local/include/php -I/usr/local/include/php/main -I/usr/local/include/php/TSRM -I/usr/local/include/php/Zend -I/usr/local/include/php/ext -I/usr/local/include/php/ext/date/lib  -fstack-protector-strong -fpic -fpie -O2 -D_LARGEFILE_SOURCE -D_FILE_OFFSET_BITS=64 -DHAVE_CONFIG_H  -fstack-protector-strong -fpic -fpie -O2 -D_LARGEFILE_SOURCE -D_FILE_OFFSET_BITS=64   -DHAVE_STRUCT_SIGINFO_T -DZEND_ENABLE_STATIC_TSRMLS_CACHE=1 -DZEND_COMPILE_DL_EXT=1 -c /usr/src/php/ext/pcntl/pcntl.c -o pcntl.lo  -MMD -MF pcntl.dep -MT pcntl.lo
#8 707.0 /bin/bash /usr/src/php/ext/pcntl/libtool --mode=compile cc -I. -I/usr/src/php/ext/pcntl -I/usr/src/php/ext/pcntl/include -I/usr/src/php/ext/pcntl/main -I/usr/src/php/ext/pcntl -I/usr/local/include/php -I/usr/local/include/php/main -I/usr/local/include/php/TSRM -I/usr/local/include/php/Zend -I/usr/local/include/php/ext -I/usr/local/include/php/ext/date/lib  -fstack-protector-strong -fpic -fpie -O2 -D_LARGEFILE_SOURCE -D_FILE_OFFSET_BITS=64 -DHAVE_CONFIG_H  -fstack-protector-strong -fpic -fpie -O2 -D_LARGEFILE_SOURCE -D_FILE_OFFSET_BITS=64   -DHAVE_STRUCT_SIGINFO_T -DZEND_ENABLE_STATIC_TSRMLS_CACHE=1 -DZEND_COMPILE_DL_EXT=1 -c /usr/src/php/ext/pcntl/php_signal.c -o php_signal.lo  -MMD -MF php_signal.dep -MT php_signal.lo
#8 707.5 mkdir .libs
#8 707.5  cc -I. -I/usr/src/php/ext/pcntl -I/usr/src/php/ext/pcntl/include -I/usr/src/php/ext/pcntl/main -I/usr/src/php/ext/pcntl -I/usr/local/include/php -I/usr/local/include/php/main -I/usr/local/include/php/TSRM -I/usr/local/include/php/Zend -I/usr/local/include/php/ext -I/usr/local/include/php/ext/date/lib -fstack-protector-strong -fpic -fpie -O2 -D_LARGEFILE_SOURCE -D_FILE_OFFSET_BITS=64 -DHAVE_CONFIG_H -fstack-protector-strong -fpic -fpie -O2 -D_LARGEFILE_SOURCE -D_FILE_OFFSET_BITS=64 -DHAVE_STRUCT_SIGINFO_T -DZEND_ENABLE_STATIC_TSRMLS_CACHE=1 -DZEND_COMPILE_DL_EXT=1 -c /usr/src/php/ext/pcntl/pcntl.c -MMD -MF pcntl.dep -MT pcntl.lo  -fPIC -DPIC -o .libs/pcntl.o
#8 707.5  cc -I. -I/usr/src/php/ext/pcntl -I/usr/src/php/ext/pcntl/include -I/usr/src/php/ext/pcntl/main -I/usr/src/php/ext/pcntl -I/usr/local/include/php -I/usr/local/include/php/main -I/usr/local/include/php/TSRM -I/usr/local/include/php/Zend -I/usr/local/include/php/ext -I/usr/local/include/php/ext/date/lib -fstack-protector-strong -fpic -fpie -O2 -D_LARGEFILE_SOURCE -D_FILE_OFFSET_BITS=64 -DHAVE_CONFIG_H -fstack-protector-strong -fpic -fpie -O2 -D_LARGEFILE_SOURCE -D_FILE_OFFSET_BITS=64 -DHAVE_STRUCT_SIGINFO_T -DZEND_ENABLE_STATIC_TSRMLS_CACHE=1 -DZEND_COMPILE_DL_EXT=1 -c /usr/src/php/ext/pcntl/php_signal.c -MMD -MF php_signal.dep -MT php_signal.lo  -fPIC -DPIC -o .libs/php_signal.o
#8 708.5 /bin/bash /usr/src/php/ext/pcntl/libtool --mode=link cc -shared -I/usr/src/php/ext/pcntl/include -I/usr/src/php/ext/pcntl/main -I/usr/src/php/ext/pcntl -I/usr/local/include/php -I/usr/local/include/php/main -I/usr/local/include/php/TSRM -I/usr/local/include/php/Zend -I/usr/local/include/php/ext -I/usr/local/include/php/ext/date/lib  -fstack-protector-strong -fpic -fpie -O2 -D_LARGEFILE_SOURCE -D_FILE_OFFSET_BITS=64 -DHAVE_CONFIG_H  -fstack-protector-strong -fpic -fpie -O2 -D_LARGEFILE_SOURCE -D_FILE_OFFSET_BITS=64  -Wl,-O1 -pie  -o pcntl.la -export-dynamic -avoid-version -prefer-pic -module -rpath /usr/src/php/ext/pcntl/modules  pcntl.lo php_signal.lo 
#8 709.3 cc -shared  .libs/pcntl.o .libs/php_signal.o   -Wl,-O1 -Wl,-soname -Wl,pcntl.so -o .libs/pcntl.so
#8 709.3 creating pcntl.la
#8 709.4 (cd .libs && rm -f pcntl.la && ln -s ../pcntl.la pcntl.la)
#8 709.4 /bin/bash /usr/src/php/ext/pcntl/libtool --mode=install cp ./pcntl.la /usr/src/php/ext/pcntl/modules
#8 709.5 cp ./.libs/pcntl.so /usr/src/php/ext/pcntl/modules/pcntl.so
#8 709.5 cp ./.libs/pcntl.lai /usr/src/php/ext/pcntl/modules/pcntl.la
#8 709.6 PATH="$PATH:/sbin" ldconfig -n /usr/src/php/ext/pcntl/modules
#8 709.6 ----------------------------------------------------------------------
#8 709.6 Libraries have been installed in:
#8 709.6    /usr/src/php/ext/pcntl/modules
#8 709.6 
#8 709.6 If you ever happen to want to link against installed libraries
#8 709.6 in a given directory, LIBDIR, you must either use libtool, and
#8 709.6 specify the full pathname of the library, or use the `-LLIBDIR'
#8 709.6 flag during linking and do at least one of the following:
#8 709.6    - add LIBDIR to the `LD_LIBRARY_PATH' environment variable
#8 709.6      during execution
#8 709.6    - add LIBDIR to the `LD_RUN_PATH' environment variable
#8 709.6      during linking
#8 709.6    - use the `-Wl,--rpath -Wl,LIBDIR' linker flag
#8 709.6    - have your system administrator add LIBDIR to `/etc/ld.so.conf'
#8 709.6 
#8 709.6 See any operating system documentation about shared libraries for
#8 709.6 more information, such as the ld(1) and ld.so(8) manual pages.
#8 709.6 ----------------------------------------------------------------------
#8 709.7 
#8 709.7 Build complete.
#8 709.7 Don't forget to run 'make test'.
#8 709.7 
#8 709.7 + strip --strip-all modules/pcntl.so
#8 709.8 Installing shared extensions:     /usr/local/lib/php/extensions/no-debug-non-zts-20210902/
#8 710.0 find . -name \*.gcno -o -name \*.gcda | xargs rm -f
#8 710.0 find . -name \*.lo -o -name \*.o -o -name \*.dep | xargs rm -f
#8 710.1 find . -name \*.la -o -name \*.a | xargs rm -f
#8 710.1 find . -name \*.so | xargs rm -f
#8 710.1 find . -name .libs -a -type d|xargs rm -rf
#8 710.1 rm -f libphp.la      modules/* libs/*
#8 710.1 rm -f ext/opcache/jit/zend_jit_x86.c
#8 710.1 rm -f ext/opcache/jit/zend_jit_arm64.c
#8 710.1 rm -f ext/opcache/minilua
#8 710.3 Configuring for:
#8 710.3 PHP Api Version:         20210902
#8 710.3 Zend Module Api No:      20210902
#8 710.3 Zend Extension Api No:   420210902
#8 712.6 checking for grep that handles long lines and -e... /usr/bin/grep
#8 712.6 checking for egrep... /usr/bin/grep -E
#8 712.6 checking for a sed that does not truncate output... /usr/bin/sed
#8 712.7 checking for pkg-config... /usr/bin/pkg-config
#8 712.7 checking pkg-config is at least version 0.9.0... yes
#8 712.7 checking for cc... cc
#8 712.9 checking whether the C compiler works... yes
#8 713.0 checking for C compiler default output file name... a.out
#8 713.0 checking for suffix of executables... 
#8 713.1 checking whether we are cross compiling... no
#8 713.2 checking for suffix of object files... o
#8 713.3 checking whether the compiler supports GNU C... yes
#8 713.4 checking whether cc accepts -g... yes
#8 713.4 checking for cc option to enable C11 features... none needed
#8 713.6 checking how to run the C preprocessor... cc -E
#8 713.8 checking for egrep -e... (cached) /usr/bin/grep -E
#8 713.8 checking for icc... no
#8 713.8 checking for suncc... no
#8 713.9 checking for system library directory... lib
#8 713.9 checking if compiler supports -Wl,-rpath,... yes
#8 714.0 checking build system type... x86_64-pc-linux-gnu
#8 714.1 checking host system type... x86_64-pc-linux-gnu
#8 714.1 checking target system type... x86_64-pc-linux-gnu
#8 714.3 checking for PHP prefix... /usr/local
#8 714.3 checking for PHP includes... -I/usr/local/include/php -I/usr/local/include/php/main -I/usr/local/include/php/TSRM -I/usr/local/include/php/Zend -I/usr/local/include/php/ext -I/usr/local/include/php/ext/date/lib
#8 714.3 checking for PHP extension directory... /usr/local/lib/php/extensions/no-debug-non-zts-20210902
#8 714.3 checking for PHP installed headers prefix... /usr/local/include/php
#8 714.3 checking if debug is enabled... no
#8 714.3 checking if zts is enabled... no
#8 714.4 checking for gawk... no
#8 714.4 checking for nawk... nawk
#8 714.4 checking if nawk is broken... no
#8 714.4 checking for sodium support... yes, shared
#8 714.4 checking for libsodium >= 1.0.8... yes
#8 714.4 checking whether C compiler accepts -Wno-logical-op... yes
#8 714.6 checking for a sed that does not truncate output... /usr/bin/sed
#8 714.6 checking for ld used by cc... /usr/bin/ld
#8 714.6 checking if the linker (/usr/bin/ld) is GNU ld... yes
#8 714.6 checking for /usr/bin/ld option to reload object files... -r
#8 714.6 checking for BSD-compatible nm... /usr/bin/nm -B
#8 714.7 checking whether ln -s works... yes
#8 714.7 checking how to recognize dependent libraries... pass_all
#8 714.7 checking for stdio.h... yes
#8 714.8 checking for stdlib.h... yes
#8 714.8 checking for string.h... yes
#8 714.9 checking for inttypes.h... yes
#8 715.0 checking for stdint.h... yes
#8 715.0 checking for strings.h... yes
#8 715.1 checking for sys/stat.h... yes
#8 715.2 checking for sys/types.h... yes
#8 715.3 checking for unistd.h... yes
#8 715.4 checking for dlfcn.h... yes
#8 715.4 checking the maximum length of command line arguments... 1572864
#8 715.5 checking command to parse /usr/bin/nm -B output from cc object... ok
#8 715.7 checking for objdir... .libs
#8 715.7 checking for ar... ar
#8 715.7 checking for ranlib... ranlib
#8 715.7 checking for strip... strip
#8 715.8 checking if cc supports -fno-rtti -fno-exceptions... no
#8 715.9 checking for cc option to produce PIC... -fPIC
#8 715.9 checking if cc PIC flag -fPIC works... yes
#8 716.0 checking if cc static flag -static works... yes
#8 716.2 checking if cc supports -c -o file.o... yes
#8 716.2 checking whether the cc linker (/usr/bin/ld -m elf_x86_64) supports shared libraries... yes
#8 716.3 checking whether -lc should be explicitly linked in... no
#8 716.4 checking dynamic linker characteristics... GNU/Linux ld.so
#8 716.5 checking how to hardcode library paths into programs... immediate
#8 716.5 checking whether stripping libraries is possible... yes
#8 716.5 checking if libtool supports shared libraries... yes
#8 716.5 checking whether to build shared libraries... yes
#8 716.5 checking whether to build static libraries... no
#8 717.1 
#8 717.1 creating libtool
#8 717.2 appending configuration tag "CXX" to libtool
#8 717.5 configure: patching config.h.in
#8 717.5 configure: creating ./config.status
#8 717.8 config.status: creating config.h
#8 718.0 /bin/bash /usr/src/php/ext/sodium/libtool --mode=compile cc -I. -I/usr/src/php/ext/sodium -I/usr/src/php/ext/sodium/include -I/usr/src/php/ext/sodium/main -I/usr/src/php/ext/sodium -I/usr/local/include/php -I/usr/local/include/php/main -I/usr/local/include/php/TSRM -I/usr/local/include/php/Zend -I/usr/local/include/php/ext -I/usr/local/include/php/ext/date/lib  -fstack-protector-strong -fpic -fpie -O2 -D_LARGEFILE_SOURCE -D_FILE_OFFSET_BITS=64 -DHAVE_CONFIG_H  -fstack-protector-strong -fpic -fpie -O2 -D_LARGEFILE_SOURCE -D_FILE_OFFSET_BITS=64    -Wno-type-limits -Wno-logical-op -DZEND_COMPILE_DL_EXT=1 -c /usr/src/php/ext/sodium/libsodium.c -o libsodium.lo  -MMD -MF libsodium.dep -MT libsodium.lo
#8 718.0 /bin/bash /usr/src/php/ext/sodium/libtool --mode=compile cc -I. -I/usr/src/php/ext/sodium -I/usr/src/php/ext/sodium/include -I/usr/src/php/ext/sodium/main -I/usr/src/php/ext/sodium -I/usr/local/include/php -I/usr/local/include/php/main -I/usr/local/include/php/TSRM -I/usr/local/include/php/Zend -I/usr/local/include/php/ext -I/usr/local/include/php/ext/date/lib  -fstack-protector-strong -fpic -fpie -O2 -D_LARGEFILE_SOURCE -D_FILE_OFFSET_BITS=64 -DHAVE_CONFIG_H  -fstack-protector-strong -fpic -fpie -O2 -D_LARGEFILE_SOURCE -D_FILE_OFFSET_BITS=64    -Wno-type-limits -Wno-logical-op -DZEND_COMPILE_DL_EXT=1 -c /usr/src/php/ext/sodium/sodium_pwhash.c -o sodium_pwhash.lo  -MMD -MF sodium_pwhash.dep -MT sodium_pwhash.lo
#8 718.5 mkdir .libs
#8 718.5  cc -I. -I/usr/src/php/ext/sodium -I/usr/src/php/ext/sodium/include -I/usr/src/php/ext/sodium/main -I/usr/src/php/ext/sodium -I/usr/local/include/php -I/usr/local/include/php/main -I/usr/local/include/php/TSRM -I/usr/local/include/php/Zend -I/usr/local/include/php/ext -I/usr/local/include/php/ext/date/lib -fstack-protector-strong -fpic -fpie -O2 -D_LARGEFILE_SOURCE -D_FILE_OFFSET_BITS=64 -DHAVE_CONFIG_H -fstack-protector-strong -fpic -fpie -O2 -D_LARGEFILE_SOURCE -D_FILE_OFFSET_BITS=64 -Wno-type-limits -Wno-logical-op -DZEND_COMPILE_DL_EXT=1 -c /usr/src/php/ext/sodium/libsodium.c -MMD -MF libsodium.dep -MT libsodium.lo  -fPIC -DPIC -o .libs/libsodium.o
#8 718.5  cc -I. -I/usr/src/php/ext/sodium -I/usr/src/php/ext/sodium/include -I/usr/src/php/ext/sodium/main -I/usr/src/php/ext/sodium -I/usr/local/include/php -I/usr/local/include/php/main -I/usr/local/include/php/TSRM -I/usr/local/include/php/Zend -I/usr/local/include/php/ext -I/usr/local/include/php/ext/date/lib -fstack-protector-strong -fpic -fpie -O2 -D_LARGEFILE_SOURCE -D_FILE_OFFSET_BITS=64 -DHAVE_CONFIG_H -fstack-protector-strong -fpic -fpie -O2 -D_LARGEFILE_SOURCE -D_FILE_OFFSET_BITS=64 -Wno-type-limits -Wno-logical-op -DZEND_COMPILE_DL_EXT=1 -c /usr/src/php/ext/sodium/sodium_pwhash.c -MMD -MF sodium_pwhash.dep -MT sodium_pwhash.lo  -fPIC -DPIC -o .libs/sodium_pwhash.o
#8 721.8 /bin/bash /usr/src/php/ext/sodium/libtool --mode=link cc -shared -I/usr/src/php/ext/sodium/include -I/usr/src/php/ext/sodium/main -I/usr/src/php/ext/sodium -I/usr/local/include/php -I/usr/local/include/php/main -I/usr/local/include/php/TSRM -I/usr/local/include/php/Zend -I/usr/local/include/php/ext -I/usr/local/include/php/ext/date/lib  -fstack-protector-strong -fpic -fpie -O2 -D_LARGEFILE_SOURCE -D_FILE_OFFSET_BITS=64 -DHAVE_CONFIG_H  -fstack-protector-strong -fpic -fpie -O2 -D_LARGEFILE_SOURCE -D_FILE_OFFSET_BITS=64  -Wl,-O1 -pie  -o sodium.la -export-dynamic -avoid-version -prefer-pic -module -rpath /usr/src/php/ext/sodium/modules  libsodium.lo sodium_pwhash.lo -lsodium
#8 722.4 cc -shared  .libs/libsodium.o .libs/sodium_pwhash.o  -lsodium  -Wl,-O1 -Wl,-soname -Wl,sodium.so -o .libs/sodium.so
#8 722.6 creating sodium.la
#8 722.6 (cd .libs && rm -f sodium.la && ln -s ../sodium.la sodium.la)
#8 722.6 /bin/bash /usr/src/php/ext/sodium/libtool --mode=install cp ./sodium.la /usr/src/php/ext/sodium/modules
#8 722.8 cp ./.libs/sodium.so /usr/src/php/ext/sodium/modules/sodium.so
#8 722.8 cp ./.libs/sodium.lai /usr/src/php/ext/sodium/modules/sodium.la
#8 722.9 PATH="$PATH:/sbin" ldconfig -n /usr/src/php/ext/sodium/modules
#8 722.9 ----------------------------------------------------------------------
#8 722.9 Libraries have been installed in:
#8 722.9    /usr/src/php/ext/sodium/modules
#8 722.9 
#8 722.9 If you ever happen to want to link against installed libraries
#8 722.9 in a given directory, LIBDIR, you must either use libtool, and
#8 722.9 specify the full pathname of the library, or use the `-LLIBDIR'
#8 722.9 flag during linking and do at least one of the following:
#8 722.9    - add LIBDIR to the `LD_LIBRARY_PATH' environment variable
#8 722.9      during execution
#8 722.9    - add LIBDIR to the `LD_RUN_PATH' environment variable
#8 722.9      during linking
#8 722.9    - use the `-Wl,--rpath -Wl,LIBDIR' linker flag
#8 722.9    - have your system administrator add LIBDIR to `/etc/ld.so.conf'
#8 722.9 
#8 722.9 See any operating system documentation about shared libraries for
#8 722.9 more information, such as the ld(1) and ld.so(8) manual pages.
#8 722.9 ----------------------------------------------------------------------
#8 722.9 
#8 722.9 Build complete.
#8 722.9 Don't forget to run 'make test'.
#8 722.9 
#8 723.0 + strip --strip-all modules/sodium.so
#8 723.1 Installing shared extensions:     /usr/local/lib/php/extensions/no-debug-non-zts-20210902/
#8 723.4 
#8 723.4 warning: sodium (sodium) is already loaded!
#8 723.4 
#8 723.4 find . -name \*.gcno -o -name \*.gcda | xargs rm -f
#8 723.5 find . -name \*.lo -o -name \*.o -o -name \*.dep | xargs rm -f
#8 723.5 find . -name \*.la -o -name \*.a | xargs rm -f
#8 723.5 find . -name \*.so | xargs rm -f
#8 723.5 find . -name .libs -a -type d|xargs rm -rf
#8 723.5 rm -f libphp.la      modules/* libs/*
#8 723.5 rm -f ext/opcache/jit/zend_jit_x86.c
#8 723.5 rm -f ext/opcache/jit/zend_jit_arm64.c
#8 723.5 rm -f ext/opcache/minilua
#8 723.7 Configuring for:
#8 723.7 PHP Api Version:         20210902
#8 723.7 Zend Module Api No:      20210902
#8 723.7 Zend Extension Api No:   420210902
#8 726.0 checking for grep that handles long lines and -e... /usr/bin/grep
#8 726.0 checking for egrep... /usr/bin/grep -E
#8 726.0 checking for a sed that does not truncate output... /usr/bin/sed
#8 726.1 checking for pkg-config... /usr/bin/pkg-config
#8 726.1 checking pkg-config is at least version 0.9.0... yes
#8 726.2 checking for cc... cc
#8 726.3 checking whether the C compiler works... yes
#8 726.4 checking for C compiler default output file name... a.out
#8 726.4 checking for suffix of executables... 
#8 726.5 checking whether we are cross compiling... no
#8 726.7 checking for suffix of object files... o
#8 726.7 checking whether the compiler supports GNU C... yes
#8 726.8 checking whether cc accepts -g... yes
#8 726.8 checking for cc option to enable C11 features... none needed
#8 727.0 checking how to run the C preprocessor... cc -E
#8 727.1 checking for egrep -e... (cached) /usr/bin/grep -E
#8 727.1 checking for icc... no
#8 727.2 checking for suncc... no
#8 727.2 checking for system library directory... lib
#8 727.2 checking if compiler supports -Wl,-rpath,... yes
#8 727.3 checking build system type... x86_64-pc-linux-gnu
#8 727.4 checking host system type... x86_64-pc-linux-gnu
#8 727.4 checking target system type... x86_64-pc-linux-gnu
#8 727.5 checking for PHP prefix... /usr/local
#8 727.5 checking for PHP includes... -I/usr/local/include/php -I/usr/local/include/php/main -I/usr/local/include/php/TSRM -I/usr/local/include/php/Zend -I/usr/local/include/php/ext -I/usr/local/include/php/ext/date/lib
#8 727.5 checking for PHP extension directory... /usr/local/lib/php/extensions/no-debug-non-zts-20210902
#8 727.5 checking for PHP installed headers prefix... /usr/local/include/php
#8 727.5 checking if debug is enabled... no
#8 727.6 checking if zts is enabled... no
#8 727.6 checking for gawk... no
#8 727.6 checking for nawk... nawk
#8 727.6 checking if nawk is broken... no
#8 727.6 checking whether to enable EXIF (metadata from images) support... yes, shared
#8 727.7 checking for a sed that does not truncate output... /usr/bin/sed
#8 727.7 checking for ld used by cc... /usr/bin/ld
#8 727.7 checking if the linker (/usr/bin/ld) is GNU ld... yes
#8 727.7 checking for /usr/bin/ld option to reload object files... -r
#8 727.7 checking for BSD-compatible nm... /usr/bin/nm -B
#8 727.7 checking whether ln -s works... yes
#8 727.7 checking how to recognize dependent libraries... pass_all
#8 727.8 checking for stdio.h... yes
#8 727.9 checking for stdlib.h... yes
#8 727.9 checking for string.h... yes
#8 728.0 checking for inttypes.h... yes
#8 728.1 checking for stdint.h... yes
#8 728.1 checking for strings.h... yes
#8 728.2 checking for sys/stat.h... yes
#8 728.3 checking for sys/types.h... yes
#8 728.4 checking for unistd.h... yes
#8 728.4 checking for dlfcn.h... yes
#8 728.5 checking the maximum length of command line arguments... 1572864
#8 728.5 checking command to parse /usr/bin/nm -B output from cc object... ok
#8 728.7 checking for objdir... .libs
#8 728.7 checking for ar... ar
#8 728.7 checking for ranlib... ranlib
#8 728.7 checking for strip... strip
#8 728.9 checking if cc supports -fno-rtti -fno-exceptions... no
#8 729.0 checking for cc option to produce PIC... -fPIC
#8 729.0 checking if cc PIC flag -fPIC works... yes
#8 729.1 checking if cc static flag -static works... yes
#8 729.4 checking if cc supports -c -o file.o... yes
#8 729.5 checking whether the cc linker (/usr/bin/ld -m elf_x86_64) supports shared libraries... yes
#8 729.6 checking whether -lc should be explicitly linked in... no
#8 729.7 checking dynamic linker characteristics... GNU/Linux ld.so
#8 729.7 checking how to hardcode library paths into programs... immediate
#8 729.7 checking whether stripping libraries is possible... yes
#8 729.8 checking if libtool supports shared libraries... yes
#8 729.8 checking whether to build shared libraries... yes
#8 729.8 checking whether to build static libraries... no
#8 730.4 
#8 730.4 creating libtool
#8 730.5 appending configuration tag "CXX" to libtool
#8 730.7 configure: patching config.h.in
#8 730.7 configure: creating ./config.status
#8 731.0 config.status: creating config.h
#8 731.1 /bin/bash /usr/src/php/ext/exif/libtool --mode=compile cc -I. -I/usr/src/php/ext/exif -I/usr/src/php/ext/exif/include -I/usr/src/php/ext/exif/main -I/usr/src/php/ext/exif -I/usr/local/include/php -I/usr/local/include/php/main -I/usr/local/include/php/TSRM -I/usr/local/include/php/Zend -I/usr/local/include/php/ext -I/usr/local/include/php/ext/date/lib  -fstack-protector-strong -fpic -fpie -O2 -D_LARGEFILE_SOURCE -D_FILE_OFFSET_BITS=64 -DHAVE_CONFIG_H  -fstack-protector-strong -fpic -fpie -O2 -D_LARGEFILE_SOURCE -D_FILE_OFFSET_BITS=64   -DZEND_ENABLE_STATIC_TSRMLS_CACHE=1 -DZEND_COMPILE_DL_EXT=1 -c /usr/src/php/ext/exif/exif.c -o exif.lo  -MMD -MF exif.dep -MT exif.lo
#8 731.7 mkdir .libs
#8 731.7  cc -I. -I/usr/src/php/ext/exif -I/usr/src/php/ext/exif/include -I/usr/src/php/ext/exif/main -I/usr/src/php/ext/exif -I/usr/local/include/php -I/usr/local/include/php/main -I/usr/local/include/php/TSRM -I/usr/local/include/php/Zend -I/usr/local/include/php/ext -I/usr/local/include/php/ext/date/lib -fstack-protector-strong -fpic -fpie -O2 -D_LARGEFILE_SOURCE -D_FILE_OFFSET_BITS=64 -DHAVE_CONFIG_H -fstack-protector-strong -fpic -fpie -O2 -D_LARGEFILE_SOURCE -D_FILE_OFFSET_BITS=64 -DZEND_ENABLE_STATIC_TSRMLS_CACHE=1 -DZEND_COMPILE_DL_EXT=1 -c /usr/src/php/ext/exif/exif.c -MMD -MF exif.dep -MT exif.lo  -fPIC -DPIC -o .libs/exif.o
#8 734.0 /bin/bash /usr/src/php/ext/exif/libtool --mode=link cc -shared -I/usr/src/php/ext/exif/include -I/usr/src/php/ext/exif/main -I/usr/src/php/ext/exif -I/usr/local/include/php -I/usr/local/include/php/main -I/usr/local/include/php/TSRM -I/usr/local/include/php/Zend -I/usr/local/include/php/ext -I/usr/local/include/php/ext/date/lib  -fstack-protector-strong -fpic -fpie -O2 -D_LARGEFILE_SOURCE -D_FILE_OFFSET_BITS=64 -DHAVE_CONFIG_H  -fstack-protector-strong -fpic -fpie -O2 -D_LARGEFILE_SOURCE -D_FILE_OFFSET_BITS=64  -Wl,-O1 -pie  -o exif.la -export-dynamic -avoid-version -prefer-pic -module -rpath /usr/src/php/ext/exif/modules  exif.lo 
#8 734.5 cc -shared  .libs/exif.o   -Wl,-O1 -Wl,-soname -Wl,exif.so -o .libs/exif.so
#8 734.6 creating exif.la
#8 734.6 (cd .libs && rm -f exif.la && ln -s ../exif.la exif.la)
#8 734.6 /bin/bash /usr/src/php/ext/exif/libtool --mode=install cp ./exif.la /usr/src/php/ext/exif/modules
#8 734.8 cp ./.libs/exif.so /usr/src/php/ext/exif/modules/exif.so
#8 734.8 cp ./.libs/exif.lai /usr/src/php/ext/exif/modules/exif.la
#8 734.8 PATH="$PATH:/sbin" ldconfig -n /usr/src/php/ext/exif/modules
#8 734.8 ----------------------------------------------------------------------
#8 734.8 Libraries have been installed in:
#8 734.8    /usr/src/php/ext/exif/modules
#8 734.8 
#8 734.8 If you ever happen to want to link against installed libraries
#8 734.8 in a given directory, LIBDIR, you must either use libtool, and
#8 734.8 specify the full pathname of the library, or use the `-LLIBDIR'
#8 734.8 flag during linking and do at least one of the following:
#8 734.8    - add LIBDIR to the `LD_LIBRARY_PATH' environment variable
#8 734.8      during execution
#8 734.8    - add LIBDIR to the `LD_RUN_PATH' environment variable
#8 734.8      during linking
#8 734.8    - use the `-Wl,--rpath -Wl,LIBDIR' linker flag
#8 734.8    - have your system administrator add LIBDIR to `/etc/ld.so.conf'
#8 734.8 
#8 734.8 See any operating system documentation about shared libraries for
#8 734.8 more information, such as the ld(1) and ld.so(8) manual pages.
#8 734.8 ----------------------------------------------------------------------
#8 734.8 
#8 734.8 Build complete.
#8 734.8 Don't forget to run 'make test'.
#8 734.8 
#8 734.9 + strip --strip-all modules/exif.so
#8 735.0 Installing shared extensions:     /usr/local/lib/php/extensions/no-debug-non-zts-20210902/
#8 735.3 find . -name \*.gcno -o -name \*.gcda | xargs rm -f
#8 735.3 find . -name \*.lo -o -name \*.o -o -name \*.dep | xargs rm -f
#8 735.4 find . -name \*.la -o -name \*.a | xargs rm -f
#8 735.4 find . -name \*.so | xargs rm -f
#8 735.4 find . -name .libs -a -type d|xargs rm -rf
#8 735.4 rm -f libphp.la      modules/* libs/*
#8 735.4 rm -f ext/opcache/jit/zend_jit_x86.c
#8 735.4 rm -f ext/opcache/jit/zend_jit_arm64.c
#8 735.4 rm -f ext/opcache/minilua
#8 741.4 WARNING: channel "pecl.php.net" has updated its protocols, use "pecl channel-update pecl.php.net" to update
#8 746.4 downloading imagick-3.8.1.tgz ...
#8 746.4 Starting to download imagick-3.8.1.tgz (364,008 bytes)
#8 746.6 ..........................................................................done: 364,008 bytes
#8 748.3 downloading redis-6.3.0.tgz ...
#8 748.3 Starting to download redis-6.3.0.tgz (399,284 bytes)
#8 749.2 ...done: 399,284 bytes
#8 749.6 33 source files, building
#8 749.6 running: phpize
#8 749.7 Configuring for:
#8 749.7 PHP Api Version:         20210902
#8 749.7 Zend Module Api No:      20210902
#8 749.7 Zend Extension Api No:   420210902
#8 752.1 Please provide the prefix of ImageMagick installation [autodetect] : building in /tmp/pear/temp/pear-build-defaultuserySL1DN/imagick-3.8.1
#8 752.1 running: /tmp/pear/temp/imagick/configure --with-php-config=/usr/local/bin/php-config --with-imagick
#8 752.6 checking for grep that handles long lines and -e... /usr/bin/grep
#8 752.6 checking for egrep... /usr/bin/grep -E
#8 752.7 checking for a sed that does not truncate output... /usr/bin/sed
#8 752.8 checking for pkg-config... /usr/bin/pkg-config
#8 752.8 checking pkg-config is at least version 0.9.0... yes
#8 752.8 checking for cc... cc
#8 753.0 checking whether the C compiler works... yes
#8 753.0 checking for C compiler default output file name... a.out
#8 753.1 checking for suffix of executables...
#8 753.3 checking whether we are cross compiling... no
#8 753.3 checking for suffix of object files... o
#8 753.4 checking whether the compiler supports GNU C... yes
#8 753.5 checking whether cc accepts -g... yes
#8 753.7 checking for cc option to enable C11 features... none needed
#8 753.8 checking how to run the C preprocessor... cc -E
#8 753.9 checking for egrep -e... (cached) /usr/bin/grep -E
#8 753.9 checking for icc... no
#8 754.0 checking for suncc... no
#8 754.0 checking for system library directory... lib
#8 754.1 checking if compiler supports -Wl,-rpath,... yes
#8 754.4 checking build system type... x86_64-pc-linux-gnu
#8 754.4 checking host system type... x86_64-pc-linux-gnu
#8 754.4 checking target system type... x86_64-pc-linux-gnu
#8 754.7 checking for PHP prefix... /usr/local
#8 754.7 checking for PHP includes... -I/usr/local/include/php -I/usr/local/include/php/main -I/usr/local/include/php/TSRM -I/usr/local/include/php/Zend -I/usr/local/include/php/ext -I/usr/local/include/php/ext/date/lib
#8 754.7 checking for PHP extension directory... /usr/local/lib/php/extensions/no-debug-non-zts-20210902
#8 754.7 checking for PHP installed headers prefix... /usr/local/include/php
#8 754.7 checking if debug is enabled... no
#8 754.8 checking if zts is enabled... no
#8 754.8 checking for gawk... no
#8 754.8 checking for nawk... nawk
#8 754.8 checking if nawk is broken... no
#8 754.8 checking whether to enable the imagick extension... yes, shared
#8 754.8 checking for pkg-config... /usr/bin/pkg-config
#8 754.8 checking ImageMagick MagickWand API configuration program... checking Testing /usr/local/bin/MagickWand-config... Doesn't exist
#8 754.8 checking Testing /usr/bin/MagickWand-config... Doesn't exist
#8 754.8 checking Testing /usr/sbin/bin/MagickWand-config... Doesn't exist
#8 754.8 checking Testing /opt/bin/MagickWand-config... Doesn't exist
#8 754.8 checking Testing /opt/local/bin/MagickWand-config... Doesn't exist
#8 754.8 checking Testing /opt/homebrew/bin/MagickWand-config... Doesn't exist
#8 754.8 found in /usr/bin/pkg-config
#8 754.8 checking if ImageMagick version is at least 6.5.3... found version 7.1.1
#8 754.8 checking for MagickWand.h or magick-wand.h header... /usr/include/ImageMagick-7/MagickWand/MagickWand.h
#8 754.9 checking PHP version is at least 5.6.0... yes. found 8.1.34
#8 754.9 libs
#8 754.9 -lMagickWand-7.Q16 -lMagickCore-7.Q16
#8 754.9 
#8 754.9 
#8 755.3 checking for MagickGetVersion... yes
#8 755.4 checking omp_pause_resource_all usability... yes
#8 755.5 checking Which flavour of OpenMP to link... checking for omp_pause_resource_all... no
#8 755.6 checking for __omp_pause_resource_all... no
#8 755.7 checking for omp_pause_resource_all in -lgomp... yes
#8 755.8 GCC flavoured OpenMP
#8 755.9 checking for a sed that does not truncate output... /usr/bin/sed
#8 755.9 checking for ld used by cc... /usr/bin/ld
#8 755.9 checking if the linker (/usr/bin/ld) is GNU ld... yes
#8 755.9 checking for /usr/bin/ld option to reload object files... -r
#8 756.0 checking for BSD-compatible nm... /usr/bin/nm -B
#8 756.0 checking whether ln -s works... yes
#8 756.0 checking how to recognize dependent libraries... pass_all
#8 756.1 checking for stdio.h... yes
#8 756.2 checking for stdlib.h... yes
#8 756.2 checking for string.h... yes
#8 756.3 checking for inttypes.h... yes
#8 756.4 checking for stdint.h... yes
#8 756.5 checking for strings.h... yes
#8 756.6 checking for sys/stat.h... yes
#8 756.6 checking for sys/types.h... yes
#8 756.7 checking for unistd.h... yes
#8 756.8 checking for dlfcn.h... yes
#8 756.8 checking the maximum length of command line arguments... 1572864
#8 757.0 checking command to parse /usr/bin/nm -B output from cc object... ok
#8 757.1 checking for objdir... .libs
#8 757.1 checking for ar... ar
#8 757.1 checking for ranlib... ranlib
#8 757.1 checking for strip... strip
#8 757.3 checking if cc supports -fno-rtti -fno-exceptions... no
#8 757.3 checking for cc option to produce PIC... -fPIC
#8 757.4 checking if cc PIC flag -fPIC works... yes
#8 757.6 checking if cc static flag -static works... yes
#8 757.7 checking if cc supports -c -o file.o... yes
#8 757.8 checking whether the cc linker (/usr/bin/ld -m elf_x86_64) supports shared libraries... yes
#8 757.8 checking whether -lc should be explicitly linked in... no
#8 757.9 checking dynamic linker characteristics... GNU/Linux ld.so
#8 757.9 checking how to hardcode library paths into programs... immediate
#8 757.9 checking whether stripping libraries is possible... yes
#8 757.9 checking if libtool supports shared libraries... yes
#8 757.9 checking whether to build shared libraries... yes
#8 757.9 checking whether to build static libraries... no
#8 758.6 
#8 758.6 creating libtool
#8 758.7 appending configuration tag "CXX" to libtool
#8 759.1 configure: patching config.h.in
#8 759.1 configure: creating ./config.status
#8 759.5 config.status: creating config.h
#8 759.7 running: make
#8 759.7 /bin/bash /tmp/pear/temp/pear-build-defaultuserySL1DN/imagick-3.8.1/libtool --mode=compile cc -I. -I/tmp/pear/temp/imagick -I/tmp/pear/temp/pear-build-defaultuserySL1DN/imagick-3.8.1/include -I/tmp/pear/temp/pear-build-defaultuserySL1DN/imagick-3.8.1/main -I/tmp/pear/temp/imagick -I/usr/local/include/php -I/usr/local/include/php/main -I/usr/local/include/php/TSRM -I/usr/local/include/php/Zend -I/usr/local/include/php/ext -I/usr/local/include/php/ext/date/lib -I/usr/include/x86_64-linux-gnu/ImageMagick-7 -I/usr/include/ImageMagick-7  -DHAVE_CONFIG_H  -g -O2   -I/usr/include/x86_64-linux-gnu/ImageMagick-7 -I/usr/include/ImageMagick-7 -fopenmp -DMAGICKCORE_HDRI_ENABLE=0 -DMAGICKCORE_QUANTUM_DEPTH=16 -DMAGICKCORE_CHANNEL_MASK_DEPTH=32  -DZEND_COMPILE_DL_EXT=1 -c /tmp/pear/temp/imagick/imagick_file.c -o imagick_file.lo  -MMD -MF imagick_file.dep -MT imagick_file.lo
#8 760.0 mkdir .libs
#8 760.1  cc -I. -I/tmp/pear/temp/imagick -I/tmp/pear/temp/pear-build-defaultuserySL1DN/imagick-3.8.1/include -I/tmp/pear/temp/pear-build-defaultuserySL1DN/imagick-3.8.1/main -I/tmp/pear/temp/imagick -I/usr/local/include/php -I/usr/local/include/php/main -I/usr/local/include/php/TSRM -I/usr/local/include/php/Zend -I/usr/local/include/php/ext -I/usr/local/include/php/ext/date/lib -I/usr/include/x86_64-linux-gnu/ImageMagick-7 -I/usr/include/ImageMagick-7 -DHAVE_CONFIG_H -g -O2 -I/usr/include/x86_64-linux-gnu/ImageMagick-7 -I/usr/include/ImageMagick-7 -fopenmp -DMAGICKCORE_HDRI_ENABLE=0 -DMAGICKCORE_QUANTUM_DEPTH=16 -DMAGICKCORE_CHANNEL_MASK_DEPTH=32 -DZEND_COMPILE_DL_EXT=1 -c /tmp/pear/temp/imagick/imagick_file.c -MMD -MF imagick_file.dep -MT imagick_file.lo  -fPIC -DPIC -o .libs/imagick_file.o
#8 761.0 /bin/bash /tmp/pear/temp/pear-build-defaultuserySL1DN/imagick-3.8.1/libtool --mode=compile cc -I. -I/tmp/pear/temp/imagick -I/tmp/pear/temp/pear-build-defaultuserySL1DN/imagick-3.8.1/include -I/tmp/pear/temp/pear-build-defaultuserySL1DN/imagick-3.8.1/main -I/tmp/pear/temp/imagick -I/usr/local/include/php -I/usr/local/include/php/main -I/usr/local/include/php/TSRM -I/usr/local/include/php/Zend -I/usr/local/include/php/ext -I/usr/local/include/php/ext/date/lib -I/usr/include/x86_64-linux-gnu/ImageMagick-7 -I/usr/include/ImageMagick-7  -DHAVE_CONFIG_H  -g -O2   -I/usr/include/x86_64-linux-gnu/ImageMagick-7 -I/usr/include/ImageMagick-7 -fopenmp -DMAGICKCORE_HDRI_ENABLE=0 -DMAGICKCORE_QUANTUM_DEPTH=16 -DMAGICKCORE_CHANNEL_MASK_DEPTH=32  -DZEND_COMPILE_DL_EXT=1 -c /tmp/pear/temp/imagick/imagick_class.c -o imagick_class.lo  -MMD -MF imagick_class.dep -MT imagick_class.lo
#8 761.4  cc -I. -I/tmp/pear/temp/imagick -I/tmp/pear/temp/pear-build-defaultuserySL1DN/imagick-3.8.1/include -I/tmp/pear/temp/pear-build-defaultuserySL1DN/imagick-3.8.1/main -I/tmp/pear/temp/imagick -I/usr/local/include/php -I/usr/local/include/php/main -I/usr/local/include/php/TSRM -I/usr/local/include/php/Zend -I/usr/local/include/php/ext -I/usr/local/include/php/ext/date/lib -I/usr/include/x86_64-linux-gnu/ImageMagick-7 -I/usr/include/ImageMagick-7 -DHAVE_CONFIG_H -g -O2 -I/usr/include/x86_64-linux-gnu/ImageMagick-7 -I/usr/include/ImageMagick-7 -fopenmp -DMAGICKCORE_HDRI_ENABLE=0 -DMAGICKCORE_QUANTUM_DEPTH=16 -DMAGICKCORE_CHANNEL_MASK_DEPTH=32 -DZEND_COMPILE_DL_EXT=1 -c /tmp/pear/temp/imagick/imagick_class.c -MMD -MF imagick_class.dep -MT imagick_class.lo  -fPIC -DPIC -o .libs/imagick_class.o
#8 770.3 /bin/bash /tmp/pear/temp/pear-build-defaultuserySL1DN/imagick-3.8.1/libtool --mode=compile cc -I. -I/tmp/pear/temp/imagick -I/tmp/pear/temp/pear-build-defaultuserySL1DN/imagick-3.8.1/include -I/tmp/pear/temp/pear-build-defaultuserySL1DN/imagick-3.8.1/main -I/tmp/pear/temp/imagick -I/usr/local/include/php -I/usr/local/include/php/main -I/usr/local/include/php/TSRM -I/usr/local/include/php/Zend -I/usr/local/include/php/ext -I/usr/local/include/php/ext/date/lib -I/usr/include/x86_64-linux-gnu/ImageMagick-7 -I/usr/include/ImageMagick-7  -DHAVE_CONFIG_H  -g -O2   -I/usr/include/x86_64-linux-gnu/ImageMagick-7 -I/usr/include/ImageMagick-7 -fopenmp -DMAGICKCORE_HDRI_ENABLE=0 -DMAGICKCORE_QUANTUM_DEPTH=16 -DMAGICKCORE_CHANNEL_MASK_DEPTH=32  -DZEND_COMPILE_DL_EXT=1 -c /tmp/pear/temp/imagick/imagickdraw_class.c -o imagickdraw_class.lo  -MMD -MF imagickdraw_class.dep -MT imagickdraw_class.lo
#8 770.8  cc -I. -I/tmp/pear/temp/imagick -I/tmp/pear/temp/pear-build-defaultuserySL1DN/imagick-3.8.1/include -I/tmp/pear/temp/pear-build-defaultuserySL1DN/imagick-3.8.1/main -I/tmp/pear/temp/imagick -I/usr/local/include/php -I/usr/local/include/php/main -I/usr/local/include/php/TSRM -I/usr/local/include/php/Zend -I/usr/local/include/php/ext -I/usr/local/include/php/ext/date/lib -I/usr/include/x86_64-linux-gnu/ImageMagick-7 -I/usr/include/ImageMagick-7 -DHAVE_CONFIG_H -g -O2 -I/usr/include/x86_64-linux-gnu/ImageMagick-7 -I/usr/include/ImageMagick-7 -fopenmp -DMAGICKCORE_HDRI_ENABLE=0 -DMAGICKCORE_QUANTUM_DEPTH=16 -DMAGICKCORE_CHANNEL_MASK_DEPTH=32 -DZEND_COMPILE_DL_EXT=1 -c /tmp/pear/temp/imagick/imagickdraw_class.c -MMD -MF imagickdraw_class.dep -MT imagickdraw_class.lo  -fPIC -DPIC -o .libs/imagickdraw_class.o
#8 773.1 /bin/bash /tmp/pear/temp/pear-build-defaultuserySL1DN/imagick-3.8.1/libtool --mode=compile cc -I. -I/tmp/pear/temp/imagick -I/tmp/pear/temp/pear-build-defaultuserySL1DN/imagick-3.8.1/include -I/tmp/pear/temp/pear-build-defaultuserySL1DN/imagick-3.8.1/main -I/tmp/pear/temp/imagick -I/usr/local/include/php -I/usr/local/include/php/main -I/usr/local/include/php/TSRM -I/usr/local/include/php/Zend -I/usr/local/include/php/ext -I/usr/local/include/php/ext/date/lib -I/usr/include/x86_64-linux-gnu/ImageMagick-7 -I/usr/include/ImageMagick-7  -DHAVE_CONFIG_H  -g -O2   -I/usr/include/x86_64-linux-gnu/ImageMagick-7 -I/usr/include/ImageMagick-7 -fopenmp -DMAGICKCORE_HDRI_ENABLE=0 -DMAGICKCORE_QUANTUM_DEPTH=16 -DMAGICKCORE_CHANNEL_MASK_DEPTH=32  -DZEND_COMPILE_DL_EXT=1 -c /tmp/pear/temp/imagick/imagickpixel_class.c -o imagickpixel_class.lo  -MMD -MF imagickpixel_class.dep -MT imagickpixel_class.lo
#8 773.5  cc -I. -I/tmp/pear/temp/imagick -I/tmp/pear/temp/pear-build-defaultuserySL1DN/imagick-3.8.1/include -I/tmp/pear/temp/pear-build-defaultuserySL1DN/imagick-3.8.1/main -I/tmp/pear/temp/imagick -I/usr/local/include/php -I/usr/local/include/php/main -I/usr/local/include/php/TSRM -I/usr/local/include/php/Zend -I/usr/local/include/php/ext -I/usr/local/include/php/ext/date/lib -I/usr/include/x86_64-linux-gnu/ImageMagick-7 -I/usr/include/ImageMagick-7 -DHAVE_CONFIG_H -g -O2 -I/usr/include/x86_64-linux-gnu/ImageMagick-7 -I/usr/include/ImageMagick-7 -fopenmp -DMAGICKCORE_HDRI_ENABLE=0 -DMAGICKCORE_QUANTUM_DEPTH=16 -DMAGICKCORE_CHANNEL_MASK_DEPTH=32 -DZEND_COMPILE_DL_EXT=1 -c /tmp/pear/temp/imagick/imagickpixel_class.c -MMD -MF imagickpixel_class.dep -MT imagickpixel_class.lo  -fPIC -DPIC -o .libs/imagickpixel_class.o
#8 774.7 /bin/bash /tmp/pear/temp/pear-build-defaultuserySL1DN/imagick-3.8.1/libtool --mode=compile cc -I. -I/tmp/pear/temp/imagick -I/tmp/pear/temp/pear-build-defaultuserySL1DN/imagick-3.8.1/include -I/tmp/pear/temp/pear-build-defaultuserySL1DN/imagick-3.8.1/main -I/tmp/pear/temp/imagick -I/usr/local/include/php -I/usr/local/include/php/main -I/usr/local/include/php/TSRM -I/usr/local/include/php/Zend -I/usr/local/include/php/ext -I/usr/local/include/php/ext/date/lib -I/usr/include/x86_64-linux-gnu/ImageMagick-7 -I/usr/include/ImageMagick-7  -DHAVE_CONFIG_H  -g -O2   -I/usr/include/x86_64-linux-gnu/ImageMagick-7 -I/usr/include/ImageMagick-7 -fopenmp -DMAGICKCORE_HDRI_ENABLE=0 -DMAGICKCORE_QUANTUM_DEPTH=16 -DMAGICKCORE_CHANNEL_MASK_DEPTH=32  -DZEND_COMPILE_DL_EXT=1 -c /tmp/pear/temp/imagick/imagickpixeliterator_class.c -o imagickpixeliterator_class.lo  -MMD -MF imagickpixeliterator_class.dep -MT imagickpixeliterator_class.lo
#8 775.1  cc -I. -I/tmp/pear/temp/imagick -I/tmp/pear/temp/pear-build-defaultuserySL1DN/imagick-3.8.1/include -I/tmp/pear/temp/pear-build-defaultuserySL1DN/imagick-3.8.1/main -I/tmp/pear/temp/imagick -I/usr/local/include/php -I/usr/local/include/php/main -I/usr/local/include/php/TSRM -I/usr/local/include/php/Zend -I/usr/local/include/php/ext -I/usr/local/include/php/ext/date/lib -I/usr/include/x86_64-linux-gnu/ImageMagick-7 -I/usr/include/ImageMagick-7 -DHAVE_CONFIG_H -g -O2 -I/usr/include/x86_64-linux-gnu/ImageMagick-7 -I/usr/include/ImageMagick-7 -fopenmp -DMAGICKCORE_HDRI_ENABLE=0 -DMAGICKCORE_QUANTUM_DEPTH=16 -DMAGICKCORE_CHANNEL_MASK_DEPTH=32 -DZEND_COMPILE_DL_EXT=1 -c /tmp/pear/temp/imagick/imagickpixeliterator_class.c -MMD -MF imagickpixeliterator_class.dep -MT imagickpixeliterator_class.lo  -fPIC -DPIC -o .libs/imagickpixeliterator_class.o
#8 775.6 /bin/bash /tmp/pear/temp/pear-build-defaultuserySL1DN/imagick-3.8.1/libtool --mode=compile cc -I. -I/tmp/pear/temp/imagick -I/tmp/pear/temp/pear-build-defaultuserySL1DN/imagick-3.8.1/include -I/tmp/pear/temp/pear-build-defaultuserySL1DN/imagick-3.8.1/main -I/tmp/pear/temp/imagick -I/usr/local/include/php -I/usr/local/include/php/main -I/usr/local/include/php/TSRM -I/usr/local/include/php/Zend -I/usr/local/include/php/ext -I/usr/local/include/php/ext/date/lib -I/usr/include/x86_64-linux-gnu/ImageMagick-7 -I/usr/include/ImageMagick-7  -DHAVE_CONFIG_H  -g -O2   -I/usr/include/x86_64-linux-gnu/ImageMagick-7 -I/usr/include/ImageMagick-7 -fopenmp -DMAGICKCORE_HDRI_ENABLE=0 -DMAGICKCORE_QUANTUM_DEPTH=16 -DMAGICKCORE_CHANNEL_MASK_DEPTH=32  -DZEND_COMPILE_DL_EXT=1 -c /tmp/pear/temp/imagick/imagick_helpers.c -o imagick_helpers.lo  -MMD -MF imagick_helpers.dep -MT imagick_helpers.lo
#8 776.1  cc -I. -I/tmp/pear/temp/imagick -I/tmp/pear/temp/pear-build-defaultuserySL1DN/imagick-3.8.1/include -I/tmp/pear/temp/pear-build-defaultuserySL1DN/imagick-3.8.1/main -I/tmp/pear/temp/imagick -I/usr/local/include/php -I/usr/local/include/php/main -I/usr/local/include/php/TSRM -I/usr/local/include/php/Zend -I/usr/local/include/php/ext -I/usr/local/include/php/ext/date/lib -I/usr/include/x86_64-linux-gnu/ImageMagick-7 -I/usr/include/ImageMagick-7 -DHAVE_CONFIG_H -g -O2 -I/usr/include/x86_64-linux-gnu/ImageMagick-7 -I/usr/include/ImageMagick-7 -fopenmp -DMAGICKCORE_HDRI_ENABLE=0 -DMAGICKCORE_QUANTUM_DEPTH=16 -DMAGICKCORE_CHANNEL_MASK_DEPTH=32 -DZEND_COMPILE_DL_EXT=1 -c /tmp/pear/temp/imagick/imagick_helpers.c -MMD -MF imagick_helpers.dep -MT imagick_helpers.lo  -fPIC -DPIC -o .libs/imagick_helpers.o
#8 777.3 /bin/bash /tmp/pear/temp/pear-build-defaultuserySL1DN/imagick-3.8.1/libtool --mode=compile cc -I. -I/tmp/pear/temp/imagick -I/tmp/pear/temp/pear-build-defaultuserySL1DN/imagick-3.8.1/include -I/tmp/pear/temp/pear-build-defaultuserySL1DN/imagick-3.8.1/main -I/tmp/pear/temp/imagick -I/usr/local/include/php -I/usr/local/include/php/main -I/usr/local/include/php/TSRM -I/usr/local/include/php/Zend -I/usr/local/include/php/ext -I/usr/local/include/php/ext/date/lib -I/usr/include/x86_64-linux-gnu/ImageMagick-7 -I/usr/include/ImageMagick-7  -DHAVE_CONFIG_H  -g -O2   -I/usr/include/x86_64-linux-gnu/ImageMagick-7 -I/usr/include/ImageMagick-7 -fopenmp -DMAGICKCORE_HDRI_ENABLE=0 -DMAGICKCORE_QUANTUM_DEPTH=16 -DMAGICKCORE_CHANNEL_MASK_DEPTH=32  -DZEND_COMPILE_DL_EXT=1 -c /tmp/pear/temp/imagick/imagick.c -o imagick.lo  -MMD -MF imagick.dep -MT imagick.lo
#8 777.7  cc -I. -I/tmp/pear/temp/imagick -I/tmp/pear/temp/pear-build-defaultuserySL1DN/imagick-3.8.1/include -I/tmp/pear/temp/pear-build-defaultuserySL1DN/imagick-3.8.1/main -I/tmp/pear/temp/imagick -I/usr/local/include/php -I/usr/local/include/php/main -I/usr/local/include/php/TSRM -I/usr/local/include/php/Zend -I/usr/local/include/php/ext -I/usr/local/include/php/ext/date/lib -I/usr/include/x86_64-linux-gnu/ImageMagick-7 -I/usr/include/ImageMagick-7 -DHAVE_CONFIG_H -g -O2 -I/usr/include/x86_64-linux-gnu/ImageMagick-7 -I/usr/include/ImageMagick-7 -fopenmp -DMAGICKCORE_HDRI_ENABLE=0 -DMAGICKCORE_QUANTUM_DEPTH=16 -DMAGICKCORE_CHANNEL_MASK_DEPTH=32 -DZEND_COMPILE_DL_EXT=1 -c /tmp/pear/temp/imagick/imagick.c -MMD -MF imagick.dep -MT imagick.lo  -fPIC -DPIC -o .libs/imagick.o
#8 779.6 /bin/bash /tmp/pear/temp/pear-build-defaultuserySL1DN/imagick-3.8.1/libtool --mode=compile cc -I. -I/tmp/pear/temp/imagick -I/tmp/pear/temp/pear-build-defaultuserySL1DN/imagick-3.8.1/include -I/tmp/pear/temp/pear-build-defaultuserySL1DN/imagick-3.8.1/main -I/tmp/pear/temp/imagick -I/usr/local/include/php -I/usr/local/include/php/main -I/usr/local/include/php/TSRM -I/usr/local/include/php/Zend -I/usr/local/include/php/ext -I/usr/local/include/php/ext/date/lib -I/usr/include/x86_64-linux-gnu/ImageMagick-7 -I/usr/include/ImageMagick-7  -DHAVE_CONFIG_H  -g -O2   -I/usr/include/x86_64-linux-gnu/ImageMagick-7 -I/usr/include/ImageMagick-7 -fopenmp -DMAGICKCORE_HDRI_ENABLE=0 -DMAGICKCORE_QUANTUM_DEPTH=16 -DMAGICKCORE_CHANNEL_MASK_DEPTH=32  -DZEND_COMPILE_DL_EXT=1 -c /tmp/pear/temp/imagick/imagickkernel_class.c -o imagickkernel_class.lo  -MMD -MF imagickkernel_class.dep -MT imagickkernel_class.lo
#8 780.2  cc -I. -I/tmp/pear/temp/imagick -I/tmp/pear/temp/pear-build-defaultuserySL1DN/imagick-3.8.1/include -I/tmp/pear/temp/pear-build-defaultuserySL1DN/imagick-3.8.1/main -I/tmp/pear/temp/imagick -I/usr/local/include/php -I/usr/local/include/php/main -I/usr/local/include/php/TSRM -I/usr/local/include/php/Zend -I/usr/local/include/php/ext -I/usr/local/include/php/ext/date/lib -I/usr/include/x86_64-linux-gnu/ImageMagick-7 -I/usr/include/ImageMagick-7 -DHAVE_CONFIG_H -g -O2 -I/usr/include/x86_64-linux-gnu/ImageMagick-7 -I/usr/include/ImageMagick-7 -fopenmp -DMAGICKCORE_HDRI_ENABLE=0 -DMAGICKCORE_QUANTUM_DEPTH=16 -DMAGICKCORE_CHANNEL_MASK_DEPTH=32 -DZEND_COMPILE_DL_EXT=1 -c /tmp/pear/temp/imagick/imagickkernel_class.c -MMD -MF imagickkernel_class.dep -MT imagickkernel_class.lo  -fPIC -DPIC -o .libs/imagickkernel_class.o
#8 787.0 /bin/bash /tmp/pear/temp/pear-build-defaultuserySL1DN/imagick-3.8.1/libtool --mode=compile cc -I. -I/tmp/pear/temp/imagick -I/tmp/pear/temp/pear-build-defaultuserySL1DN/imagick-3.8.1/include -I/tmp/pear/temp/pear-build-defaultuserySL1DN/imagick-3.8.1/main -I/tmp/pear/temp/imagick -I/usr/local/include/php -I/usr/local/include/php/main -I/usr/local/include/php/TSRM -I/usr/local/include/php/Zend -I/usr/local/include/php/ext -I/usr/local/include/php/ext/date/lib -I/usr/include/x86_64-linux-gnu/ImageMagick-7 -I/usr/include/ImageMagick-7  -DHAVE_CONFIG_H  -g -O2   -I/usr/include/x86_64-linux-gnu/ImageMagick-7 -I/usr/include/ImageMagick-7 -fopenmp -DMAGICKCORE_HDRI_ENABLE=0 -DMAGICKCORE_QUANTUM_DEPTH=16 -DMAGICKCORE_CHANNEL_MASK_DEPTH=32  -DZEND_COMPILE_DL_EXT=1 -c /tmp/pear/temp/imagick/shim_im6_to_im7.c -o shim_im6_to_im7.lo  -MMD -MF shim_im6_to_im7.dep -MT shim_im6_to_im7.lo
#8 787.4  cc -I. -I/tmp/pear/temp/imagick -I/tmp/pear/temp/pear-build-defaultuserySL1DN/imagick-3.8.1/include -I/tmp/pear/temp/pear-build-defaultuserySL1DN/imagick-3.8.1/main -I/tmp/pear/temp/imagick -I/usr/local/include/php -I/usr/local/include/php/main -I/usr/local/include/php/TSRM -I/usr/local/include/php/Zend -I/usr/local/include/php/ext -I/usr/local/include/php/ext/date/lib -I/usr/include/x86_64-linux-gnu/ImageMagick-7 -I/usr/include/ImageMagick-7 -DHAVE_CONFIG_H -g -O2 -I/usr/include/x86_64-linux-gnu/ImageMagick-7 -I/usr/include/ImageMagick-7 -fopenmp -DMAGICKCORE_HDRI_ENABLE=0 -DMAGICKCORE_QUANTUM_DEPTH=16 -DMAGICKCORE_CHANNEL_MASK_DEPTH=32 -DZEND_COMPILE_DL_EXT=1 -c /tmp/pear/temp/imagick/shim_im6_to_im7.c -MMD -MF shim_im6_to_im7.dep -MT shim_im6_to_im7.lo  -fPIC -DPIC -o .libs/shim_im6_to_im7.o
#8 790.4 /bin/bash /tmp/pear/temp/pear-build-defaultuserySL1DN/imagick-3.8.1/libtool --mode=link cc -shared -I/tmp/pear/temp/pear-build-defaultuserySL1DN/imagick-3.8.1/include -I/tmp/pear/temp/pear-build-defaultuserySL1DN/imagick-3.8.1/main -I/tmp/pear/temp/imagick -I/usr/local/include/php -I/usr/local/include/php/main -I/usr/local/include/php/TSRM -I/usr/local/include/php/Zend -I/usr/local/include/php/ext -I/usr/local/include/php/ext/date/lib -I/usr/include/x86_64-linux-gnu/ImageMagick-7 -I/usr/include/ImageMagick-7  -DHAVE_CONFIG_H  -g -O2    -o imagick.la -export-dynamic -avoid-version -prefer-pic -module -rpath /tmp/pear/temp/pear-build-defaultuserySL1DN/imagick-3.8.1/modules  imagick_file.lo imagick_class.lo imagickdraw_class.lo imagickpixel_class.lo imagickpixeliterator_class.lo imagick_helpers.lo imagick.lo imagickkernel_class.lo shim_im6_to_im7.lo -lgomp -lMagickWand-7.Q16 -lMagickCore-7.Q16
#8 791.0 cc -shared  .libs/imagick_file.o .libs/imagick_class.o .libs/imagickdraw_class.o .libs/imagickpixel_class.o .libs/imagickpixeliterator_class.o .libs/imagick_helpers.o .libs/imagick.o .libs/imagickkernel_class.o .libs/shim_im6_to_im7.o  -lgomp /usr/lib/x86_64-linux-gnu/libMagickWand-7.Q16.so /usr/lib/x86_64-linux-gnu/libMagickCore-7.Q16.so  -Wl,-soname -Wl,imagick.so -o .libs/imagick.so
#8 791.1 creating imagick.la
#8 791.2 (cd .libs && rm -f imagick.la && ln -s ../imagick.la imagick.la)
#8 791.2 /bin/bash /tmp/pear/temp/pear-build-defaultuserySL1DN/imagick-3.8.1/libtool --mode=install cp ./imagick.la /tmp/pear/temp/pear-build-defaultuserySL1DN/imagick-3.8.1/modules
#8 791.3 cp ./.libs/imagick.so /tmp/pear/temp/pear-build-defaultuserySL1DN/imagick-3.8.1/modules/imagick.so
#8 791.4 cp ./.libs/imagick.lai /tmp/pear/temp/pear-build-defaultuserySL1DN/imagick-3.8.1/modules/imagick.la
#8 791.5 PATH="$PATH:/sbin" ldconfig -n /tmp/pear/temp/pear-build-defaultuserySL1DN/imagick-3.8.1/modules
#8 791.5 ----------------------------------------------------------------------
#8 791.5 Libraries have been installed in:
#8 791.5    /tmp/pear/temp/pear-build-defaultuserySL1DN/imagick-3.8.1/modules
#8 791.5 
#8 791.5 If you ever happen to want to link against installed libraries
#8 791.5 in a given directory, LIBDIR, you must either use libtool, and
#8 791.5 specify the full pathname of the library, or use the `-LLIBDIR'
#8 791.5 flag during linking and do at least one of the following:
#8 791.5    - add LIBDIR to the `LD_LIBRARY_PATH' environment variable
#8 791.5      during execution
#8 791.5    - add LIBDIR to the `LD_RUN_PATH' environment variable
#8 791.5      during linking
#8 791.5    - use the `-Wl,--rpath -Wl,LIBDIR' linker flag
#8 791.5    - have your system administrator add LIBDIR to `/etc/ld.so.conf'
#8 791.5 
#8 791.5 See any operating system documentation about shared libraries for
#8 791.5 more information, such as the ld(1) and ld.so(8) manual pages.
#8 791.5 ----------------------------------------------------------------------
#8 791.5 
#8 791.5 Build complete.
#8 791.5 Don't forget to run 'make test'.
#8 791.6 
#8 791.6 running: make INSTALL_ROOT="/tmp/pear/temp/pear-build-defaultuserySL1DN/install-imagick-3.8.1" install
#8 791.6 Parse /tmp/pear/temp/imagick/ImagickDraw.stub.php to generate /tmp/pear/temp/imagick/ImagickDraw_arginfo.h
#8 791.7 sh: 1: wget: not found
#8 791.8   % Total    % Received % Xferd  Average Speed   Time    Time     Time  Current
#8 791.8                                  Dload  Upload   Total   Spent    Left  Speed
#8 792.7   0     0    0     0    0     0      0      0 --:--:-- --:--:-- --:--:--     0  0     0    0     0    0     0      0      0 --:--:-- --:--:-- --:--:--     0  0     0    0     0    0     0      0      0 --:--:-- --:--:-- --:--:--     0
#8 794.6   0     0    0     0    0     0      0      0 --:--:--  0:00:01 --:--:--     0 61  149k   61 94241    0     0  35254      0  0:00:04  0:00:02  0:00:02 95001100  149k  100  149k    0     0  54709      0  0:00:02  0:00:02 --:--:--  133k
#8 794.6 PHP-Parser-4.13.0/.editorconfig
#8 794.6 PHP-Parser-4.13.0/LICENSE
#8 794.6 PHP-Parser-4.13.0/README.md
#8 794.6 PHP-Parser-4.13.0/bin/
#8 794.6 PHP-Parser-4.13.0/bin/php-parse
#8 794.6 PHP-Parser-4.13.0/composer.json
#8 794.6 PHP-Parser-4.13.0/grammar/
#8 794.6 PHP-Parser-4.13.0/grammar/README.md
#8 794.6 PHP-Parser-4.13.0/grammar/parser.template
#8 794.6 PHP-Parser-4.13.0/grammar/php5.y
#8 794.6 PHP-Parser-4.13.0/grammar/php7.y
#8 794.6 PHP-Parser-4.13.0/grammar/phpyLang.php
#8 794.6 PHP-Parser-4.13.0/grammar/rebuildParsers.php
#8 794.6 PHP-Parser-4.13.0/grammar/tokens.template
#8 794.6 PHP-Parser-4.13.0/grammar/tokens.y
#8 794.6 PHP-Parser-4.13.0/lib/
#8 794.6 PHP-Parser-4.13.0/lib/PhpParser/
#8 794.6 PHP-Parser-4.13.0/lib/PhpParser/Builder.php
#8 794.6 PHP-Parser-4.13.0/lib/PhpParser/Builder/
#8 794.6 PHP-Parser-4.13.0/lib/PhpParser/Builder/ClassConst.php
#8 794.6 PHP-Parser-4.13.0/lib/PhpParser/Builder/Class_.php
#8 794.6 PHP-Parser-4.13.0/lib/PhpParser/Builder/Declaration.php
#8 794.6 PHP-Parser-4.13.0/lib/PhpParser/Builder/FunctionLike.php
#8 794.6 PHP-Parser-4.13.0/lib/PhpParser/Builder/Function_.php
#8 794.6 PHP-Parser-4.13.0/lib/PhpParser/Builder/Interface_.php
#8 794.6 PHP-Parser-4.13.0/lib/PhpParser/Builder/Method.php
#8 794.6 PHP-Parser-4.13.0/lib/PhpParser/Builder/Namespace_.php
#8 794.6 PHP-Parser-4.13.0/lib/PhpParser/Builder/Param.php
#8 794.6 PHP-Parser-4.13.0/lib/PhpParser/Builder/Property.php
#8 794.6 PHP-Parser-4.13.0/lib/PhpParser/Builder/TraitUse.php
#8 794.6 PHP-Parser-4.13.0/lib/PhpParser/Builder/TraitUseAdaptation.php
#8 794.6 PHP-Parser-4.13.0/lib/PhpParser/Builder/Trait_.php
#8 794.6 PHP-Parser-4.13.0/lib/PhpParser/Builder/Use_.php
#8 794.6 PHP-Parser-4.13.0/lib/PhpParser/BuilderFactory.php
#8 794.6 PHP-Parser-4.13.0/lib/PhpParser/BuilderHelpers.php
#8 794.6 PHP-Parser-4.13.0/lib/PhpParser/Comment.php
#8 794.6 PHP-Parser-4.13.0/lib/PhpParser/Comment/
#8 794.6 PHP-Parser-4.13.0/lib/PhpParser/Comment/Doc.php
#8 794.6 PHP-Parser-4.13.0/lib/PhpParser/ConstExprEvaluationException.php
#8 794.6 PHP-Parser-4.13.0/lib/PhpParser/ConstExprEvaluator.php
#8 794.6 PHP-Parser-4.13.0/lib/PhpParser/Error.php
#8 794.6 PHP-Parser-4.13.0/lib/PhpParser/ErrorHandler.php
#8 794.6 PHP-Parser-4.13.0/lib/PhpParser/ErrorHandler/
#8 794.6 PHP-Parser-4.13.0/lib/PhpParser/ErrorHandler/Collecting.php
#8 794.6 PHP-Parser-4.13.0/lib/PhpParser/ErrorHandler/Throwing.php
#8 794.6 PHP-Parser-4.13.0/lib/PhpParser/Internal/
#8 794.6 PHP-Parser-4.13.0/lib/PhpParser/Internal/DiffElem.php
#8 794.6 PHP-Parser-4.13.0/lib/PhpParser/Internal/Differ.php
#8 794.6 PHP-Parser-4.13.0/lib/PhpParser/Internal/PrintableNewAnonClassNode.php
#8 794.6 PHP-Parser-4.13.0/lib/PhpParser/Internal/TokenStream.php
#8 794.6 PHP-Parser-4.13.0/lib/PhpParser/JsonDecoder.php
#8 794.6 PHP-Parser-4.13.0/lib/PhpParser/Lexer.php
#8 794.6 PHP-Parser-4.13.0/lib/PhpParser/Lexer/
#8 794.6 PHP-Parser-4.13.0/lib/PhpParser/Lexer/Emulative.php
#8 794.6 PHP-Parser-4.13.0/lib/PhpParser/Lexer/TokenEmulator/
#8 794.6 PHP-Parser-4.13.0/lib/PhpParser/Lexer/TokenEmulator/AttributeEmulator.php
#8 794.6 PHP-Parser-4.13.0/lib/PhpParser/Lexer/TokenEmulator/CoaleseEqualTokenEmulator.php
#8 794.6 PHP-Parser-4.13.0/lib/PhpParser/Lexer/TokenEmulator/EnumTokenEmulator.php
#8 794.6 PHP-Parser-4.13.0/lib/PhpParser/Lexer/TokenEmulator/ExplicitOctalEmulator.php
#8 794.6 PHP-Parser-4.13.0/lib/PhpParser/Lexer/TokenEmulator/FlexibleDocStringEmulator.php
#8 794.6 PHP-Parser-4.13.0/lib/PhpParser/Lexer/TokenEmulator/FnTokenEmulator.php
#8 794.6 PHP-Parser-4.13.0/lib/PhpParser/Lexer/TokenEmulator/KeywordEmulator.php
#8 794.6 PHP-Parser-4.13.0/lib/PhpParser/Lexer/TokenEmulator/MatchTokenEmulator.php
#8 794.6 PHP-Parser-4.13.0/lib/PhpParser/Lexer/TokenEmulator/NullsafeTokenEmulator.php
#8 794.6 PHP-Parser-4.13.0/lib/PhpParser/Lexer/TokenEmulator/NumericLiteralSeparatorEmulator.php
#8 794.6 PHP-Parser-4.13.0/lib/PhpParser/Lexer/TokenEmulator/ReadonlyTokenEmulator.php
#8 794.6 PHP-Parser-4.13.0/lib/PhpParser/Lexer/TokenEmulator/ReverseEmulator.php
#8 794.6 PHP-Parser-4.13.0/lib/PhpParser/Lexer/TokenEmulator/TokenEmulator.php
#8 794.6 PHP-Parser-4.13.0/lib/PhpParser/NameContext.php
#8 794.6 PHP-Parser-4.13.0/lib/PhpParser/Node.php
#8 794.6 PHP-Parser-4.13.0/lib/PhpParser/Node/
#8 794.6 PHP-Parser-4.13.0/lib/PhpParser/Node/Arg.php
#8 794.6 PHP-Parser-4.13.0/lib/PhpParser/Node/Attribute.php
#8 794.6 PHP-Parser-4.13.0/lib/PhpParser/Node/AttributeGroup.php
#8 794.6 PHP-Parser-4.13.0/lib/PhpParser/Node/ComplexType.php
#8 794.6 PHP-Parser-4.13.0/lib/PhpParser/Node/Const_.php
#8 794.6 PHP-Parser-4.13.0/lib/PhpParser/Node/Expr.php
#8 794.6 PHP-Parser-4.13.0/lib/PhpParser/Node/Expr/
#8 794.6 PHP-Parser-4.13.0/lib/PhpParser/Node/Expr/ArrayDimFetch.php
#8 794.6 PHP-Parser-4.13.0/lib/PhpParser/Node/Expr/ArrayItem.php
#8 794.6 PHP-Parser-4.13.0/lib/PhpParser/Node/Expr/Array_.php
#8 794.6 PHP-Parser-4.13.0/lib/PhpParser/Node/Expr/ArrowFunction.php
#8 794.6 PHP-Parser-4.13.0/lib/PhpParser/Node/Expr/Assign.php
#8 794.6 PHP-Parser-4.13.0/lib/PhpParser/Node/Expr/AssignOp.php
#8 794.6 PHP-Parser-4.13.0/lib/PhpParser/Node/Expr/AssignOp/
#8 794.6 PHP-Parser-4.13.0/lib/PhpParser/Node/Expr/AssignOp/BitwiseAnd.php
#8 794.6 PHP-Parser-4.13.0/lib/PhpParser/Node/Expr/AssignOp/BitwiseOr.php
#8 794.6 PHP-Parser-4.13.0/lib/PhpParser/Node/Expr/AssignOp/BitwiseXor.php
#8 794.6 PHP-Parser-4.13.0/lib/PhpParser/Node/Expr/AssignOp/Coalesce.php
#8 794.6 PHP-Parser-4.13.0/lib/PhpParser/Node/Expr/AssignOp/Concat.php
#8 794.6 PHP-Parser-4.13.0/lib/PhpParser/Node/Expr/AssignOp/Div.php
#8 794.6 PHP-Parser-4.13.0/lib/PhpParser/Node/Expr/AssignOp/Minus.php
#8 794.6 PHP-Parser-4.13.0/lib/PhpParser/Node/Expr/AssignOp/Mod.php
#8 794.6 PHP-Parser-4.13.0/lib/PhpParser/Node/Expr/AssignOp/Mul.php
#8 794.6 PHP-Parser-4.13.0/lib/PhpParser/Node/Expr/AssignOp/Plus.php
#8 794.6 PHP-Parser-4.13.0/lib/PhpParser/Node/Expr/AssignOp/Pow.php
#8 794.6 PHP-Parser-4.13.0/lib/PhpParser/Node/Expr/AssignOp/ShiftLeft.php
#8 794.6 PHP-Parser-4.13.0/lib/PhpParser/Node/Expr/AssignOp/ShiftRight.php
#8 794.6 PHP-Parser-4.13.0/lib/PhpParser/Node/Expr/AssignRef.php
#8 794.6 PHP-Parser-4.13.0/lib/PhpParser/Node/Expr/BinaryOp.php
#8 794.6 PHP-Parser-4.13.0/lib/PhpParser/Node/Expr/BinaryOp/
#8 794.6 PHP-Parser-4.13.0/lib/PhpParser/Node/Expr/BinaryOp/BitwiseAnd.php
#8 794.6 PHP-Parser-4.13.0/lib/PhpParser/Node/Expr/BinaryOp/BitwiseOr.php
#8 794.6 PHP-Parser-4.13.0/lib/PhpParser/Node/Expr/BinaryOp/BitwiseXor.php
#8 794.6 PHP-Parser-4.13.0/lib/PhpParser/Node/Expr/BinaryOp/BooleanAnd.php
#8 794.6 PHP-Parser-4.13.0/lib/PhpParser/Node/Expr/BinaryOp/BooleanOr.php
#8 794.6 PHP-Parser-4.13.0/lib/PhpParser/Node/Expr/BinaryOp/Coalesce.php
#8 794.6 PHP-Parser-4.13.0/lib/PhpParser/Node/Expr/BinaryOp/Concat.php
#8 794.6 PHP-Parser-4.13.0/lib/PhpParser/Node/Expr/BinaryOp/Div.php
#8 794.6 PHP-Parser-4.13.0/lib/PhpParser/Node/Expr/BinaryOp/Equal.php
#8 794.6 PHP-Parser-4.13.0/lib/PhpParser/Node/Expr/BinaryOp/Greater.php
#8 794.6 PHP-Parser-4.13.0/lib/PhpParser/Node/Expr/BinaryOp/GreaterOrEqual.php
#8 794.6 PHP-Parser-4.13.0/lib/PhpParser/Node/Expr/BinaryOp/Identical.php
#8 794.6 PHP-Parser-4.13.0/lib/PhpParser/Node/Expr/BinaryOp/LogicalAnd.php
#8 794.6 PHP-Parser-4.13.0/lib/PhpParser/Node/Expr/BinaryOp/LogicalOr.php
#8 794.6 PHP-Parser-4.13.0/lib/PhpParser/Node/Expr/BinaryOp/LogicalXor.php
#8 794.6 PHP-Parser-4.13.0/lib/PhpParser/Node/Expr/BinaryOp/Minus.php
#8 794.6 PHP-Parser-4.13.0/lib/PhpParser/Node/Expr/BinaryOp/Mod.php
#8 794.6 PHP-Parser-4.13.0/lib/PhpParser/Node/Expr/BinaryOp/Mul.php
#8 794.6 PHP-Parser-4.13.0/lib/PhpParser/Node/Expr/BinaryOp/NotEqual.php
#8 794.6 PHP-Parser-4.13.0/lib/PhpParser/Node/Expr/BinaryOp/NotIdentical.php
#8 794.6 PHP-Parser-4.13.0/lib/PhpParser/Node/Expr/BinaryOp/Plus.php
#8 794.6 PHP-Parser-4.13.0/lib/PhpParser/Node/Expr/BinaryOp/Pow.php
#8 794.6 PHP-Parser-4.13.0/lib/PhpParser/Node/Expr/BinaryOp/ShiftLeft.php
#8 794.6 PHP-Parser-4.13.0/lib/PhpParser/Node/Expr/BinaryOp/ShiftRight.php
#8 794.6 PHP-Parser-4.13.0/lib/PhpParser/Node/Expr/BinaryOp/Smaller.php
#8 794.6 PHP-Parser-4.13.0/lib/PhpParser/Node/Expr/BinaryOp/SmallerOrEqual.php
#8 794.6 PHP-Parser-4.13.0/lib/PhpParser/Node/Expr/BinaryOp/Spaceship.php
#8 794.6 PHP-Parser-4.13.0/lib/PhpParser/Node/Expr/BitwiseNot.php
#8 794.6 PHP-Parser-4.13.0/lib/PhpParser/Node/Expr/BooleanNot.php
#8 794.6 PHP-Parser-4.13.0/lib/PhpParser/Node/Expr/CallLike.php
#8 794.7 PHP-Parser-4.13.0/lib/PhpParser/Node/Expr/Cast.php
#8 794.7 PHP-Parser-4.13.0/lib/PhpParser/Node/Expr/Cast/
#8 794.7 PHP-Parser-4.13.0/lib/PhpParser/Node/Expr/Cast/Array_.php
#8 794.7 PHP-Parser-4.13.0/lib/PhpParser/Node/Expr/Cast/Bool_.php
#8 794.7 PHP-Parser-4.13.0/lib/PhpParser/Node/Expr/Cast/Double.php
#8 794.7 PHP-Parser-4.13.0/lib/PhpParser/Node/Expr/Cast/Int_.php
#8 794.7 PHP-Parser-4.13.0/lib/PhpParser/Node/Expr/Cast/Object_.php
#8 794.7 PHP-Parser-4.13.0/lib/PhpParser/Node/Expr/Cast/String_.php
#8 794.7 PHP-Parser-4.13.0/lib/PhpParser/Node/Expr/Cast/Unset_.php
#8 794.7 PHP-Parser-4.13.0/lib/PhpParser/Node/Expr/ClassConstFetch.php
#8 794.7 PHP-Parser-4.13.0/lib/PhpParser/Node/Expr/Clone_.php
#8 794.7 PHP-Parser-4.13.0/lib/PhpParser/Node/Expr/Closure.php
#8 794.7 PHP-Parser-4.13.0/lib/PhpParser/Node/Expr/ClosureUse.php
#8 794.7 PHP-Parser-4.13.0/lib/PhpParser/Node/Expr/ConstFetch.php
#8 794.7 PHP-Parser-4.13.0/lib/PhpParser/Node/Expr/Empty_.php
#8 794.7 PHP-Parser-4.13.0/lib/PhpParser/Node/Expr/Error.php
#8 794.7 PHP-Parser-4.13.0/lib/PhpParser/Node/Expr/ErrorSuppress.php
#8 794.7 PHP-Parser-4.13.0/lib/PhpParser/Node/Expr/Eval_.php
#8 794.7 PHP-Parser-4.13.0/lib/PhpParser/Node/Expr/Exit_.php
#8 794.7 PHP-Parser-4.13.0/lib/PhpParser/Node/Expr/FuncCall.php
#8 794.7 PHP-Parser-4.13.0/lib/PhpParser/Node/Expr/Include_.php
#8 794.7 PHP-Parser-4.13.0/lib/PhpParser/Node/Expr/Instanceof_.php
#8 794.7 PHP-Parser-4.13.0/lib/PhpParser/Node/Expr/Isset_.php
#8 794.7 PHP-Parser-4.13.0/lib/PhpParser/Node/Expr/List_.php
#8 794.7 PHP-Parser-4.13.0/lib/PhpParser/Node/Expr/Match_.php
#8 794.7 PHP-Parser-4.13.0/lib/PhpParser/Node/Expr/MethodCall.php
#8 794.7 PHP-Parser-4.13.0/lib/PhpParser/Node/Expr/New_.php
#8 794.7 PHP-Parser-4.13.0/lib/PhpParser/Node/Expr/NullsafeMethodCall.php
#8 794.7 PHP-Parser-4.13.0/lib/PhpParser/Node/Expr/NullsafePropertyFetch.php
#8 794.7 PHP-Parser-4.13.0/lib/PhpParser/Node/Expr/PostDec.php
#8 794.7 PHP-Parser-4.13.0/lib/PhpParser/Node/Expr/PostInc.php
#8 794.7 PHP-Parser-4.13.0/lib/PhpParser/Node/Expr/PreDec.php
#8 794.7 PHP-Parser-4.13.0/lib/PhpParser/Node/Expr/PreInc.php
#8 794.7 PHP-Parser-4.13.0/lib/PhpParser/Node/Expr/Print_.php
#8 794.7 PHP-Parser-4.13.0/lib/PhpParser/Node/Expr/PropertyFetch.php
#8 794.7 PHP-Parser-4.13.0/lib/PhpParser/Node/Expr/ShellExec.php
#8 794.7 PHP-Parser-4.13.0/lib/PhpParser/Node/Expr/StaticCall.php
#8 794.7 PHP-Parser-4.13.0/lib/PhpParser/Node/Expr/StaticPropertyFetch.php
#8 794.7 PHP-Parser-4.13.0/lib/PhpParser/Node/Expr/Ternary.php
#8 794.7 PHP-Parser-4.13.0/lib/PhpParser/Node/Expr/Throw_.php
#8 794.7 PHP-Parser-4.13.0/lib/PhpParser/Node/Expr/UnaryMinus.php
#8 794.7 PHP-Parser-4.13.0/lib/PhpParser/Node/Expr/UnaryPlus.php
#8 794.7 PHP-Parser-4.13.0/lib/PhpParser/Node/Expr/Variable.php
#8 794.7 PHP-Parser-4.13.0/lib/PhpParser/Node/Expr/YieldFrom.php
#8 794.7 PHP-Parser-4.13.0/lib/PhpParser/Node/Expr/Yield_.php
#8 794.7 PHP-Parser-4.13.0/lib/PhpParser/Node/FunctionLike.php
#8 794.7 PHP-Parser-4.13.0/lib/PhpParser/Node/Identifier.php
#8 794.7 PHP-Parser-4.13.0/lib/PhpParser/Node/IntersectionType.php
#8 794.7 PHP-Parser-4.13.0/lib/PhpParser/Node/MatchArm.php
#8 794.7 PHP-Parser-4.13.0/lib/PhpParser/Node/Name.php
#8 794.7 PHP-Parser-4.13.0/lib/PhpParser/Node/Name/
#8 794.7 PHP-Parser-4.13.0/lib/PhpParser/Node/Name/FullyQualified.php
#8 794.7 PHP-Parser-4.13.0/lib/PhpParser/Node/Name/Relative.php
#8 794.7 PHP-Parser-4.13.0/lib/PhpParser/Node/NullableType.php
#8 794.7 PHP-Parser-4.13.0/lib/PhpParser/Node/Param.php
#8 794.7 PHP-Parser-4.13.0/lib/PhpParser/Node/Scalar.php
#8 794.7 PHP-Parser-4.13.0/lib/PhpParser/Node/Scalar/
#8 794.7 PHP-Parser-4.13.0/lib/PhpParser/Node/Scalar/DNumber.php
#8 794.7 PHP-Parser-4.13.0/lib/PhpParser/Node/Scalar/Encapsed.php
#8 794.7 PHP-Parser-4.13.0/lib/PhpParser/Node/Scalar/EncapsedStringPart.php
#8 794.7 PHP-Parser-4.13.0/lib/PhpParser/Node/Scalar/LNumber.php
#8 794.7 PHP-Parser-4.13.0/lib/PhpParser/Node/Scalar/MagicConst.php
#8 794.7 PHP-Parser-4.13.0/lib/PhpParser/Node/Scalar/MagicConst/
#8 794.7 PHP-Parser-4.13.0/lib/PhpParser/Node/Scalar/MagicConst/Class_.php
#8 794.7 PHP-Parser-4.13.0/lib/PhpParser/Node/Scalar/MagicConst/Dir.php
#8 794.7 PHP-Parser-4.13.0/lib/PhpParser/Node/Scalar/MagicConst/File.php
#8 794.7 PHP-Parser-4.13.0/lib/PhpParser/Node/Scalar/MagicConst/Function_.php
#8 794.7 PHP-Parser-4.13.0/lib/PhpParser/Node/Scalar/MagicConst/Line.php
#8 794.7 PHP-Parser-4.13.0/lib/PhpParser/Node/Scalar/MagicConst/Method.php
#8 794.7 PHP-Parser-4.13.0/lib/PhpParser/Node/Scalar/MagicConst/Namespace_.php
#8 794.7 PHP-Parser-4.13.0/lib/PhpParser/Node/Scalar/MagicConst/Trait_.php
#8 794.7 PHP-Parser-4.13.0/lib/PhpParser/Node/Scalar/String_.php
#8 794.7 PHP-Parser-4.13.0/lib/PhpParser/Node/Stmt.php
#8 794.7 PHP-Parser-4.13.0/lib/PhpParser/Node/Stmt/
#8 794.7 PHP-Parser-4.13.0/lib/PhpParser/Node/Stmt/Break_.php
#8 794.7 PHP-Parser-4.13.0/lib/PhpParser/Node/Stmt/Case_.php
#8 794.7 PHP-Parser-4.13.0/lib/PhpParser/Node/Stmt/Catch_.php
#8 794.7 PHP-Parser-4.13.0/lib/PhpParser/Node/Stmt/ClassConst.php
#8 794.7 PHP-Parser-4.13.0/lib/PhpParser/Node/Stmt/ClassLike.php
#8 794.7 PHP-Parser-4.13.0/lib/PhpParser/Node/Stmt/ClassMethod.php
#8 794.7 PHP-Parser-4.13.0/lib/PhpParser/Node/Stmt/Class_.php
#8 794.7 PHP-Parser-4.13.0/lib/PhpParser/Node/Stmt/Const_.php
#8 794.7 PHP-Parser-4.13.0/lib/PhpParser/Node/Stmt/Continue_.php
#8 794.7 PHP-Parser-4.13.0/lib/PhpParser/Node/Stmt/DeclareDeclare.php
#8 794.7 PHP-Parser-4.13.0/lib/PhpParser/Node/Stmt/Declare_.php
#8 794.7 PHP-Parser-4.13.0/lib/PhpParser/Node/Stmt/Do_.php
#8 794.7 PHP-Parser-4.13.0/lib/PhpParser/Node/Stmt/Echo_.php
#8 794.7 PHP-Parser-4.13.0/lib/PhpParser/Node/Stmt/ElseIf_.php
#8 794.7 PHP-Parser-4.13.0/lib/PhpParser/Node/Stmt/Else_.php
#8 794.7 PHP-Parser-4.13.0/lib/PhpParser/Node/Stmt/EnumCase.php
#8 794.7 PHP-Parser-4.13.0/lib/PhpParser/Node/Stmt/Enum_.php
#8 794.7 PHP-Parser-4.13.0/lib/PhpParser/Node/Stmt/Expression.php
#8 794.7 PHP-Parser-4.13.0/lib/PhpParser/Node/Stmt/Finally_.php
#8 794.7 PHP-Parser-4.13.0/lib/PhpParser/Node/Stmt/For_.php
#8 794.7 PHP-Parser-4.13.0/lib/PhpParser/Node/Stmt/Foreach_.php
#8 794.7 PHP-Parser-4.13.0/lib/PhpParser/Node/Stmt/Function_.php
#8 794.7 PHP-Parser-4.13.0/lib/PhpParser/Node/Stmt/Global_.php
#8 794.7 PHP-Parser-4.13.0/lib/PhpParser/Node/Stmt/Goto_.php
#8 794.7 PHP-Parser-4.13.0/lib/PhpParser/Node/Stmt/GroupUse.php
#8 794.7 PHP-Parser-4.13.0/lib/PhpParser/Node/Stmt/HaltCompiler.php
#8 794.7 PHP-Parser-4.13.0/lib/PhpParser/Node/Stmt/If_.php
#8 794.7 PHP-Parser-4.13.0/lib/PhpParser/Node/Stmt/InlineHTML.php
#8 794.7 PHP-Parser-4.13.0/lib/PhpParser/Node/Stmt/Interface_.php
#8 794.7 PHP-Parser-4.13.0/lib/PhpParser/Node/Stmt/Label.php
#8 794.7 PHP-Parser-4.13.0/lib/PhpParser/Node/Stmt/Namespace_.php
#8 794.7 PHP-Parser-4.13.0/lib/PhpParser/Node/Stmt/Nop.php
#8 794.7 PHP-Parser-4.13.0/lib/PhpParser/Node/Stmt/Property.php
#8 794.7 PHP-Parser-4.13.0/lib/PhpParser/Node/Stmt/PropertyProperty.php
#8 794.7 PHP-Parser-4.13.0/lib/PhpParser/Node/Stmt/Return_.php
#8 794.7 PHP-Parser-4.13.0/lib/PhpParser/Node/Stmt/StaticVar.php
#8 794.7 PHP-Parser-4.13.0/lib/PhpParser/Node/Stmt/Static_.php
#8 794.7 PHP-Parser-4.13.0/lib/PhpParser/Node/Stmt/Switch_.php
#8 794.7 PHP-Parser-4.13.0/lib/PhpParser/Node/Stmt/Throw_.php
#8 794.7 PHP-Parser-4.13.0/lib/PhpParser/Node/Stmt/TraitUse.php
#8 794.7 PHP-Parser-4.13.0/lib/PhpParser/Node/Stmt/TraitUseAdaptation.php
#8 794.7 PHP-Parser-4.13.0/lib/PhpParser/Node/Stmt/TraitUseAdaptation/
#8 794.7 PHP-Parser-4.13.0/lib/PhpParser/Node/Stmt/TraitUseAdaptation/Alias.php
#8 794.7 PHP-Parser-4.13.0/lib/PhpParser/Node/Stmt/TraitUseAdaptation/Precedence.php
#8 794.7 PHP-Parser-4.13.0/lib/PhpParser/Node/Stmt/Trait_.php
#8 794.7 PHP-Parser-4.13.0/lib/PhpParser/Node/Stmt/TryCatch.php
#8 794.7 PHP-Parser-4.13.0/lib/PhpParser/Node/Stmt/Unset_.php
#8 794.7 PHP-Parser-4.13.0/lib/PhpParser/Node/Stmt/UseUse.php
#8 794.7 PHP-Parser-4.13.0/lib/PhpParser/Node/Stmt/Use_.php
#8 794.7 PHP-Parser-4.13.0/lib/PhpParser/Node/Stmt/While_.php
#8 794.7 PHP-Parser-4.13.0/lib/PhpParser/Node/UnionType.php
#8 794.7 PHP-Parser-4.13.0/lib/PhpParser/Node/VarLikeIdentifier.php
#8 794.7 PHP-Parser-4.13.0/lib/PhpParser/Node/VariadicPlaceholder.php
#8 794.7 PHP-Parser-4.13.0/lib/PhpParser/NodeAbstract.php
#8 794.7 PHP-Parser-4.13.0/lib/PhpParser/NodeDumper.php
#8 794.7 PHP-Parser-4.13.0/lib/PhpParser/NodeFinder.php
#8 794.7 PHP-Parser-4.13.0/lib/PhpParser/NodeTraverser.php
#8 794.7 PHP-Parser-4.13.0/lib/PhpParser/NodeTraverserInterface.php
#8 794.7 PHP-Parser-4.13.0/lib/PhpParser/NodeVisitor.php
#8 794.7 PHP-Parser-4.13.0/lib/PhpParser/NodeVisitor/
#8 794.7 PHP-Parser-4.13.0/lib/PhpParser/NodeVisitor/CloningVisitor.php
#8 794.7 PHP-Parser-4.13.0/lib/PhpParser/NodeVisitor/FindingVisitor.php
#8 794.7 PHP-Parser-4.13.0/lib/PhpParser/NodeVisitor/FirstFindingVisitor.php
#8 794.7 PHP-Parser-4.13.0/lib/PhpParser/NodeVisitor/NameResolver.php
#8 794.7 PHP-Parser-4.13.0/lib/PhpParser/NodeVisitor/NodeConnectingVisitor.php
#8 794.7 PHP-Parser-4.13.0/lib/PhpParser/NodeVisitor/ParentConnectingVisitor.php
#8 794.7 PHP-Parser-4.13.0/lib/PhpParser/NodeVisitorAbstract.php
#8 794.7 PHP-Parser-4.13.0/lib/PhpParser/Parser.php
#8 794.7 PHP-Parser-4.13.0/lib/PhpParser/Parser/
#8 794.7 PHP-Parser-4.13.0/lib/PhpParser/Parser/Multiple.php
#8 794.7 PHP-Parser-4.13.0/lib/PhpParser/Parser/Php5.php
#8 794.7 PHP-Parser-4.13.0/lib/PhpParser/Parser/Php7.php
#8 794.7 PHP-Parser-4.13.0/lib/PhpParser/Parser/Tokens.php
#8 794.7 PHP-Parser-4.13.0/lib/PhpParser/ParserAbstract.php
#8 794.7 PHP-Parser-4.13.0/lib/PhpParser/ParserFactory.php
#8 794.7 PHP-Parser-4.13.0/lib/PhpParser/PrettyPrinter/
#8 794.7 PHP-Parser-4.13.0/lib/PhpParser/PrettyPrinter/Standard.php
#8 794.7 PHP-Parser-4.13.0/lib/PhpParser/PrettyPrinterAbstract.php
#8 794.8 Saved /tmp/pear/temp/imagick/ImagickDraw_arginfo.h
#8 794.8 Saved /tmp/pear/temp/imagick/ImagickDraw_legacy_arginfo.h
#8 794.8 Parse /tmp/pear/temp/imagick/ImagickPixelIterator.stub.php to generate /tmp/pear/temp/imagick/ImagickPixelIterator_arginfo.h
#8 794.9 Saved /tmp/pear/temp/imagick/ImagickPixelIterator_arginfo.h
#8 794.9 Saved /tmp/pear/temp/imagick/ImagickPixelIterator_legacy_arginfo.h
#8 794.9 Parse /tmp/pear/temp/imagick/ImagickPixel.stub.php to generate /tmp/pear/temp/imagick/ImagickPixel_arginfo.h
#8 795.0 Saved /tmp/pear/temp/imagick/ImagickPixel_arginfo.h
#8 795.0 Saved /tmp/pear/temp/imagick/ImagickPixel_legacy_arginfo.h
#8 795.0 Parse /tmp/pear/temp/imagick/Imagick.stub.php to generate /tmp/pear/temp/imagick/Imagick_arginfo.h
#8 795.2 Saved /tmp/pear/temp/imagick/Imagick_arginfo.h
#8 795.3 Saved /tmp/pear/temp/imagick/Imagick_legacy_arginfo.h
#8 795.3 Parse /tmp/pear/temp/imagick/ImagickKernel.stub.php to generate /tmp/pear/temp/imagick/ImagickKernel_arginfo.h
#8 795.4 Saved /tmp/pear/temp/imagick/ImagickKernel_arginfo.h
#8 795.4 Saved /tmp/pear/temp/imagick/ImagickKernel_legacy_arginfo.h
#8 795.4 /bin/bash /tmp/pear/temp/pear-build-defaultuserySL1DN/imagick-3.8.1/libtool --mode=compile cc -I. -I/tmp/pear/temp/imagick -I/tmp/pear/temp/pear-build-defaultuserySL1DN/imagick-3.8.1/include -I/tmp/pear/temp/pear-build-defaultuserySL1DN/imagick-3.8.1/main -I/tmp/pear/temp/imagick -I/usr/local/include/php -I/usr/local/include/php/main -I/usr/local/include/php/TSRM -I/usr/local/include/php/Zend -I/usr/local/include/php/ext -I/usr/local/include/php/ext/date/lib -I/usr/include/x86_64-linux-gnu/ImageMagick-7 -I/usr/include/ImageMagick-7  -DHAVE_CONFIG_H  -g -O2   -I/usr/include/x86_64-linux-gnu/ImageMagick-7 -I/usr/include/ImageMagick-7 -fopenmp -DMAGICKCORE_HDRI_ENABLE=0 -DMAGICKCORE_QUANTUM_DEPTH=16 -DMAGICKCORE_CHANNEL_MASK_DEPTH=32  -DZEND_COMPILE_DL_EXT=1 -c /tmp/pear/temp/imagick/imagick.c -o imagick.lo  -MMD -MF imagick.dep -MT imagick.lo
#8 796.0  cc -I. -I/tmp/pear/temp/imagick -I/tmp/pear/temp/pear-build-defaultuserySL1DN/imagick-3.8.1/include -I/tmp/pear/temp/pear-build-defaultuserySL1DN/imagick-3.8.1/main -I/tmp/pear/temp/imagick -I/usr/local/include/php -I/usr/local/include/php/main -I/usr/local/include/php/TSRM -I/usr/local/include/php/Zend -I/usr/local/include/php/ext -I/usr/local/include/php/ext/date/lib -I/usr/include/x86_64-linux-gnu/ImageMagick-7 -I/usr/include/ImageMagick-7 -DHAVE_CONFIG_H -g -O2 -I/usr/include/x86_64-linux-gnu/ImageMagick-7 -I/usr/include/ImageMagick-7 -fopenmp -DMAGICKCORE_HDRI_ENABLE=0 -DMAGICKCORE_QUANTUM_DEPTH=16 -DMAGICKCORE_CHANNEL_MASK_DEPTH=32 -DZEND_COMPILE_DL_EXT=1 -c /tmp/pear/temp/imagick/imagick.c -MMD -MF imagick.dep -MT imagick.lo  -fPIC -DPIC -o .libs/imagick.o
#8 796.9 /bin/bash /tmp/pear/temp/pear-build-defaultuserySL1DN/imagick-3.8.1/libtool --mode=link cc -shared -I/tmp/pear/temp/pear-build-defaultuserySL1DN/imagick-3.8.1/include -I/tmp/pear/temp/pear-build-defaultuserySL1DN/imagick-3.8.1/main -I/tmp/pear/temp/imagick -I/usr/local/include/php -I/usr/local/include/php/main -I/usr/local/include/php/TSRM -I/usr/local/include/php/Zend -I/usr/local/include/php/ext -I/usr/local/include/php/ext/date/lib -I/usr/include/x86_64-linux-gnu/ImageMagick-7 -I/usr/include/ImageMagick-7  -DHAVE_CONFIG_H  -g -O2    -o imagick.la -export-dynamic -avoid-version -prefer-pic -module -rpath /tmp/pear/temp/pear-build-defaultuserySL1DN/imagick-3.8.1/modules  imagick_file.lo imagick_class.lo imagickdraw_class.lo imagickpixel_class.lo imagickpixeliterator_class.lo imagick_helpers.lo imagick.lo imagickkernel_class.lo shim_im6_to_im7.lo -lgomp -lMagickWand-7.Q16 -lMagickCore-7.Q16
#8 797.5 rm -fr  .libs/imagick.la .libs/imagick.lai .libs/imagick.so
#8 797.5 cc -shared  .libs/imagick_file.o .libs/imagick_class.o .libs/imagickdraw_class.o .libs/imagickpixel_class.o .libs/imagickpixeliterator_class.o .libs/imagick_helpers.o .libs/imagick.o .libs/imagickkernel_class.o .libs/shim_im6_to_im7.o  -lgomp /usr/lib/x86_64-linux-gnu/libMagickWand-7.Q16.so /usr/lib/x86_64-linux-gnu/libMagickCore-7.Q16.so  -Wl,-soname -Wl,imagick.so -o .libs/imagick.so
#8 797.7 creating imagick.la
#8 797.7 (cd .libs && rm -f imagick.la && ln -s ../imagick.la imagick.la)
#8 797.7 /bin/bash /tmp/pear/temp/pear-build-defaultuserySL1DN/imagick-3.8.1/libtool --mode=install cp ./imagick.la /tmp/pear/temp/pear-build-defaultuserySL1DN/imagick-3.8.1/modules
#8 797.8 cp ./.libs/imagick.so /tmp/pear/temp/pear-build-defaultuserySL1DN/imagick-3.8.1/modules/imagick.so
#8 797.8 cp ./.libs/imagick.lai /tmp/pear/temp/pear-build-defaultuserySL1DN/imagick-3.8.1/modules/imagick.la
#8 797.9 PATH="$PATH:/sbin" ldconfig -n /tmp/pear/temp/pear-build-defaultuserySL1DN/imagick-3.8.1/modules
#8 797.9 ----------------------------------------------------------------------
#8 797.9 Libraries have been installed in:
#8 797.9    /tmp/pear/temp/pear-build-defaultuserySL1DN/imagick-3.8.1/modules
#8 797.9 
#8 797.9 If you ever happen to want to link against installed libraries
#8 797.9 in a given directory, LIBDIR, you must either use libtool, and
#8 797.9 specify the full pathname of the library, or use the `-LLIBDIR'
#8 797.9 flag during linking and do at least one of the following:
#8 797.9    - add LIBDIR to the `LD_LIBRARY_PATH' environment variable
#8 797.9      during execution
#8 797.9    - add LIBDIR to the `LD_RUN_PATH' environment variable
#8 797.9      during linking
#8 797.9    - use the `-Wl,--rpath -Wl,LIBDIR' linker flag
#8 797.9    - have your system administrator add LIBDIR to `/etc/ld.so.conf'
#8 797.9 
#8 797.9 See any operating system documentation about shared libraries for
#8 797.9 more information, such as the ld(1) and ld.so(8) manual pages.
#8 797.9 ----------------------------------------------------------------------
#8 798.1 Installing shared extensions:     /tmp/pear/temp/pear-build-defaultuserySL1DN/install-imagick-3.8.1/usr/local/lib/php/extensions/no-debug-non-zts-20210902/
#8 798.4 Installing header files:          /tmp/pear/temp/pear-build-defaultuserySL1DN/install-imagick-3.8.1/usr/local/include/php/
#8 798.6 running: find "/tmp/pear/temp/pear-build-defaultuserySL1DN/install-imagick-3.8.1" | xargs ls -dils
#8 798.6 904606    4 drwxr-xr-x 3 root root    4096 Aug 26 07:30 /tmp/pear/temp/pear-build-defaultuserySL1DN/install-imagick-3.8.1
#8 798.6 957786    4 drwxr-xr-x 3 root root    4096 Aug 26 07:30 /tmp/pear/temp/pear-build-defaultuserySL1DN/install-imagick-3.8.1/usr
#8 798.6 958433    4 drwxr-xr-x 4 root root    4096 Aug 26 07:30 /tmp/pear/temp/pear-build-defaultuserySL1DN/install-imagick-3.8.1/usr/local
#8 798.6 958438    4 drwxr-xr-x 3 root root    4096 Aug 26 07:30 /tmp/pear/temp/pear-build-defaultuserySL1DN/install-imagick-3.8.1/usr/local/include
#8 798.6 958439    4 drwxr-xr-x 3 root root    4096 Aug 26 07:30 /tmp/pear/temp/pear-build-defaultuserySL1DN/install-imagick-3.8.1/usr/local/include/php
#8 798.6 958440    4 drwxr-xr-x 3 root root    4096 Aug 26 07:30 /tmp/pear/temp/pear-build-defaultuserySL1DN/install-imagick-3.8.1/usr/local/include/php/ext
#8 798.6 958441    4 drwxr-xr-x 2 root root    4096 Aug 26 07:30 /tmp/pear/temp/pear-build-defaultuserySL1DN/install-imagick-3.8.1/usr/local/include/php/ext/imagick
#8 798.6 958442    4 -rw-r--r-- 1 root root    1828 Aug 26 07:30 /tmp/pear/temp/pear-build-defaultuserySL1DN/install-imagick-3.8.1/usr/local/include/php/ext/imagick/php_imagick_shared.h
#8 798.6 958434    4 drwxr-xr-x 3 root root    4096 Aug 26 07:30 /tmp/pear/temp/pear-build-defaultuserySL1DN/install-imagick-3.8.1/usr/local/lib
#8 798.6 958435    4 drwxr-xr-x 3 root root    4096 Aug 26 07:30 /tmp/pear/temp/pear-build-defaultuserySL1DN/install-imagick-3.8.1/usr/local/lib/php
#8 798.6 958436    4 drwxr-xr-x 3 root root    4096 Aug 26 07:30 /tmp/pear/temp/pear-build-defaultuserySL1DN/install-imagick-3.8.1/usr/local/lib/php/extensions
#8 798.6 958437    4 drwxr-xr-x 2 root root    4096 Aug 26 07:30 /tmp/pear/temp/pear-build-defaultuserySL1DN/install-imagick-3.8.1/usr/local/lib/php/extensions/no-debug-non-zts-20210902
#8 798.6 957789 1412 -rwxr-xr-x 1 root root 1445112 Aug 26 07:30 /tmp/pear/temp/pear-build-defaultuserySL1DN/install-imagick-3.8.1/usr/local/lib/php/extensions/no-debug-non-zts-20210902/imagick.so
#8 798.6 
#8 798.6 Build process completed successfully
#8 798.6 Installing '/usr/local/lib/php/extensions/no-debug-non-zts-20210902/imagick.so'
#8 798.6 Installing '/usr/local/include/php/ext/imagick/php_imagick_shared.h'
#8 798.9 install ok: channel://pecl.php.net/imagick-3.8.1
#8 799.0 43 source files, building
#8 799.1 running: phpize
#8 799.1 Configuring for:
#8 799.1 PHP Api Version:         20210902
#8 799.1 Zend Module Api No:      20210902
#8 799.1 Zend Extension Api No:   420210902
#8 801.3 enable igbinary serializer support? [no] : enable lzf compression support? [no] : enable zstd compression support? [no] : enable msgpack serializer support? [no] : enable lz4 compression? [no] : use system liblz4? [yes] : building in /tmp/pear/temp/pear-build-defaultuserhaK8qZ/redis-6.3.0
#8 801.3 running: /tmp/pear/temp/redis/configure --with-php-config=/usr/local/bin/php-config --enable-redis-igbinary=no --enable-redis-lzf=no --enable-redis-zstd=no --enable-redis-msgpack=no --enable-redis-lz4=no --with-liblz4
#8 802.1 checking for grep that handles long lines and -e... /usr/bin/grep
#8 802.1 checking for egrep... /usr/bin/grep -E
#8 802.1 checking for a sed that does not truncate output... /usr/bin/sed
#8 802.2 checking for pkg-config... /usr/bin/pkg-config
#8 802.2 checking pkg-config is at least version 0.9.0... yes
#8 802.2 checking for cc... cc
#8 802.5 checking whether the C compiler works... yes
#8 802.5 checking for C compiler default output file name... a.out
#8 802.6 checking for suffix of executables...
#8 802.7 checking whether we are cross compiling... no
#8 802.8 checking for suffix of object files... o
#8 802.9 checking whether the compiler supports GNU C... yes
#8 802.9 checking whether cc accepts -g... yes
#8 803.1 checking for cc option to enable C11 features... none needed
#8 803.2 checking how to run the C preprocessor... cc -E
#8 803.3 checking for egrep -e... (cached) /usr/bin/grep -E
#8 803.3 checking for icc... no
#8 803.4 checking for suncc... no
#8 803.4 checking for system library directory... lib
#8 803.5 checking if compiler supports -Wl,-rpath,... yes
#8 803.8 checking build system type... x86_64-pc-linux-gnu
#8 803.8 checking host system type... x86_64-pc-linux-gnu
#8 803.8 checking target system type... x86_64-pc-linux-gnu
#8 804.0 checking for PHP prefix... /usr/local
#8 804.0 checking for PHP includes... -I/usr/local/include/php -I/usr/local/include/php/main -I/usr/local/include/php/TSRM -I/usr/local/include/php/Zend -I/usr/local/include/php/ext -I/usr/local/include/php/ext/date/lib
#8 804.0 checking for PHP extension directory... /usr/local/lib/php/extensions/no-debug-non-zts-20210902
#8 804.0 checking for PHP installed headers prefix... /usr/local/include/php
#8 804.1 checking if debug is enabled... no
#8 804.1 checking if zts is enabled... no
#8 804.1 checking for gawk... no
#8 804.1 checking for nawk... nawk
#8 804.1 checking if nawk is broken... no
#8 804.1 checking whether to enable redis support... yes, shared
#8 804.1 checking whether to enable sessions... yes
#8 804.1 checking whether to enable json serializer support... yes
#8 804.1 checking whether to enable igbinary serializer support... no
#8 804.1 checking whether to enable msgpack serializer support... no
#8 804.1 checking whether to enable lzf compression... no
#8 804.1 checking use system liblzf... no
#8 804.1 checking whether to enable Zstd compression... no
#8 804.1 checking use system libzstd... yes
#8 804.1 checking whether to enable lz4 compression... no
#8 804.1 checking use system liblz4... yes
#8 804.2 checking for hash includes... /usr/local/include/php
#8 804.2 checking for json includes... /usr/local/include/php
#8 804.2 checking for redis json support... enabled
#8 804.2 checking for redis igbinary support... disabled
#8 804.2 checking for pkg-config... /usr/bin/pkg-config
#8 804.2 checking for git... yes
#8 804.3 checking for a sed that does not truncate output... /usr/bin/sed
#8 804.3 checking for ld used by cc... /usr/bin/ld
#8 804.3 checking if the linker (/usr/bin/ld) is GNU ld... yes
#8 804.3 checking for /usr/bin/ld option to reload object files... -r
#8 804.3 checking for BSD-compatible nm... /usr/bin/nm -B
#8 804.3 checking whether ln -s works... yes
#8 804.3 checking how to recognize dependent libraries... pass_all
#8 804.4 checking for stdio.h... yes
#8 804.5 checking for stdlib.h... yes
#8 804.7 checking for string.h... yes
#8 804.7 checking for inttypes.h... yes
#8 804.8 checking for stdint.h... yes
#8 804.9 checking for strings.h... yes
#8 805.0 checking for sys/stat.h... yes
#8 805.1 checking for sys/types.h... yes
#8 805.2 checking for unistd.h... yes
#8 805.3 checking for dlfcn.h... yes
#8 805.3 checking the maximum length of command line arguments... 1572864
#8 805.6 checking command to parse /usr/bin/nm -B output from cc object... ok
#8 805.7 checking for objdir... .libs
#8 805.7 checking for ar... ar
#8 805.7 checking for ranlib... ranlib
#8 805.7 checking for strip... strip
#8 805.9 checking if cc supports -fno-rtti -fno-exceptions... no
#8 805.9 checking for cc option to produce PIC... -fPIC
#8 806.0 checking if cc PIC flag -fPIC works... yes
#8 806.3 checking if cc static flag -static works... yes
#8 806.5 checking if cc supports -c -o file.o... yes
#8 806.6 checking whether the cc linker (/usr/bin/ld -m elf_x86_64) supports shared libraries... yes
#8 806.7 checking whether -lc should be explicitly linked in... no
#8 806.8 checking dynamic linker characteristics... GNU/Linux ld.so
#8 806.8 checking how to hardcode library paths into programs... immediate
#8 806.8 checking whether stripping libraries is possible... yes
#8 806.8 checking if libtool supports shared libraries... yes
#8 806.8 checking whether to build shared libraries... yes
#8 806.8 checking whether to build static libraries... no
#8 807.6 
#8 807.7 creating libtool
#8 807.7 appending configuration tag "CXX" to libtool
#8 808.1 configure: patching config.h.in
#8 808.1 configure: creating ./config.status
#8 808.4 config.status: creating config.h
#8 808.6 running: make
#8 808.6 /bin/bash /tmp/pear/temp/pear-build-defaultuserhaK8qZ/redis-6.3.0/libtool --mode=compile cc -I. -I/tmp/pear/temp/redis -I/tmp/pear/temp/pear-build-defaultuserhaK8qZ/redis-6.3.0/include -I/tmp/pear/temp/pear-build-defaultuserhaK8qZ/redis-6.3.0/main -I/tmp/pear/temp/redis -I/usr/local/include/php -I/usr/local/include/php/main -I/usr/local/include/php/TSRM -I/usr/local/include/php/Zend -I/usr/local/include/php/ext -I/usr/local/include/php/ext/date/lib -I/usr/local/include/php/ext  -DHAVE_CONFIG_H  -g -O2    -DZEND_COMPILE_DL_EXT=1 -c /tmp/pear/temp/redis/redis.c -o redis.lo  -MMD -MF redis.dep -MT redis.lo
#8 808.9 mkdir .libs
#8 808.9  cc -I. -I/tmp/pear/temp/redis -I/tmp/pear/temp/pear-build-defaultuserhaK8qZ/redis-6.3.0/include -I/tmp/pear/temp/pear-build-defaultuserhaK8qZ/redis-6.3.0/main -I/tmp/pear/temp/redis -I/usr/local/include/php -I/usr/local/include/php/main -I/usr/local/include/php/TSRM -I/usr/local/include/php/Zend -I/usr/local/include/php/ext -I/usr/local/include/php/ext/date/lib -I/usr/local/include/php/ext -DHAVE_CONFIG_H -g -O2 -DZEND_COMPILE_DL_EXT=1 -c /tmp/pear/temp/redis/redis.c -MMD -MF redis.dep -MT redis.lo  -fPIC -DPIC -o .libs/redis.o
#8 812.4 /bin/bash /tmp/pear/temp/pear-build-defaultuserhaK8qZ/redis-6.3.0/libtool --mode=compile cc -I. -I/tmp/pear/temp/redis -I/tmp/pear/temp/pear-build-defaultuserhaK8qZ/redis-6.3.0/include -I/tmp/pear/temp/pear-build-defaultuserhaK8qZ/redis-6.3.0/main -I/tmp/pear/temp/redis -I/usr/local/include/php -I/usr/local/include/php/main -I/usr/local/include/php/TSRM -I/usr/local/include/php/Zend -I/usr/local/include/php/ext -I/usr/local/include/php/ext/date/lib -I/usr/local/include/php/ext  -DHAVE_CONFIG_H  -g -O2    -DZEND_COMPILE_DL_EXT=1 -c /tmp/pear/temp/redis/redis_commands.c -o redis_commands.lo  -MMD -MF redis_commands.dep -MT redis_commands.lo
#8 812.9  cc -I. -I/tmp/pear/temp/redis -I/tmp/pear/temp/pear-build-defaultuserhaK8qZ/redis-6.3.0/include -I/tmp/pear/temp/pear-build-defaultuserhaK8qZ/redis-6.3.0/main -I/tmp/pear/temp/redis -I/usr/local/include/php -I/usr/local/include/php/main -I/usr/local/include/php/TSRM -I/usr/local/include/php/Zend -I/usr/local/include/php/ext -I/usr/local/include/php/ext/date/lib -I/usr/local/include/php/ext -DHAVE_CONFIG_H -g -O2 -DZEND_COMPILE_DL_EXT=1 -c /tmp/pear/temp/redis/redis_commands.c -MMD -MF redis_commands.dep -MT redis_commands.lo  -fPIC -DPIC -o .libs/redis_commands.o
#8 821.4 /bin/bash /tmp/pear/temp/pear-build-defaultuserhaK8qZ/redis-6.3.0/libtool --mode=compile cc -I. -I/tmp/pear/temp/redis -I/tmp/pear/temp/pear-build-defaultuserhaK8qZ/redis-6.3.0/include -I/tmp/pear/temp/pear-build-defaultuserhaK8qZ/redis-6.3.0/main -I/tmp/pear/temp/redis -I/usr/local/include/php -I/usr/local/include/php/main -I/usr/local/include/php/TSRM -I/usr/local/include/php/Zend -I/usr/local/include/php/ext -I/usr/local/include/php/ext/date/lib -I/usr/local/include/php/ext  -DHAVE_CONFIG_H  -g -O2    -DZEND_COMPILE_DL_EXT=1 -c /tmp/pear/temp/redis/library.c -o library.lo  -MMD -MF library.dep -MT library.lo
#8 822.0  cc -I. -I/tmp/pear/temp/redis -I/tmp/pear/temp/pear-build-defaultuserhaK8qZ/redis-6.3.0/include -I/tmp/pear/temp/pear-build-defaultuserhaK8qZ/redis-6.3.0/main -I/tmp/pear/temp/redis -I/usr/local/include/php -I/usr/local/include/php/main -I/usr/local/include/php/TSRM -I/usr/local/include/php/Zend -I/usr/local/include/php/ext -I/usr/local/include/php/ext/date/lib -I/usr/local/include/php/ext -DHAVE_CONFIG_H -g -O2 -DZEND_COMPILE_DL_EXT=1 -c /tmp/pear/temp/redis/library.c -MMD -MF library.dep -MT library.lo  -fPIC -DPIC -o .libs/library.o
#8 826.5 /bin/bash /tmp/pear/temp/pear-build-defaultuserhaK8qZ/redis-6.3.0/libtool --mode=compile cc -I. -I/tmp/pear/temp/redis -I/tmp/pear/temp/pear-build-defaultuserhaK8qZ/redis-6.3.0/include -I/tmp/pear/temp/pear-build-defaultuserhaK8qZ/redis-6.3.0/main -I/tmp/pear/temp/redis -I/usr/local/include/php -I/usr/local/include/php/main -I/usr/local/include/php/TSRM -I/usr/local/include/php/Zend -I/usr/local/include/php/ext -I/usr/local/include/php/ext/date/lib -I/usr/local/include/php/ext  -DHAVE_CONFIG_H  -g -O2    -DZEND_COMPILE_DL_EXT=1 -c /tmp/pear/temp/redis/redis_session.c -o redis_session.lo  -MMD -MF redis_session.dep -MT redis_session.lo
#8 826.9  cc -I. -I/tmp/pear/temp/redis -I/tmp/pear/temp/pear-build-defaultuserhaK8qZ/redis-6.3.0/include -I/tmp/pear/temp/pear-build-defaultuserhaK8qZ/redis-6.3.0/main -I/tmp/pear/temp/redis -I/usr/local/include/php -I/usr/local/include/php/main -I/usr/local/include/php/TSRM -I/usr/local/include/php/Zend -I/usr/local/include/php/ext -I/usr/local/include/php/ext/date/lib -I/usr/local/include/php/ext -DHAVE_CONFIG_H -g -O2 -DZEND_COMPILE_DL_EXT=1 -c /tmp/pear/temp/redis/redis_session.c -MMD -MF redis_session.dep -MT redis_session.lo  -fPIC -DPIC -o .libs/redis_session.o
#8 828.1 /bin/bash /tmp/pear/temp/pear-build-defaultuserhaK8qZ/redis-6.3.0/libtool --mode=compile cc -I. -I/tmp/pear/temp/redis -I/tmp/pear/temp/pear-build-defaultuserhaK8qZ/redis-6.3.0/include -I/tmp/pear/temp/pear-build-defaultuserhaK8qZ/redis-6.3.0/main -I/tmp/pear/temp/redis -I/usr/local/include/php -I/usr/local/include/php/main -I/usr/local/include/php/TSRM -I/usr/local/include/php/Zend -I/usr/local/include/php/ext -I/usr/local/include/php/ext/date/lib -I/usr/local/include/php/ext  -DHAVE_CONFIG_H  -g -O2    -DZEND_COMPILE_DL_EXT=1 -c /tmp/pear/temp/redis/redis_array.c -o redis_array.lo  -MMD -MF redis_array.dep -MT redis_array.lo
#8 828.4  cc -I. -I/tmp/pear/temp/redis -I/tmp/pear/temp/pear-build-defaultuserhaK8qZ/redis-6.3.0/include -I/tmp/pear/temp/pear-build-defaultuserhaK8qZ/redis-6.3.0/main -I/tmp/pear/temp/redis -I/usr/local/include/php -I/usr/local/include/php/main -I/usr/local/include/php/TSRM -I/usr/local/include/php/Zend -I/usr/local/include/php/ext -I/usr/local/include/php/ext/date/lib -I/usr/local/include/php/ext -DHAVE_CONFIG_H -g -O2 -DZEND_COMPILE_DL_EXT=1 -c /tmp/pear/temp/redis/redis_array.c -MMD -MF redis_array.dep -MT redis_array.lo  -fPIC -DPIC -o .libs/redis_array.o
#8 830.7 /bin/bash /tmp/pear/temp/pear-build-defaultuserhaK8qZ/redis-6.3.0/libtool --mode=compile cc -I. -I/tmp/pear/temp/redis -I/tmp/pear/temp/pear-build-defaultuserhaK8qZ/redis-6.3.0/include -I/tmp/pear/temp/pear-build-defaultuserhaK8qZ/redis-6.3.0/main -I/tmp/pear/temp/redis -I/usr/local/include/php -I/usr/local/include/php/main -I/usr/local/include/php/TSRM -I/usr/local/include/php/Zend -I/usr/local/include/php/ext -I/usr/local/include/php/ext/date/lib -I/usr/local/include/php/ext  -DHAVE_CONFIG_H  -g -O2    -DZEND_COMPILE_DL_EXT=1 -c /tmp/pear/temp/redis/redis_array_impl.c -o redis_array_impl.lo  -MMD -MF redis_array_impl.dep -MT redis_array_impl.lo
#8 831.0  cc -I. -I/tmp/pear/temp/redis -I/tmp/pear/temp/pear-build-defaultuserhaK8qZ/redis-6.3.0/include -I/tmp/pear/temp/pear-build-defaultuserhaK8qZ/redis-6.3.0/main -I/tmp/pear/temp/redis -I/usr/local/include/php -I/usr/local/include/php/main -I/usr/local/include/php/TSRM -I/usr/local/include/php/Zend -I/usr/local/include/php/ext -I/usr/local/include/php/ext/date/lib -I/usr/local/include/php/ext -DHAVE_CONFIG_H -g -O2 -DZEND_COMPILE_DL_EXT=1 -c /tmp/pear/temp/redis/redis_array_impl.c -MMD -MF redis_array_impl.dep -MT redis_array_impl.lo  -fPIC -DPIC -o .libs/redis_array_impl.o
#8 833.2 /bin/bash /tmp/pear/temp/pear-build-defaultuserhaK8qZ/redis-6.3.0/libtool --mode=compile cc -I. -I/tmp/pear/temp/redis -I/tmp/pear/temp/pear-build-defaultuserhaK8qZ/redis-6.3.0/include -I/tmp/pear/temp/pear-build-defaultuserhaK8qZ/redis-6.3.0/main -I/tmp/pear/temp/redis -I/usr/local/include/php -I/usr/local/include/php/main -I/usr/local/include/php/TSRM -I/usr/local/include/php/Zend -I/usr/local/include/php/ext -I/usr/local/include/php/ext/date/lib -I/usr/local/include/php/ext  -DHAVE_CONFIG_H  -g -O2    -DZEND_COMPILE_DL_EXT=1 -c /tmp/pear/temp/redis/redis_cluster.c -o redis_cluster.lo  -MMD -MF redis_cluster.dep -MT redis_cluster.lo
#8 833.5  cc -I. -I/tmp/pear/temp/redis -I/tmp/pear/temp/pear-build-defaultuserhaK8qZ/redis-6.3.0/include -I/tmp/pear/temp/pear-build-defaultuserhaK8qZ/redis-6.3.0/main -I/tmp/pear/temp/redis -I/usr/local/include/php -I/usr/local/include/php/main -I/usr/local/include/php/TSRM -I/usr/local/include/php/Zend -I/usr/local/include/php/ext -I/usr/local/include/php/ext/date/lib -I/usr/local/include/php/ext -DHAVE_CONFIG_H -g -O2 -DZEND_COMPILE_DL_EXT=1 -c /tmp/pear/temp/redis/redis_cluster.c -MMD -MF redis_cluster.dep -MT redis_cluster.lo  -fPIC -DPIC -o .libs/redis_cluster.o
#8 837.0 /bin/bash /tmp/pear/temp/pear-build-defaultuserhaK8qZ/redis-6.3.0/libtool --mode=compile cc -I. -I/tmp/pear/temp/redis -I/tmp/pear/temp/pear-build-defaultuserhaK8qZ/redis-6.3.0/include -I/tmp/pear/temp/pear-build-defaultuserhaK8qZ/redis-6.3.0/main -I/tmp/pear/temp/redis -I/usr/local/include/php -I/usr/local/include/php/main -I/usr/local/include/php/TSRM -I/usr/local/include/php/Zend -I/usr/local/include/php/ext -I/usr/local/include/php/ext/date/lib -I/usr/local/include/php/ext  -DHAVE_CONFIG_H  -g -O2    -DZEND_COMPILE_DL_EXT=1 -c /tmp/pear/temp/redis/cluster_library.c -o cluster_library.lo  -MMD -MF cluster_library.dep -MT cluster_library.lo
#8 837.3  cc -I. -I/tmp/pear/temp/redis -I/tmp/pear/temp/pear-build-defaultuserhaK8qZ/redis-6.3.0/include -I/tmp/pear/temp/pear-build-defaultuserhaK8qZ/redis-6.3.0/main -I/tmp/pear/temp/redis -I/usr/local/include/php -I/usr/local/include/php/main -I/usr/local/include/php/TSRM -I/usr/local/include/php/Zend -I/usr/local/include/php/ext -I/usr/local/include/php/ext/date/lib -I/usr/local/include/php/ext -DHAVE_CONFIG_H -g -O2 -DZEND_COMPILE_DL_EXT=1 -c /tmp/pear/temp/redis/cluster_library.c -MMD -MF cluster_library.dep -MT cluster_library.lo  -fPIC -DPIC -o .libs/cluster_library.o
#8 840.1 /bin/bash /tmp/pear/temp/pear-build-defaultuserhaK8qZ/redis-6.3.0/libtool --mode=compile cc -I. -I/tmp/pear/temp/redis -I/tmp/pear/temp/pear-build-defaultuserhaK8qZ/redis-6.3.0/include -I/tmp/pear/temp/pear-build-defaultuserhaK8qZ/redis-6.3.0/main -I/tmp/pear/temp/redis -I/usr/local/include/php -I/usr/local/include/php/main -I/usr/local/include/php/TSRM -I/usr/local/include/php/Zend -I/usr/local/include/php/ext -I/usr/local/include/php/ext/date/lib -I/usr/local/include/php/ext  -DHAVE_CONFIG_H  -g -O2    -DZEND_COMPILE_DL_EXT=1 -c /tmp/pear/temp/redis/redis_sentinel.c -o redis_sentinel.lo  -MMD -MF redis_sentinel.dep -MT redis_sentinel.lo
#8 840.5  cc -I. -I/tmp/pear/temp/redis -I/tmp/pear/temp/pear-build-defaultuserhaK8qZ/redis-6.3.0/include -I/tmp/pear/temp/pear-build-defaultuserhaK8qZ/redis-6.3.0/main -I/tmp/pear/temp/redis -I/usr/local/include/php -I/usr/local/include/php/main -I/usr/local/include/php/TSRM -I/usr/local/include/php/Zend -I/usr/local/include/php/ext -I/usr/local/include/php/ext/date/lib -I/usr/local/include/php/ext -DHAVE_CONFIG_H -g -O2 -DZEND_COMPILE_DL_EXT=1 -c /tmp/pear/temp/redis/redis_sentinel.c -MMD -MF redis_sentinel.dep -MT redis_sentinel.lo  -fPIC -DPIC -o .libs/redis_sentinel.o
#8 840.9 /bin/bash /tmp/pear/temp/pear-build-defaultuserhaK8qZ/redis-6.3.0/libtool --mode=compile cc -I. -I/tmp/pear/temp/redis -I/tmp/pear/temp/pear-build-defaultuserhaK8qZ/redis-6.3.0/include -I/tmp/pear/temp/pear-build-defaultuserhaK8qZ/redis-6.3.0/main -I/tmp/pear/temp/redis -I/usr/local/include/php -I/usr/local/include/php/main -I/usr/local/include/php/TSRM -I/usr/local/include/php/Zend -I/usr/local/include/php/ext -I/usr/local/include/php/ext/date/lib -I/usr/local/include/php/ext  -DHAVE_CONFIG_H  -g -O2    -DZEND_COMPILE_DL_EXT=1 -c /tmp/pear/temp/redis/sentinel_library.c -o sentinel_library.lo  -MMD -MF sentinel_library.dep -MT sentinel_library.lo
#8 841.3  cc -I. -I/tmp/pear/temp/redis -I/tmp/pear/temp/pear-build-defaultuserhaK8qZ/redis-6.3.0/include -I/tmp/pear/temp/pear-build-defaultuserhaK8qZ/redis-6.3.0/main -I/tmp/pear/temp/redis -I/usr/local/include/php -I/usr/local/include/php/main -I/usr/local/include/php/TSRM -I/usr/local/include/php/Zend -I/usr/local/include/php/ext -I/usr/local/include/php/ext/date/lib -I/usr/local/include/php/ext -DHAVE_CONFIG_H -g -O2 -DZEND_COMPILE_DL_EXT=1 -c /tmp/pear/temp/redis/sentinel_library.c -MMD -MF sentinel_library.dep -MT sentinel_library.lo  -fPIC -DPIC -o .libs/sentinel_library.o
#8 841.8 /bin/bash /tmp/pear/temp/pear-build-defaultuserhaK8qZ/redis-6.3.0/libtool --mode=compile cc -I. -I/tmp/pear/temp/redis -I/tmp/pear/temp/pear-build-defaultuserhaK8qZ/redis-6.3.0/include -I/tmp/pear/temp/pear-build-defaultuserhaK8qZ/redis-6.3.0/main -I/tmp/pear/temp/redis -I/usr/local/include/php -I/usr/local/include/php/main -I/usr/local/include/php/TSRM -I/usr/local/include/php/Zend -I/usr/local/include/php/ext -I/usr/local/include/php/ext/date/lib -I/usr/local/include/php/ext  -DHAVE_CONFIG_H  -g -O2    -DZEND_COMPILE_DL_EXT=1 -c /tmp/pear/temp/redis/backoff.c -o backoff.lo  -MMD -MF backoff.dep -MT backoff.lo
#8 842.2  cc -I. -I/tmp/pear/temp/redis -I/tmp/pear/temp/pear-build-defaultuserhaK8qZ/redis-6.3.0/include -I/tmp/pear/temp/pear-build-defaultuserhaK8qZ/redis-6.3.0/main -I/tmp/pear/temp/redis -I/usr/local/include/php -I/usr/local/include/php/main -I/usr/local/include/php/TSRM -I/usr/local/include/php/Zend -I/usr/local/include/php/ext -I/usr/local/include/php/ext/date/lib -I/usr/local/include/php/ext -DHAVE_CONFIG_H -g -O2 -DZEND_COMPILE_DL_EXT=1 -c /tmp/pear/temp/redis/backoff.c -MMD -MF backoff.dep -MT backoff.lo  -fPIC -DPIC -o .libs/backoff.o
#8 842.6 /bin/bash /tmp/pear/temp/pear-build-defaultuserhaK8qZ/redis-6.3.0/libtool --mode=link cc -shared -I/tmp/pear/temp/pear-build-defaultuserhaK8qZ/redis-6.3.0/include -I/tmp/pear/temp/pear-build-defaultuserhaK8qZ/redis-6.3.0/main -I/tmp/pear/temp/redis -I/usr/local/include/php -I/usr/local/include/php/main -I/usr/local/include/php/TSRM -I/usr/local/include/php/Zend -I/usr/local/include/php/ext -I/usr/local/include/php/ext/date/lib -I/usr/local/include/php/ext  -DHAVE_CONFIG_H  -g -O2    -o redis.la -export-dynamic -avoid-version -prefer-pic -module -rpath /tmp/pear/temp/pear-build-defaultuserhaK8qZ/redis-6.3.0/modules  redis.lo redis_commands.lo library.lo redis_session.lo redis_array.lo redis_array_impl.lo redis_cluster.lo cluster_library.lo redis_sentinel.lo sentinel_library.lo backoff.lo
#8 843.2 cc -shared  .libs/redis.o .libs/redis_commands.o .libs/library.o .libs/redis_session.o .libs/redis_array.o .libs/redis_array_impl.o .libs/redis_cluster.o .libs/cluster_library.o .libs/redis_sentinel.o .libs/sentinel_library.o .libs/backoff.o   -Wl,-soname -Wl,redis.so -o .libs/redis.so
#8 843.4 creating redis.la
#8 843.4 (cd .libs && rm -f redis.la && ln -s ../redis.la redis.la)
#8 843.4 /bin/bash /tmp/pear/temp/pear-build-defaultuserhaK8qZ/redis-6.3.0/libtool --mode=install cp ./redis.la /tmp/pear/temp/pear-build-defaultuserhaK8qZ/redis-6.3.0/modules
#8 843.6 cp ./.libs/redis.so /tmp/pear/temp/pear-build-defaultuserhaK8qZ/redis-6.3.0/modules/redis.so
#8 843.6 cp ./.libs/redis.lai /tmp/pear/temp/pear-build-defaultuserhaK8qZ/redis-6.3.0/modules/redis.la
#8 843.7 PATH="$PATH:/sbin" ldconfig -n /tmp/pear/temp/pear-build-defaultuserhaK8qZ/redis-6.3.0/modules
#8 843.7 ----------------------------------------------------------------------
#8 843.7 Libraries have been installed in:
#8 843.7    /tmp/pear/temp/pear-build-defaultuserhaK8qZ/redis-6.3.0/modules
#8 843.7 
#8 843.7 If you ever happen to want to link against installed libraries
#8 843.7 in a given directory, LIBDIR, you must either use libtool, and
#8 843.7 specify the full pathname of the library, or use the `-LLIBDIR'
#8 843.7 flag during linking and do at least one of the following:
#8 843.7    - add LIBDIR to the `LD_LIBRARY_PATH' environment variable
#8 843.7      during execution
#8 843.7    - add LIBDIR to the `LD_RUN_PATH' environment variable
#8 843.7      during linking
#8 843.7    - use the `-Wl,--rpath -Wl,LIBDIR' linker flag
#8 843.7    - have your system administrator add LIBDIR to `/etc/ld.so.conf'
#8 843.7 
#8 843.7 See any operating system documentation about shared libraries for
#8 843.7 more information, such as the ld(1) and ld.so(8) manual pages.
#8 843.7 ----------------------------------------------------------------------
#8 843.7 
#8 843.7 Build complete.
#8 843.7 Don't forget to run 'make test'.
#8 843.7 
#8 843.7 running: make INSTALL_ROOT="/tmp/pear/temp/pear-build-defaultuserhaK8qZ/install-redis-6.3.0" install
#8 843.9 Installing shared extensions:     /tmp/pear/temp/pear-build-defaultuserhaK8qZ/install-redis-6.3.0/usr/local/lib/php/extensions/no-debug-non-zts-20210902/
#8 844.1 running: find "/tmp/pear/temp/pear-build-defaultuserhaK8qZ/install-redis-6.3.0" | xargs ls -dils
#8 844.1 958613    4 drwxr-xr-x 3 root root    4096 Aug 26 07:31 /tmp/pear/temp/pear-build-defaultuserhaK8qZ/install-redis-6.3.0
#8 844.1 958664    4 drwxr-xr-x 3 root root    4096 Aug 26 07:31 /tmp/pear/temp/pear-build-defaultuserhaK8qZ/install-redis-6.3.0/usr
#8 844.1 958665    4 drwxr-xr-x 3 root root    4096 Aug 26 07:31 /tmp/pear/temp/pear-build-defaultuserhaK8qZ/install-redis-6.3.0/usr/local
#8 844.1 958666    4 drwxr-xr-x 3 root root    4096 Aug 26 07:31 /tmp/pear/temp/pear-build-defaultuserhaK8qZ/install-redis-6.3.0/usr/local/lib
#8 844.1 958667    4 drwxr-xr-x 3 root root    4096 Aug 26 07:31 /tmp/pear/temp/pear-build-defaultuserhaK8qZ/install-redis-6.3.0/usr/local/lib/php
#8 844.1 958668    4 drwxr-xr-x 3 root root    4096 Aug 26 07:31 /tmp/pear/temp/pear-build-defaultuserhaK8qZ/install-redis-6.3.0/usr/local/lib/php/extensions
#8 844.1 958669    4 drwxr-xr-x 2 root root    4096 Aug 26 07:31 /tmp/pear/temp/pear-build-defaultuserhaK8qZ/install-redis-6.3.0/usr/local/lib/php/extensions/no-debug-non-zts-20210902
#8 844.1 958663 2432 -rwxr-xr-x 1 root root 2487904 Aug 26 07:31 /tmp/pear/temp/pear-build-defaultuserhaK8qZ/install-redis-6.3.0/usr/local/lib/php/extensions/no-debug-non-zts-20210902/redis.so
#8 844.1 
#8 844.1 Build process completed successfully
#8 844.1 Installing '/usr/local/lib/php/extensions/no-debug-non-zts-20210902/redis.so'
#8 844.3 install ok: channel://pecl.php.net/redis-6.3.0
#8 844.3 configuration option "php_ini" is not set to php.ini location
#8 844.3 You should add "extension=imagick.so" to php.ini
#8 844.3 configuration option "php_ini" is not set to php.ini location
#8 844.3 You should add "extension=imagick.so" to php.ini
#8 844.3 configuration option "php_ini" is not set to php.ini location
#8 844.3 You should add "extension=redis.so" to php.ini
#8 844.5 
#8 844.5 warning: exif (exif) is already loaded!
#8 844.5 
#8 DONE 844.9s

#9 [ 5/13] RUN mkdir -p /usr/src/php/ext/redis        && curl -L https://github.com/phpredis/phpredis/archive/5.3.4.tar.gz | tar xvz -C /usr/src/php/ext/redis --strip 1        && echo 'redis' >> /usr/src/php-available-exts        && docker-php-ext-install redis        && docker-php-ext-enable redis        && docker-php-ext-install soap        && docker-php-ext-enable soap        && docker-php-ext-configure gd --with-freetype --with-jpeg        && docker-php-ext-install -j$(nproc) gd
#9 1.405   % Total    % Received % Xferd  Average Speed   Time    Time     Time  Current
#9 1.406                                  Dload  Upload   Total   Spent    Left  Speed
#9 1.407   0     0    0     0    0     0      0      0 --:--:-- --:--:-- --:--:--     0  0     0    0     0    0     0      0      0 --:--:-- --:--:-- --:--:--     0  0     0    0     0    0     0      0      0 --:--:-- --:--:-- --:--:--     0
#9 2.635   0     0    0     0    0     0      0      0 --:--:--  0:00:01 --:--:--     0100 23203    0 23203    0     0  10552      0 --:--:--  0:00:02 --:--:-- 23970phpredis-5.3.4/.github/
#9 4.343 phpredis-5.3.4/.github/FUNDING.yml
#9 4.348 phpredis-5.3.4/.gitignore
#9 4.351 phpredis-5.3.4/.gitmodules
#9 4.351 phpredis-5.3.4/.travis.yml
#9 4.351 phpredis-5.3.4/COPYING
#9 4.351 phpredis-5.3.4/CREDITS
#9 4.351 phpredis-5.3.4/Changelog.md
#9 4.352 phpredis-5.3.4/INSTALL.markdown
#9 4.352 phpredis-5.3.4/ISSUE_TEMPLATE.md
#9 4.353 phpredis-5.3.4/README.markdown
#9 4.353 phpredis-5.3.4/arrays.markdown
#9 4.353 phpredis-5.3.4/cluster.markdown
#9 4.354 phpredis-5.3.4/cluster_library.c
#9 4.355 phpredis-5.3.4/cluster_library.h
#9 4.355 phpredis-5.3.4/common.h
#9 4.355 phpredis-5.3.4/config.m4
#9 4.355 phpredis-5.3.4/config.w32
#9 4.356 phpredis-5.3.4/crc16.h
#9 4.356 phpredis-5.3.4/debian.control
#9 4.356 phpredis-5.3.4/debian/
#9 4.357 phpredis-5.3.4/debian/changelog
#9 4.357 phpredis-5.3.4/debian/compat
#9 4.357 phpredis-5.3.4/debian/control
#9 4.368 phpredis-5.3.4/debian/copyright
#9 4.368 phpredis-5.3.4/debian/postinst
#9 4.368 phpredis-5.3.4/debian/postrm
#9 4.368 phpredis-5.3.4/debian/rules
#9 4.368 phpredis-5.3.4/liblzf/
#9 4.368 phpredis-5.3.4/library.c
#9 4.368 phpredis-5.3.4/library.h
#9 4.368 phpredis-5.3.4/mkdeb-apache2.sh
#9 4.368 phpredis-5.3.4/mkdeb.sh
#9 4.368 phpredis-5.3.4/package.xml
#9 4.368 phpredis-5.3.4/php_redis.h
#9 4.368 phpredis-5.3.4/redis.c
#9 4.368 phpredis-5.3.4/redis_array.c
#9 4.368 phpredis-5.3.4/redis_array.h
#9 4.368 phpredis-5.3.4/redis_array_impl.c
#9 4.368 phpredis-5.3.4/redis_array_impl.h
#9 4.368 phpredis-5.3.4/redis_cluster.c
#9 4.368 phpredis-5.3.4/redis_cluster.h
#9 4.368 phpredis-5.3.4/redis_commands.c
#9 4.368 100  279k    0  279k    0     0  96798      0 --:--:--  0:00:02 --:--:--  162k
#9 4.370 phpredis-5.3.4/redis_commands.h
#9 4.370 phpredis-5.3.4/redis_sentinel.c
#9 4.371 phpredis-5.3.4/redis_sentinel.h
#9 4.371 phpredis-5.3.4/redis_session.c
#9 4.371 phpredis-5.3.4/redis_session.h
#9 4.371 phpredis-5.3.4/rpm/
#9 4.372 phpredis-5.3.4/rpm/php-redis.spec
#9 4.372 phpredis-5.3.4/rpm/redis.ini
#9 4.372 phpredis-5.3.4/sentinel.markdown
#9 4.372 phpredis-5.3.4/sentinel_library.c
#9 4.372 phpredis-5.3.4/sentinel_library.h
#9 4.372 phpredis-5.3.4/serialize.list
#9 4.372 phpredis-5.3.4/tests/
#9 4.373 phpredis-5.3.4/tests/RedisArrayTest.php
#9 4.375 phpredis-5.3.4/tests/RedisClusterTest.php
#9 4.375 phpredis-5.3.4/tests/RedisSentinelTest.php
#9 4.376 phpredis-5.3.4/tests/RedisTest.php
#9 4.380 phpredis-5.3.4/tests/TestRedis.php
#9 4.383 phpredis-5.3.4/tests/TestSuite.php
#9 4.384 phpredis-5.3.4/tests/check-quorum.sh
#9 4.384 phpredis-5.3.4/tests/getSessionData.php
#9 4.384 phpredis-5.3.4/tests/make-cluster.sh
#9 4.390 phpredis-5.3.4/tests/mkring.sh
#9 4.390 phpredis-5.3.4/tests/regenerateSessionId.php
#9 4.390 phpredis-5.3.4/tests/startSession.php
#9 4.390 phpredis-5.3.4/tests/users.acl
#9 10.67 Configuring for:
#9 10.67 PHP Api Version:         20210902
#9 10.67 Zend Module Api No:      20210902
#9 10.67 Zend Extension Api No:   420210902
#9 12.88 checking for grep that handles long lines and -e... /usr/bin/grep
#9 12.89 checking for egrep... /usr/bin/grep -E
#9 12.90 checking for a sed that does not truncate output... /usr/bin/sed
#9 13.03 checking for pkg-config... /usr/bin/pkg-config
#9 13.05 checking pkg-config is at least version 0.9.0... yes
#9 13.05 checking for cc... cc
#9 13.20 checking whether the C compiler works... yes
#9 13.33 checking for C compiler default output file name... a.out
#9 13.34 checking for suffix of executables... 
#9 13.43 checking whether we are cross compiling... no
#9 13.56 checking for suffix of object files... o
#9 13.62 checking whether the compiler supports GNU C... yes
#9 13.70 checking whether cc accepts -g... yes
#9 13.78 checking for cc option to enable C11 features... none needed
#9 13.95 checking how to run the C preprocessor... cc -E
#9 14.22 checking for egrep -e... (cached) /usr/bin/grep -E
#9 14.23 checking for icc... no
#9 14.30 checking for suncc... no
#9 14.36 checking for system library directory... lib
#9 14.36 checking if compiler supports -Wl,-rpath,... yes
#9 14.58 checking build system type... x86_64-pc-linux-gnu
#9 14.61 checking host system type... x86_64-pc-linux-gnu
#9 14.61 checking target system type... x86_64-pc-linux-gnu
#9 14.90 checking for PHP prefix... /usr/local
#9 14.90 checking for PHP includes... -I/usr/local/include/php -I/usr/local/include/php/main -I/usr/local/include/php/TSRM -I/usr/local/include/php/Zend -I/usr/local/include/php/ext -I/usr/local/include/php/ext/date/lib
#9 14.90 checking for PHP extension directory... /usr/local/lib/php/extensions/no-debug-non-zts-20210902
#9 14.90 checking for PHP installed headers prefix... /usr/local/include/php
#9 14.90 checking if debug is enabled... no
#9 14.96 checking if zts is enabled... no
#9 14.99 checking for gawk... no
#9 14.99 checking for nawk... nawk
#9 14.99 checking if nawk is broken... no
#9 15.00 checking whether to enable redis support... yes, shared
#9 15.00 checking whether to enable sessions... yes
#9 15.00 checking whether to enable json serializer support... yes
#9 15.00 checking whether to enable igbinary serializer support... no
#9 15.00 checking whether to enable msgpack serializer support... no
#9 15.01 checking whether to enable lzf compression... no
#9 15.02 checking use system liblzf... no
#9 15.02 checking whether to enable Zstd compression... no
#9 15.03 checking use system libsztd... yes
#9 15.03 checking whether to enable lz4 compression... no
#9 15.03 checking use system liblz4... no
#9 15.03 checking for hash includes... /usr/local/include/php
#9 15.03 checking for json includes... /usr/local/include/php
#9 15.03 checking for redis json support... enabled
#9 15.05 checking for redis igbinary support... disabled
#9 15.05 checking for pkg-config... /usr/bin/pkg-config
#9 15.06 checking for git... yes
#9 15.18 checking for a sed that does not truncate output... /usr/bin/sed
#9 15.20 checking for ld used by cc... /usr/bin/ld
#9 15.21 checking if the linker (/usr/bin/ld) is GNU ld... yes
#9 15.21 checking for /usr/bin/ld option to reload object files... -r
#9 15.21 checking for BSD-compatible nm... /usr/bin/nm -B
#9 15.22 checking whether ln -s works... yes
#9 15.22 checking how to recognize dependent libraries... pass_all
#9 15.29 checking for stdio.h... yes
#9 15.35 checking for stdlib.h... yes
#9 15.43 checking for string.h... yes
#9 15.53 checking for inttypes.h... yes
#9 15.62 checking for stdint.h... yes
#9 15.70 checking for strings.h... yes
#9 15.80 checking for sys/stat.h... yes
#9 15.90 checking for sys/types.h... yes
#9 15.99 checking for unistd.h... yes
#9 16.12 checking for dlfcn.h... yes
#9 16.20 checking the maximum length of command line arguments... 1572864
#9 16.22 checking command to parse /usr/bin/nm -B output from cc object... ok
#9 16.54 checking for objdir... .libs
#9 16.57 checking for ar... ar
#9 16.57 checking for ranlib... ranlib
#9 16.57 checking for strip... strip
#9 16.84 checking if cc supports -fno-rtti -fno-exceptions... no
#9 16.97 checking for cc option to produce PIC... -fPIC
#9 16.97 checking if cc PIC flag -fPIC works... yes
#9 17.10 checking if cc static flag -static works... yes
#9 17.33 checking if cc supports -c -o file.o... yes
#9 17.43 checking whether the cc linker (/usr/bin/ld -m elf_x86_64) supports shared libraries... yes
#9 17.49 checking whether -lc should be explicitly linked in... no
#9 17.62 checking dynamic linker characteristics... GNU/Linux ld.so
#9 17.72 checking how to hardcode library paths into programs... immediate
#9 17.72 checking whether stripping libraries is possible... yes
#9 17.73 checking if libtool supports shared libraries... yes
#9 17.73 checking whether to build shared libraries... yes
#9 17.73 checking whether to build static libraries... no
#9 18.49 
#9 18.49 creating libtool
#9 18.56 appending configuration tag "CXX" to libtool
#9 18.89 configure: patching config.h.in
#9 18.91 configure: creating ./config.status
#9 19.17 config.status: creating config.h
#9 19.36 /bin/bash /usr/src/php/ext/redis/libtool --mode=compile cc -I. -I/usr/src/php/ext/redis -I/usr/src/php/ext/redis/include -I/usr/src/php/ext/redis/main -I/usr/src/php/ext/redis -I/usr/local/include/php -I/usr/local/include/php/main -I/usr/local/include/php/TSRM -I/usr/local/include/php/Zend -I/usr/local/include/php/ext -I/usr/local/include/php/ext/date/lib -I/usr/local/include/php/ext  -fstack-protector-strong -fpic -fpie -O2 -D_LARGEFILE_SOURCE -D_FILE_OFFSET_BITS=64 -DHAVE_CONFIG_H  -fstack-protector-strong -fpic -fpie -O2 -D_LARGEFILE_SOURCE -D_FILE_OFFSET_BITS=64    -DZEND_COMPILE_DL_EXT=1 -c /usr/src/php/ext/redis/redis.c -o redis.lo  -MMD -MF redis.dep -MT redis.lo
#9 19.87 mkdir .libs
#9 19.87  cc -I. -I/usr/src/php/ext/redis -I/usr/src/php/ext/redis/include -I/usr/src/php/ext/redis/main -I/usr/src/php/ext/redis -I/usr/local/include/php -I/usr/local/include/php/main -I/usr/local/include/php/TSRM -I/usr/local/include/php/Zend -I/usr/local/include/php/ext -I/usr/local/include/php/ext/date/lib -I/usr/local/include/php/ext -fstack-protector-strong -fpic -fpie -O2 -D_LARGEFILE_SOURCE -D_FILE_OFFSET_BITS=64 -DHAVE_CONFIG_H -fstack-protector-strong -fpic -fpie -O2 -D_LARGEFILE_SOURCE -D_FILE_OFFSET_BITS=64 -DZEND_COMPILE_DL_EXT=1 -c /usr/src/php/ext/redis/redis.c -MMD -MF redis.dep -MT redis.lo  -fPIC -DPIC -o .libs/redis.o
#9 35.40 /bin/bash /usr/src/php/ext/redis/libtool --mode=compile cc -I. -I/usr/src/php/ext/redis -I/usr/src/php/ext/redis/include -I/usr/src/php/ext/redis/main -I/usr/src/php/ext/redis -I/usr/local/include/php -I/usr/local/include/php/main -I/usr/local/include/php/TSRM -I/usr/local/include/php/Zend -I/usr/local/include/php/ext -I/usr/local/include/php/ext/date/lib -I/usr/local/include/php/ext  -fstack-protector-strong -fpic -fpie -O2 -D_LARGEFILE_SOURCE -D_FILE_OFFSET_BITS=64 -DHAVE_CONFIG_H  -fstack-protector-strong -fpic -fpie -O2 -D_LARGEFILE_SOURCE -D_FILE_OFFSET_BITS=64    -DZEND_COMPILE_DL_EXT=1 -c /usr/src/php/ext/redis/redis_commands.c -o redis_commands.lo  -MMD -MF redis_commands.dep -MT redis_commands.lo
#9 35.91  cc -I. -I/usr/src/php/ext/redis -I/usr/src/php/ext/redis/include -I/usr/src/php/ext/redis/main -I/usr/src/php/ext/redis -I/usr/local/include/php -I/usr/local/include/php/main -I/usr/local/include/php/TSRM -I/usr/local/include/php/Zend -I/usr/local/include/php/ext -I/usr/local/include/php/ext/date/lib -I/usr/local/include/php/ext -fstack-protector-strong -fpic -fpie -O2 -D_LARGEFILE_SOURCE -D_FILE_OFFSET_BITS=64 -DHAVE_CONFIG_H -fstack-protector-strong -fpic -fpie -O2 -D_LARGEFILE_SOURCE -D_FILE_OFFSET_BITS=64 -DZEND_COMPILE_DL_EXT=1 -c /usr/src/php/ext/redis/redis_commands.c -MMD -MF redis_commands.dep -MT redis_commands.lo  -fPIC -DPIC -o .libs/redis_commands.o
#9 38.96 /bin/bash /usr/src/php/ext/redis/libtool --mode=compile cc -I. -I/usr/src/php/ext/redis -I/usr/src/php/ext/redis/include -I/usr/src/php/ext/redis/main -I/usr/src/php/ext/redis -I/usr/local/include/php -I/usr/local/include/php/main -I/usr/local/include/php/TSRM -I/usr/local/include/php/Zend -I/usr/local/include/php/ext -I/usr/local/include/php/ext/date/lib -I/usr/local/include/php/ext  -fstack-protector-strong -fpic -fpie -O2 -D_LARGEFILE_SOURCE -D_FILE_OFFSET_BITS=64 -DHAVE_CONFIG_H  -fstack-protector-strong -fpic -fpie -O2 -D_LARGEFILE_SOURCE -D_FILE_OFFSET_BITS=64    -DZEND_COMPILE_DL_EXT=1 -c /usr/src/php/ext/redis/library.c -o library.lo  -MMD -MF library.dep -MT library.lo
#9 39.47  cc -I. -I/usr/src/php/ext/redis -I/usr/src/php/ext/redis/include -I/usr/src/php/ext/redis/main -I/usr/src/php/ext/redis -I/usr/local/include/php -I/usr/local/include/php/main -I/usr/local/include/php/TSRM -I/usr/local/include/php/Zend -I/usr/local/include/php/ext -I/usr/local/include/php/ext/date/lib -I/usr/local/include/php/ext -fstack-protector-strong -fpic -fpie -O2 -D_LARGEFILE_SOURCE -D_FILE_OFFSET_BITS=64 -DHAVE_CONFIG_H -fstack-protector-strong -fpic -fpie -O2 -D_LARGEFILE_SOURCE -D_FILE_OFFSET_BITS=64 -DZEND_COMPILE_DL_EXT=1 -c /usr/src/php/ext/redis/library.c -MMD -MF library.dep -MT library.lo  -fPIC -DPIC -o .libs/library.o
#9 41.82 /bin/bash /usr/src/php/ext/redis/libtool --mode=compile cc -I. -I/usr/src/php/ext/redis -I/usr/src/php/ext/redis/include -I/usr/src/php/ext/redis/main -I/usr/src/php/ext/redis -I/usr/local/include/php -I/usr/local/include/php/main -I/usr/local/include/php/TSRM -I/usr/local/include/php/Zend -I/usr/local/include/php/ext -I/usr/local/include/php/ext/date/lib -I/usr/local/include/php/ext  -fstack-protector-strong -fpic -fpie -O2 -D_LARGEFILE_SOURCE -D_FILE_OFFSET_BITS=64 -DHAVE_CONFIG_H  -fstack-protector-strong -fpic -fpie -O2 -D_LARGEFILE_SOURCE -D_FILE_OFFSET_BITS=64    -DZEND_COMPILE_DL_EXT=1 -c /usr/src/php/ext/redis/redis_session.c -o redis_session.lo  -MMD -MF redis_session.dep -MT redis_session.lo
#9 42.25  cc -I. -I/usr/src/php/ext/redis -I/usr/src/php/ext/redis/include -I/usr/src/php/ext/redis/main -I/usr/src/php/ext/redis -I/usr/local/include/php -I/usr/local/include/php/main -I/usr/local/include/php/TSRM -I/usr/local/include/php/Zend -I/usr/local/include/php/ext -I/usr/local/include/php/ext/date/lib -I/usr/local/include/php/ext -fstack-protector-strong -fpic -fpie -O2 -D_LARGEFILE_SOURCE -D_FILE_OFFSET_BITS=64 -DHAVE_CONFIG_H -fstack-protector-strong -fpic -fpie -O2 -D_LARGEFILE_SOURCE -D_FILE_OFFSET_BITS=64 -DZEND_COMPILE_DL_EXT=1 -c /usr/src/php/ext/redis/redis_session.c -MMD -MF redis_session.dep -MT redis_session.lo  -fPIC -DPIC -o .libs/redis_session.o
#9 43.25 /bin/bash /usr/src/php/ext/redis/libtool --mode=compile cc -I. -I/usr/src/php/ext/redis -I/usr/src/php/ext/redis/include -I/usr/src/php/ext/redis/main -I/usr/src/php/ext/redis -I/usr/local/include/php -I/usr/local/include/php/main -I/usr/local/include/php/TSRM -I/usr/local/include/php/Zend -I/usr/local/include/php/ext -I/usr/local/include/php/ext/date/lib -I/usr/local/include/php/ext  -fstack-protector-strong -fpic -fpie -O2 -D_LARGEFILE_SOURCE -D_FILE_OFFSET_BITS=64 -DHAVE_CONFIG_H  -fstack-protector-strong -fpic -fpie -O2 -D_LARGEFILE_SOURCE -D_FILE_OFFSET_BITS=64    -DZEND_COMPILE_DL_EXT=1 -c /usr/src/php/ext/redis/redis_array.c -o redis_array.lo  -MMD -MF redis_array.dep -MT redis_array.lo
#9 43.69  cc -I. -I/usr/src/php/ext/redis -I/usr/src/php/ext/redis/include -I/usr/src/php/ext/redis/main -I/usr/src/php/ext/redis -I/usr/local/include/php -I/usr/local/include/php/main -I/usr/local/include/php/TSRM -I/usr/local/include/php/Zend -I/usr/local/include/php/ext -I/usr/local/include/php/ext/date/lib -I/usr/local/include/php/ext -fstack-protector-strong -fpic -fpie -O2 -D_LARGEFILE_SOURCE -D_FILE_OFFSET_BITS=64 -DHAVE_CONFIG_H -fstack-protector-strong -fpic -fpie -O2 -D_LARGEFILE_SOURCE -D_FILE_OFFSET_BITS=64 -DZEND_COMPILE_DL_EXT=1 -c /usr/src/php/ext/redis/redis_array.c -MMD -MF redis_array.dep -MT redis_array.lo  -fPIC -DPIC -o .libs/redis_array.o
#9 45.65 /bin/bash /usr/src/php/ext/redis/libtool --mode=compile cc -I. -I/usr/src/php/ext/redis -I/usr/src/php/ext/redis/include -I/usr/src/php/ext/redis/main -I/usr/src/php/ext/redis -I/usr/local/include/php -I/usr/local/include/php/main -I/usr/local/include/php/TSRM -I/usr/local/include/php/Zend -I/usr/local/include/php/ext -I/usr/local/include/php/ext/date/lib -I/usr/local/include/php/ext  -fstack-protector-strong -fpic -fpie -O2 -D_LARGEFILE_SOURCE -D_FILE_OFFSET_BITS=64 -DHAVE_CONFIG_H  -fstack-protector-strong -fpic -fpie -O2 -D_LARGEFILE_SOURCE -D_FILE_OFFSET_BITS=64    -DZEND_COMPILE_DL_EXT=1 -c /usr/src/php/ext/redis/redis_array_impl.c -o redis_array_impl.lo  -MMD -MF redis_array_impl.dep -MT redis_array_impl.lo
#9 46.13  cc -I. -I/usr/src/php/ext/redis -I/usr/src/php/ext/redis/include -I/usr/src/php/ext/redis/main -I/usr/src/php/ext/redis -I/usr/local/include/php -I/usr/local/include/php/main -I/usr/local/include/php/TSRM -I/usr/local/include/php/Zend -I/usr/local/include/php/ext -I/usr/local/include/php/ext/date/lib -I/usr/local/include/php/ext -fstack-protector-strong -fpic -fpie -O2 -D_LARGEFILE_SOURCE -D_FILE_OFFSET_BITS=64 -DHAVE_CONFIG_H -fstack-protector-strong -fpic -fpie -O2 -D_LARGEFILE_SOURCE -D_FILE_OFFSET_BITS=64 -DZEND_COMPILE_DL_EXT=1 -c /usr/src/php/ext/redis/redis_array_impl.c -MMD -MF redis_array_impl.dep -MT redis_array_impl.lo  -fPIC -DPIC -o .libs/redis_array_impl.o
#9 48.17 /bin/bash /usr/src/php/ext/redis/libtool --mode=compile cc -I. -I/usr/src/php/ext/redis -I/usr/src/php/ext/redis/include -I/usr/src/php/ext/redis/main -I/usr/src/php/ext/redis -I/usr/local/include/php -I/usr/local/include/php/main -I/usr/local/include/php/TSRM -I/usr/local/include/php/Zend -I/usr/local/include/php/ext -I/usr/local/include/php/ext/date/lib -I/usr/local/include/php/ext  -fstack-protector-strong -fpic -fpie -O2 -D_LARGEFILE_SOURCE -D_FILE_OFFSET_BITS=64 -DHAVE_CONFIG_H  -fstack-protector-strong -fpic -fpie -O2 -D_LARGEFILE_SOURCE -D_FILE_OFFSET_BITS=64    -DZEND_COMPILE_DL_EXT=1 -c /usr/src/php/ext/redis/redis_cluster.c -o redis_cluster.lo  -MMD -MF redis_cluster.dep -MT redis_cluster.lo
#9 48.77  cc -I. -I/usr/src/php/ext/redis -I/usr/src/php/ext/redis/include -I/usr/src/php/ext/redis/main -I/usr/src/php/ext/redis -I/usr/local/include/php -I/usr/local/include/php/main -I/usr/local/include/php/TSRM -I/usr/local/include/php/Zend -I/usr/local/include/php/ext -I/usr/local/include/php/ext/date/lib -I/usr/local/include/php/ext -fstack-protector-strong -fpic -fpie -O2 -D_LARGEFILE_SOURCE -D_FILE_OFFSET_BITS=64 -DHAVE_CONFIG_H -fstack-protector-strong -fpic -fpie -O2 -D_LARGEFILE_SOURCE -D_FILE_OFFSET_BITS=64 -DZEND_COMPILE_DL_EXT=1 -c /usr/src/php/ext/redis/redis_cluster.c -MMD -MF redis_cluster.dep -MT redis_cluster.lo  -fPIC -DPIC -o .libs/redis_cluster.o
#9 53.97 /bin/bash /usr/src/php/ext/redis/libtool --mode=compile cc -I. -I/usr/src/php/ext/redis -I/usr/src/php/ext/redis/include -I/usr/src/php/ext/redis/main -I/usr/src/php/ext/redis -I/usr/local/include/php -I/usr/local/include/php/main -I/usr/local/include/php/TSRM -I/usr/local/include/php/Zend -I/usr/local/include/php/ext -I/usr/local/include/php/ext/date/lib -I/usr/local/include/php/ext  -fstack-protector-strong -fpic -fpie -O2 -D_LARGEFILE_SOURCE -D_FILE_OFFSET_BITS=64 -DHAVE_CONFIG_H  -fstack-protector-strong -fpic -fpie -O2 -D_LARGEFILE_SOURCE -D_FILE_OFFSET_BITS=64    -DZEND_COMPILE_DL_EXT=1 -c /usr/src/php/ext/redis/cluster_library.c -o cluster_library.lo  -MMD -MF cluster_library.dep -MT cluster_library.lo
#9 54.58  cc -I. -I/usr/src/php/ext/redis -I/usr/src/php/ext/redis/include -I/usr/src/php/ext/redis/main -I/usr/src/php/ext/redis -I/usr/local/include/php -I/usr/local/include/php/main -I/usr/local/include/php/TSRM -I/usr/local/include/php/Zend -I/usr/local/include/php/ext -I/usr/local/include/php/ext/date/lib -I/usr/local/include/php/ext -fstack-protector-strong -fpic -fpie -O2 -D_LARGEFILE_SOURCE -D_FILE_OFFSET_BITS=64 -DHAVE_CONFIG_H -fstack-protector-strong -fpic -fpie -O2 -D_LARGEFILE_SOURCE -D_FILE_OFFSET_BITS=64 -DZEND_COMPILE_DL_EXT=1 -c /usr/src/php/ext/redis/cluster_library.c -MMD -MF cluster_library.dep -MT cluster_library.lo  -fPIC -DPIC -o .libs/cluster_library.o
#9 56.62 /bin/bash /usr/src/php/ext/redis/libtool --mode=compile cc -I. -I/usr/src/php/ext/redis -I/usr/src/php/ext/redis/include -I/usr/src/php/ext/redis/main -I/usr/src/php/ext/redis -I/usr/local/include/php -I/usr/local/include/php/main -I/usr/local/include/php/TSRM -I/usr/local/include/php/Zend -I/usr/local/include/php/ext -I/usr/local/include/php/ext/date/lib -I/usr/local/include/php/ext  -fstack-protector-strong -fpic -fpie -O2 -D_LARGEFILE_SOURCE -D_FILE_OFFSET_BITS=64 -DHAVE_CONFIG_H  -fstack-protector-strong -fpic -fpie -O2 -D_LARGEFILE_SOURCE -D_FILE_OFFSET_BITS=64    -DZEND_COMPILE_DL_EXT=1 -c /usr/src/php/ext/redis/redis_sentinel.c -o redis_sentinel.lo  -MMD -MF redis_sentinel.dep -MT redis_sentinel.lo
#9 57.34  cc -I. -I/usr/src/php/ext/redis -I/usr/src/php/ext/redis/include -I/usr/src/php/ext/redis/main -I/usr/src/php/ext/redis -I/usr/local/include/php -I/usr/local/include/php/main -I/usr/local/include/php/TSRM -I/usr/local/include/php/Zend -I/usr/local/include/php/ext -I/usr/local/include/php/ext/date/lib -I/usr/local/include/php/ext -fstack-protector-strong -fpic -fpie -O2 -D_LARGEFILE_SOURCE -D_FILE_OFFSET_BITS=64 -DHAVE_CONFIG_H -fstack-protector-strong -fpic -fpie -O2 -D_LARGEFILE_SOURCE -D_FILE_OFFSET_BITS=64 -DZEND_COMPILE_DL_EXT=1 -c /usr/src/php/ext/redis/redis_sentinel.c -MMD -MF redis_sentinel.dep -MT redis_sentinel.lo  -fPIC -DPIC -o .libs/redis_sentinel.o
#9 58.45 /bin/bash /usr/src/php/ext/redis/libtool --mode=compile cc -I. -I/usr/src/php/ext/redis -I/usr/src/php/ext/redis/include -I/usr/src/php/ext/redis/main -I/usr/src/php/ext/redis -I/usr/local/include/php -I/usr/local/include/php/main -I/usr/local/include/php/TSRM -I/usr/local/include/php/Zend -I/usr/local/include/php/ext -I/usr/local/include/php/ext/date/lib -I/usr/local/include/php/ext  -fstack-protector-strong -fpic -fpie -O2 -D_LARGEFILE_SOURCE -D_FILE_OFFSET_BITS=64 -DHAVE_CONFIG_H  -fstack-protector-strong -fpic -fpie -O2 -D_LARGEFILE_SOURCE -D_FILE_OFFSET_BITS=64    -DZEND_COMPILE_DL_EXT=1 -c /usr/src/php/ext/redis/sentinel_library.c -o sentinel_library.lo  -MMD -MF sentinel_library.dep -MT sentinel_library.lo
#9 58.88  cc -I. -I/usr/src/php/ext/redis -I/usr/src/php/ext/redis/include -I/usr/src/php/ext/redis/main -I/usr/src/php/ext/redis -I/usr/local/include/php -I/usr/local/include/php/main -I/usr/local/include/php/TSRM -I/usr/local/include/php/Zend -I/usr/local/include/php/ext -I/usr/local/include/php/ext/date/lib -I/usr/local/include/php/ext -fstack-protector-strong -fpic -fpie -O2 -D_LARGEFILE_SOURCE -D_FILE_OFFSET_BITS=64 -DHAVE_CONFIG_H -fstack-protector-strong -fpic -fpie -O2 -D_LARGEFILE_SOURCE -D_FILE_OFFSET_BITS=64 -DZEND_COMPILE_DL_EXT=1 -c /usr/src/php/ext/redis/sentinel_library.c -MMD -MF sentinel_library.dep -MT sentinel_library.lo  -fPIC -DPIC -o .libs/sentinel_library.o
#9 59.31 /bin/bash /usr/src/php/ext/redis/libtool --mode=link cc -shared -I/usr/src/php/ext/redis/include -I/usr/src/php/ext/redis/main -I/usr/src/php/ext/redis -I/usr/local/include/php -I/usr/local/include/php/main -I/usr/local/include/php/TSRM -I/usr/local/include/php/Zend -I/usr/local/include/php/ext -I/usr/local/include/php/ext/date/lib -I/usr/local/include/php/ext  -fstack-protector-strong -fpic -fpie -O2 -D_LARGEFILE_SOURCE -D_FILE_OFFSET_BITS=64 -DHAVE_CONFIG_H  -fstack-protector-strong -fpic -fpie -O2 -D_LARGEFILE_SOURCE -D_FILE_OFFSET_BITS=64  -Wl,-O1 -pie  -o redis.la -export-dynamic -avoid-version -prefer-pic -module -rpath /usr/src/php/ext/redis/modules  redis.lo redis_commands.lo library.lo redis_session.lo redis_array.lo redis_array_impl.lo redis_cluster.lo cluster_library.lo redis_sentinel.lo sentinel_library.lo 
#9 59.96 cc -shared  .libs/redis.o .libs/redis_commands.o .libs/library.o .libs/redis_session.o .libs/redis_array.o .libs/redis_array_impl.o .libs/redis_cluster.o .libs/cluster_library.o .libs/redis_sentinel.o .libs/sentinel_library.o   -Wl,-O1 -Wl,-soname -Wl,redis.so -o .libs/redis.so
#9 60.09 creating redis.la
#9 60.12 (cd .libs && rm -f redis.la && ln -s ../redis.la redis.la)
#9 60.12 /bin/bash /usr/src/php/ext/redis/libtool --mode=install cp ./redis.la /usr/src/php/ext/redis/modules
#9 60.25 cp ./.libs/redis.so /usr/src/php/ext/redis/modules/redis.so
#9 60.27 cp ./.libs/redis.lai /usr/src/php/ext/redis/modules/redis.la
#9 60.36 PATH="$PATH:/sbin" ldconfig -n /usr/src/php/ext/redis/modules
#9 60.37 ----------------------------------------------------------------------
#9 60.37 Libraries have been installed in:
#9 60.37    /usr/src/php/ext/redis/modules
#9 60.37 
#9 60.37 If you ever happen to want to link against installed libraries
#9 60.37 in a given directory, LIBDIR, you must either use libtool, and
#9 60.38 specify the full pathname of the library, or use the `-LLIBDIR'
#9 60.38 flag during linking and do at least one of the following:
#9 60.38    - add LIBDIR to the `LD_LIBRARY_PATH' environment variable
#9 60.38      during execution
#9 60.38    - add LIBDIR to the `LD_RUN_PATH' environment variable
#9 60.38      during linking
#9 60.38    - use the `-Wl,--rpath -Wl,LIBDIR' linker flag
#9 60.38    - have your system administrator add LIBDIR to `/etc/ld.so.conf'
#9 60.38 
#9 60.38 See any operating system documentation about shared libraries for
#9 60.38 more information, such as the ld(1) and ld.so(8) manual pages.
#9 60.39 ----------------------------------------------------------------------
#9 60.39 
#9 60.40 Build complete.
#9 60.40 Don't forget to run 'make test'.
#9 60.41 
#9 60.49 + strip --strip-all modules/redis.so
#9 60.62 Installing shared extensions:     /usr/local/lib/php/extensions/no-debug-non-zts-20210902/
#9 60.96 find . -name \*.gcno -o -name \*.gcda | xargs rm -f
#9 60.98 find . -name \*.lo -o -name \*.o -o -name \*.dep | xargs rm -f
#9 61.01 find . -name \*.la -o -name \*.a | xargs rm -f
#9 61.05 find . -name \*.so | xargs rm -f
#9 61.06 find . -name .libs -a -type d|xargs rm -rf
#9 61.07 rm -f libphp.la      modules/* libs/*
#9 61.07 rm -f ext/opcache/jit/zend_jit_x86.c
#9 61.07 rm -f ext/opcache/jit/zend_jit_arm64.c
#9 61.09 rm -f ext/opcache/minilua
#9 61.20 
#9 61.20 warning: redis (redis) is already loaded!
#9 61.20 
#9 61.36 Configuring for:
#9 61.36 PHP Api Version:         20210902
#9 61.36 Zend Module Api No:      20210902
#9 61.36 Zend Extension Api No:   420210902
#9 63.23 checking for grep that handles long lines and -e... /usr/bin/grep
#9 63.25 checking for egrep... /usr/bin/grep -E
#9 63.25 checking for a sed that does not truncate output... /usr/bin/sed
#9 63.35 checking for pkg-config... /usr/bin/pkg-config
#9 63.35 checking pkg-config is at least version 0.9.0... yes
#9 63.36 checking for cc... cc
#9 63.45 checking whether the C compiler works... yes
#9 63.59 checking for C compiler default output file name... a.out
#9 63.60 checking for suffix of executables... 
#9 63.73 checking whether we are cross compiling... no
#9 63.86 checking for suffix of object files... o
#9 63.94 checking whether the compiler supports GNU C... yes
#9 64.01 checking whether cc accepts -g... yes
#9 64.17 checking for cc option to enable C11 features... none needed
#9 64.37 checking how to run the C preprocessor... cc -E
#9 64.65 checking for egrep -e... (cached) /usr/bin/grep -E
#9 64.66 checking for icc... no
#9 64.73 checking for suncc... no
#9 64.75 checking for system library directory... lib
#9 64.75 checking if compiler supports -Wl,-rpath,... yes
#9 64.92 checking build system type... x86_64-pc-linux-gnu
#9 64.95 checking host system type... x86_64-pc-linux-gnu
#9 64.95 checking target system type... x86_64-pc-linux-gnu
#9 65.10 checking for PHP prefix... /usr/local
#9 65.10 checking for PHP includes... -I/usr/local/include/php -I/usr/local/include/php/main -I/usr/local/include/php/TSRM -I/usr/local/include/php/Zend -I/usr/local/include/php/ext -I/usr/local/include/php/ext/date/lib
#9 65.10 checking for PHP extension directory... /usr/local/lib/php/extensions/no-debug-non-zts-20210902
#9 65.10 checking for PHP installed headers prefix... /usr/local/include/php
#9 65.10 checking if debug is enabled... no
#9 65.16 checking if zts is enabled... no
#9 65.22 checking for gawk... no
#9 65.22 checking for nawk... nawk
#9 65.22 checking if nawk is broken... no
#9 65.23 checking whether to enable SOAP support... yes, shared
#9 65.23 checking for libxml-2.0 >= 2.9.0... yes
#9 65.36 checking for a sed that does not truncate output... /usr/bin/sed
#9 65.40 checking for ld used by cc... /usr/bin/ld
#9 65.41 checking if the linker (/usr/bin/ld) is GNU ld... yes
#9 65.42 checking for /usr/bin/ld option to reload object files... -r
#9 65.42 checking for BSD-compatible nm... /usr/bin/nm -B
#9 65.43 checking whether ln -s works... yes
#9 65.43 checking how to recognize dependent libraries... pass_all
#9 65.51 checking for stdio.h... yes
#9 65.57 checking for stdlib.h... yes
#9 65.69 checking for string.h... yes
#9 65.81 checking for inttypes.h... yes
#9 65.90 checking for stdint.h... yes
#9 65.96 checking for strings.h... yes
#9 66.04 checking for sys/stat.h... yes
#9 66.12 checking for sys/types.h... yes
#9 66.20 checking for unistd.h... yes
#9 66.27 checking for dlfcn.h... yes
#9 66.34 checking the maximum length of command line arguments... 1572864
#9 66.35 checking command to parse /usr/bin/nm -B output from cc object... ok
#9 66.66 checking for objdir... .libs
#9 66.68 checking for ar... ar
#9 66.69 checking for ranlib... ranlib
#9 66.69 checking for strip... strip
#9 66.95 checking if cc supports -fno-rtti -fno-exceptions... no
#9 67.01 checking for cc option to produce PIC... -fPIC
#9 67.01 checking if cc PIC flag -fPIC works... yes
#9 67.11 checking if cc static flag -static works... yes
#9 67.31 checking if cc supports -c -o file.o... yes
#9 67.42 checking whether the cc linker (/usr/bin/ld -m elf_x86_64) supports shared libraries... yes
#9 67.49 checking whether -lc should be explicitly linked in... no
#9 67.59 checking dynamic linker characteristics... GNU/Linux ld.so
#9 67.71 checking how to hardcode library paths into programs... immediate
#9 67.72 checking whether stripping libraries is possible... yes
#9 67.73 checking if libtool supports shared libraries... yes
#9 67.73 checking whether to build shared libraries... yes
#9 67.73 checking whether to build static libraries... no
#9 68.56 
#9 68.56 creating libtool
#9 68.68 appending configuration tag "CXX" to libtool
#9 68.90 configure: patching config.h.in
#9 68.91 configure: creating ./config.status
#9 69.22 config.status: creating config.h
#9 69.43 /bin/bash /usr/src/php/ext/soap/libtool --mode=compile cc -I. -I/usr/src/php/ext/soap -I/usr/src/php/ext/soap/include -I/usr/src/php/ext/soap/main -I/usr/src/php/ext/soap -I/usr/local/include/php -I/usr/local/include/php/main -I/usr/local/include/php/TSRM -I/usr/local/include/php/Zend -I/usr/local/include/php/ext -I/usr/local/include/php/ext/date/lib -I/usr/include/libxml2  -fstack-protector-strong -fpic -fpie -O2 -D_LARGEFILE_SOURCE -D_FILE_OFFSET_BITS=64 -DHAVE_CONFIG_H  -fstack-protector-strong -fpic -fpie -O2 -D_LARGEFILE_SOURCE -D_FILE_OFFSET_BITS=64   -DZEND_ENABLE_STATIC_TSRMLS_CACHE=1 -DZEND_COMPILE_DL_EXT=1 -c /usr/src/php/ext/soap/soap.c -o soap.lo  -MMD -MF soap.dep -MT soap.lo
#9 69.96 mkdir .libs
#9 69.96  cc -I. -I/usr/src/php/ext/soap -I/usr/src/php/ext/soap/include -I/usr/src/php/ext/soap/main -I/usr/src/php/ext/soap -I/usr/local/include/php -I/usr/local/include/php/main -I/usr/local/include/php/TSRM -I/usr/local/include/php/Zend -I/usr/local/include/php/ext -I/usr/local/include/php/ext/date/lib -I/usr/include/libxml2 -fstack-protector-strong -fpic -fpie -O2 -D_LARGEFILE_SOURCE -D_FILE_OFFSET_BITS=64 -DHAVE_CONFIG_H -fstack-protector-strong -fpic -fpie -O2 -D_LARGEFILE_SOURCE -D_FILE_OFFSET_BITS=64 -DZEND_ENABLE_STATIC_TSRMLS_CACHE=1 -DZEND_COMPILE_DL_EXT=1 -c /usr/src/php/ext/soap/soap.c -MMD -MF soap.dep -MT soap.lo  -fPIC -DPIC -o .libs/soap.o
#9 76.35 /bin/bash /usr/src/php/ext/soap/libtool --mode=compile cc -I. -I/usr/src/php/ext/soap -I/usr/src/php/ext/soap/include -I/usr/src/php/ext/soap/main -I/usr/src/php/ext/soap -I/usr/local/include/php -I/usr/local/include/php/main -I/usr/local/include/php/TSRM -I/usr/local/include/php/Zend -I/usr/local/include/php/ext -I/usr/local/include/php/ext/date/lib -I/usr/include/libxml2  -fstack-protector-strong -fpic -fpie -O2 -D_LARGEFILE_SOURCE -D_FILE_OFFSET_BITS=64 -DHAVE_CONFIG_H  -fstack-protector-strong -fpic -fpie -O2 -D_LARGEFILE_SOURCE -D_FILE_OFFSET_BITS=64   -DZEND_ENABLE_STATIC_TSRMLS_CACHE=1 -DZEND_COMPILE_DL_EXT=1 -c /usr/src/php/ext/soap/php_encoding.c -o php_encoding.lo  -MMD -MF php_encoding.dep -MT php_encoding.lo
#9 76.96  cc -I. -I/usr/src/php/ext/soap -I/usr/src/php/ext/soap/include -I/usr/src/php/ext/soap/main -I/usr/src/php/ext/soap -I/usr/local/include/php -I/usr/local/include/php/main -I/usr/local/include/php/TSRM -I/usr/local/include/php/Zend -I/usr/local/include/php/ext -I/usr/local/include/php/ext/date/lib -I/usr/include/libxml2 -fstack-protector-strong -fpic -fpie -O2 -D_LARGEFILE_SOURCE -D_FILE_OFFSET_BITS=64 -DHAVE_CONFIG_H -fstack-protector-strong -fpic -fpie -O2 -D_LARGEFILE_SOURCE -D_FILE_OFFSET_BITS=64 -DZEND_ENABLE_STATIC_TSRMLS_CACHE=1 -DZEND_COMPILE_DL_EXT=1 -c /usr/src/php/ext/soap/php_encoding.c -MMD -MF php_encoding.dep -MT php_encoding.lo  -fPIC -DPIC -o .libs/php_encoding.o
#9 81.06 /bin/bash /usr/src/php/ext/soap/libtool --mode=compile cc -I. -I/usr/src/php/ext/soap -I/usr/src/php/ext/soap/include -I/usr/src/php/ext/soap/main -I/usr/src/php/ext/soap -I/usr/local/include/php -I/usr/local/include/php/main -I/usr/local/include/php/TSRM -I/usr/local/include/php/Zend -I/usr/local/include/php/ext -I/usr/local/include/php/ext/date/lib -I/usr/include/libxml2  -fstack-protector-strong -fpic -fpie -O2 -D_LARGEFILE_SOURCE -D_FILE_OFFSET_BITS=64 -DHAVE_CONFIG_H  -fstack-protector-strong -fpic -fpie -O2 -D_LARGEFILE_SOURCE -D_FILE_OFFSET_BITS=64   -DZEND_ENABLE_STATIC_TSRMLS_CACHE=1 -DZEND_COMPILE_DL_EXT=1 -c /usr/src/php/ext/soap/php_http.c -o php_http.lo  -MMD -MF php_http.dep -MT php_http.lo
#9 81.60  cc -I. -I/usr/src/php/ext/soap -I/usr/src/php/ext/soap/include -I/usr/src/php/ext/soap/main -I/usr/src/php/ext/soap -I/usr/local/include/php -I/usr/local/include/php/main -I/usr/local/include/php/TSRM -I/usr/local/include/php/Zend -I/usr/local/include/php/ext -I/usr/local/include/php/ext/date/lib -I/usr/include/libxml2 -fstack-protector-strong -fpic -fpie -O2 -D_LARGEFILE_SOURCE -D_FILE_OFFSET_BITS=64 -DHAVE_CONFIG_H -fstack-protector-strong -fpic -fpie -O2 -D_LARGEFILE_SOURCE -D_FILE_OFFSET_BITS=64 -DZEND_ENABLE_STATIC_TSRMLS_CACHE=1 -DZEND_COMPILE_DL_EXT=1 -c /usr/src/php/ext/soap/php_http.c -MMD -MF php_http.dep -MT php_http.lo  -fPIC -DPIC -o .libs/php_http.o
#9 84.55 /bin/bash /usr/src/php/ext/soap/libtool --mode=compile cc -I. -I/usr/src/php/ext/soap -I/usr/src/php/ext/soap/include -I/usr/src/php/ext/soap/main -I/usr/src/php/ext/soap -I/usr/local/include/php -I/usr/local/include/php/main -I/usr/local/include/php/TSRM -I/usr/local/include/php/Zend -I/usr/local/include/php/ext -I/usr/local/include/php/ext/date/lib -I/usr/include/libxml2  -fstack-protector-strong -fpic -fpie -O2 -D_LARGEFILE_SOURCE -D_FILE_OFFSET_BITS=64 -DHAVE_CONFIG_H  -fstack-protector-strong -fpic -fpie -O2 -D_LARGEFILE_SOURCE -D_FILE_OFFSET_BITS=64   -DZEND_ENABLE_STATIC_TSRMLS_CACHE=1 -DZEND_COMPILE_DL_EXT=1 -c /usr/src/php/ext/soap/php_packet_soap.c -o php_packet_soap.lo  -MMD -MF php_packet_soap.dep -MT php_packet_soap.lo
#9 84.93  cc -I. -I/usr/src/php/ext/soap -I/usr/src/php/ext/soap/include -I/usr/src/php/ext/soap/main -I/usr/src/php/ext/soap -I/usr/local/include/php -I/usr/local/include/php/main -I/usr/local/include/php/TSRM -I/usr/local/include/php/Zend -I/usr/local/include/php/ext -I/usr/local/include/php/ext/date/lib -I/usr/include/libxml2 -fstack-protector-strong -fpic -fpie -O2 -D_LARGEFILE_SOURCE -D_FILE_OFFSET_BITS=64 -DHAVE_CONFIG_H -fstack-protector-strong -fpic -fpie -O2 -D_LARGEFILE_SOURCE -D_FILE_OFFSET_BITS=64 -DZEND_ENABLE_STATIC_TSRMLS_CACHE=1 -DZEND_COMPILE_DL_EXT=1 -c /usr/src/php/ext/soap/php_packet_soap.c -MMD -MF php_packet_soap.dep -MT php_packet_soap.lo  -fPIC -DPIC -o .libs/php_packet_soap.o
#9 86.13 /bin/bash /usr/src/php/ext/soap/libtool --mode=compile cc -I. -I/usr/src/php/ext/soap -I/usr/src/php/ext/soap/include -I/usr/src/php/ext/soap/main -I/usr/src/php/ext/soap -I/usr/local/include/php -I/usr/local/include/php/main -I/usr/local/include/php/TSRM -I/usr/local/include/php/Zend -I/usr/local/include/php/ext -I/usr/local/include/php/ext/date/lib -I/usr/include/libxml2  -fstack-protector-strong -fpic -fpie -O2 -D_LARGEFILE_SOURCE -D_FILE_OFFSET_BITS=64 -DHAVE_CONFIG_H  -fstack-protector-strong -fpic -fpie -O2 -D_LARGEFILE_SOURCE -D_FILE_OFFSET_BITS=64   -DZEND_ENABLE_STATIC_TSRMLS_CACHE=1 -DZEND_COMPILE_DL_EXT=1 -c /usr/src/php/ext/soap/php_schema.c -o php_schema.lo  -MMD -MF php_schema.dep -MT php_schema.lo
#9 86.55  cc -I. -I/usr/src/php/ext/soap -I/usr/src/php/ext/soap/include -I/usr/src/php/ext/soap/main -I/usr/src/php/ext/soap -I/usr/local/include/php -I/usr/local/include/php/main -I/usr/local/include/php/TSRM -I/usr/local/include/php/Zend -I/usr/local/include/php/ext -I/usr/local/include/php/ext/date/lib -I/usr/include/libxml2 -fstack-protector-strong -fpic -fpie -O2 -D_LARGEFILE_SOURCE -D_FILE_OFFSET_BITS=64 -DHAVE_CONFIG_H -fstack-protector-strong -fpic -fpie -O2 -D_LARGEFILE_SOURCE -D_FILE_OFFSET_BITS=64 -DZEND_ENABLE_STATIC_TSRMLS_CACHE=1 -DZEND_COMPILE_DL_EXT=1 -c /usr/src/php/ext/soap/php_schema.c -MMD -MF php_schema.dep -MT php_schema.lo  -fPIC -DPIC -o .libs/php_schema.o
#9 89.72 /bin/bash /usr/src/php/ext/soap/libtool --mode=compile cc -I. -I/usr/src/php/ext/soap -I/usr/src/php/ext/soap/include -I/usr/src/php/ext/soap/main -I/usr/src/php/ext/soap -I/usr/local/include/php -I/usr/local/include/php/main -I/usr/local/include/php/TSRM -I/usr/local/include/php/Zend -I/usr/local/include/php/ext -I/usr/local/include/php/ext/date/lib -I/usr/include/libxml2  -fstack-protector-strong -fpic -fpie -O2 -D_LARGEFILE_SOURCE -D_FILE_OFFSET_BITS=64 -DHAVE_CONFIG_H  -fstack-protector-strong -fpic -fpie -O2 -D_LARGEFILE_SOURCE -D_FILE_OFFSET_BITS=64   -DZEND_ENABLE_STATIC_TSRMLS_CACHE=1 -DZEND_COMPILE_DL_EXT=1 -c /usr/src/php/ext/soap/php_sdl.c -o php_sdl.lo  -MMD -MF php_sdl.dep -MT php_sdl.lo
#9 90.13  cc -I. -I/usr/src/php/ext/soap -I/usr/src/php/ext/soap/include -I/usr/src/php/ext/soap/main -I/usr/src/php/ext/soap -I/usr/local/include/php -I/usr/local/include/php/main -I/usr/local/include/php/TSRM -I/usr/local/include/php/Zend -I/usr/local/include/php/ext -I/usr/local/include/php/ext/date/lib -I/usr/include/libxml2 -fstack-protector-strong -fpic -fpie -O2 -D_LARGEFILE_SOURCE -D_FILE_OFFSET_BITS=64 -DHAVE_CONFIG_H -fstack-protector-strong -fpic -fpie -O2 -D_LARGEFILE_SOURCE -D_FILE_OFFSET_BITS=64 -DZEND_ENABLE_STATIC_TSRMLS_CACHE=1 -DZEND_COMPILE_DL_EXT=1 -c /usr/src/php/ext/soap/php_sdl.c -MMD -MF php_sdl.dep -MT php_sdl.lo  -fPIC -DPIC -o .libs/php_sdl.o
#9 95.05 /bin/bash /usr/src/php/ext/soap/libtool --mode=compile cc -I. -I/usr/src/php/ext/soap -I/usr/src/php/ext/soap/include -I/usr/src/php/ext/soap/main -I/usr/src/php/ext/soap -I/usr/local/include/php -I/usr/local/include/php/main -I/usr/local/include/php/TSRM -I/usr/local/include/php/Zend -I/usr/local/include/php/ext -I/usr/local/include/php/ext/date/lib -I/usr/include/libxml2  -fstack-protector-strong -fpic -fpie -O2 -D_LARGEFILE_SOURCE -D_FILE_OFFSET_BITS=64 -DHAVE_CONFIG_H  -fstack-protector-strong -fpic -fpie -O2 -D_LARGEFILE_SOURCE -D_FILE_OFFSET_BITS=64   -DZEND_ENABLE_STATIC_TSRMLS_CACHE=1 -DZEND_COMPILE_DL_EXT=1 -c /usr/src/php/ext/soap/php_xml.c -o php_xml.lo  -MMD -MF php_xml.dep -MT php_xml.lo
#9 95.60  cc -I. -I/usr/src/php/ext/soap -I/usr/src/php/ext/soap/include -I/usr/src/php/ext/soap/main -I/usr/src/php/ext/soap -I/usr/local/include/php -I/usr/local/include/php/main -I/usr/local/include/php/TSRM -I/usr/local/include/php/Zend -I/usr/local/include/php/ext -I/usr/local/include/php/ext/date/lib -I/usr/include/libxml2 -fstack-protector-strong -fpic -fpie -O2 -D_LARGEFILE_SOURCE -D_FILE_OFFSET_BITS=64 -DHAVE_CONFIG_H -fstack-protector-strong -fpic -fpie -O2 -D_LARGEFILE_SOURCE -D_FILE_OFFSET_BITS=64 -DZEND_ENABLE_STATIC_TSRMLS_CACHE=1 -DZEND_COMPILE_DL_EXT=1 -c /usr/src/php/ext/soap/php_xml.c -MMD -MF php_xml.dep -MT php_xml.lo  -fPIC -DPIC -o .libs/php_xml.o
#9 96.04 /bin/bash /usr/src/php/ext/soap/libtool --mode=link cc -shared -I/usr/src/php/ext/soap/include -I/usr/src/php/ext/soap/main -I/usr/src/php/ext/soap -I/usr/local/include/php -I/usr/local/include/php/main -I/usr/local/include/php/TSRM -I/usr/local/include/php/Zend -I/usr/local/include/php/ext -I/usr/local/include/php/ext/date/lib -I/usr/include/libxml2  -fstack-protector-strong -fpic -fpie -O2 -D_LARGEFILE_SOURCE -D_FILE_OFFSET_BITS=64 -DHAVE_CONFIG_H  -fstack-protector-strong -fpic -fpie -O2 -D_LARGEFILE_SOURCE -D_FILE_OFFSET_BITS=64  -Wl,-O1 -pie  -o soap.la -export-dynamic -avoid-version -prefer-pic -module -rpath /usr/src/php/ext/soap/modules  soap.lo php_encoding.lo php_http.lo php_packet_soap.lo php_schema.lo php_sdl.lo php_xml.lo -lxml2
#9 96.63 cc -shared  .libs/soap.o .libs/php_encoding.o .libs/php_http.o .libs/php_packet_soap.o .libs/php_schema.o .libs/php_sdl.o .libs/php_xml.o  -lxml2  -Wl,-O1 -Wl,-soname -Wl,soap.so -o .libs/soap.so
#9 96.82 creating soap.la
#9 96.85 (cd .libs && rm -f soap.la && ln -s ../soap.la soap.la)
#9 96.87 /bin/bash /usr/src/php/ext/soap/libtool --mode=install cp ./soap.la /usr/src/php/ext/soap/modules
#9 97.03 cp ./.libs/soap.so /usr/src/php/ext/soap/modules/soap.so
#9 97.09 cp ./.libs/soap.lai /usr/src/php/ext/soap/modules/soap.la
#9 97.16 PATH="$PATH:/sbin" ldconfig -n /usr/src/php/ext/soap/modules
#9 97.19 ----------------------------------------------------------------------
#9 97.19 Libraries have been installed in:
#9 97.19    /usr/src/php/ext/soap/modules
#9 97.19 
#9 97.19 If you ever happen to want to link against installed libraries
#9 97.19 in a given directory, LIBDIR, you must either use libtool, and
#9 97.19 specify the full pathname of the library, or use the `-LLIBDIR'
#9 97.19 flag during linking and do at least one of the following:
#9 97.19    - add LIBDIR to the `LD_LIBRARY_PATH' environment variable
#9 97.19      during execution
#9 97.19    - add LIBDIR to the `LD_RUN_PATH' environment variable
#9 97.19      during linking
#9 97.19    - use the `-Wl,--rpath -Wl,LIBDIR' linker flag
#9 97.19    - have your system administrator add LIBDIR to `/etc/ld.so.conf'
#9 97.19 
#9 97.19 See any operating system documentation about shared libraries for
#9 97.19 more information, such as the ld(1) and ld.so(8) manual pages.
#9 97.20 ----------------------------------------------------------------------
#9 97.22 
#9 97.22 Build complete.
#9 97.22 Don't forget to run 'make test'.
#9 97.23 
#9 97.26 + strip --strip-all modules/soap.so
#9 97.40 Installing shared extensions:     /usr/local/lib/php/extensions/no-debug-non-zts-20210902/
#9 97.82 find . -name \*.gcno -o -name \*.gcda | xargs rm -f
#9 97.83 find . -name \*.lo -o -name \*.o -o -name \*.dep | xargs rm -f
#9 97.85 find . -name \*.la -o -name \*.a | xargs rm -f
#9 97.88 find . -name \*.so | xargs rm -f
#9 97.91 find . -name .libs -a -type d|xargs rm -rf
#9 97.94 rm -f libphp.la      modules/* libs/*
#9 97.96 rm -f ext/opcache/jit/zend_jit_x86.c
#9 97.97 rm -f ext/opcache/jit/zend_jit_arm64.c
#9 97.98 rm -f ext/opcache/minilua
#9 98.11 
#9 98.11 warning: soap (soap) is already loaded!
#9 98.11 
#9 98.19 Configuring for:
#9 98.19 PHP Api Version:         20210902
#9 98.19 Zend Module Api No:      20210902
#9 98.19 Zend Extension Api No:   420210902
#9 100.6 checking for grep that handles long lines and -e... /usr/bin/grep
#9 100.6 checking for egrep... /usr/bin/grep -E
#9 100.6 checking for a sed that does not truncate output... /usr/bin/sed
#9 100.8 checking for pkg-config... /usr/bin/pkg-config
#9 100.8 checking pkg-config is at least version 0.9.0... yes
#9 100.8 checking for cc... cc
#9 100.9 checking whether the C compiler works... yes
#9 101.0 checking for C compiler default output file name... a.out
#9 101.0 checking for suffix of executables... 
#9 101.2 checking whether we are cross compiling... no
#9 101.3 checking for suffix of object files... o
#9 101.4 checking whether the compiler supports GNU C... yes
#9 101.4 checking whether cc accepts -g... yes
#9 101.5 checking for cc option to enable C11 features... none needed
#9 101.6 checking how to run the C preprocessor... cc -E
#9 101.8 checking for egrep -e... (cached) /usr/bin/grep -E
#9 101.8 checking for icc... no
#9 101.8 checking for suncc... no
#9 101.9 checking for system library directory... lib
#9 101.9 checking if compiler supports -Wl,-rpath,... yes
#9 102.1 checking build system type... x86_64-pc-linux-gnu
#9 102.1 checking host system type... x86_64-pc-linux-gnu
#9 102.1 checking target system type... x86_64-pc-linux-gnu
#9 102.4 checking for PHP prefix... /usr/local
#9 102.4 checking for PHP includes... -I/usr/local/include/php -I/usr/local/include/php/main -I/usr/local/include/php/TSRM -I/usr/local/include/php/Zend -I/usr/local/include/php/ext -I/usr/local/include/php/ext/date/lib
#9 102.4 checking for PHP extension directory... /usr/local/lib/php/extensions/no-debug-non-zts-20210902
#9 102.4 checking for PHP installed headers prefix... /usr/local/include/php
#9 102.4 checking if debug is enabled... no
#9 102.4 checking if zts is enabled... no
#9 102.5 checking for gawk... no
#9 102.5 checking for nawk... nawk
#9 102.5 checking if nawk is broken... no
#9 102.5 checking for GD support... yes, shared
#9 102.5 checking for external libgd... no
#9 102.5 checking for libavif... no
#9 102.5 checking for libwebp... no
#9 102.5 checking for libjpeg... yes
#9 102.5 checking for libXpm... no
#9 102.5 checking for FreeType 2... yes
#9 102.5 checking whether to enable JIS-mapped Japanese font support in GD... no
#9 102.5 checking for fabsf... no
#9 102.6 checking for floorf... no
#9 102.8 checking for zlib... yes
#9 102.8 checking for libpng... yes
#9 102.9 checking for libjpeg... yes
#9 103.0 checking for freetype2... yes
#9 103.5 checking for a sed that does not truncate output... /usr/bin/sed
#9 103.6 checking for ld used by cc... /usr/bin/ld
#9 103.6 checking if the linker (/usr/bin/ld) is GNU ld... yes
#9 103.6 checking for /usr/bin/ld option to reload object files... -r
#9 103.6 checking for BSD-compatible nm... /usr/bin/nm -B
#9 103.6 checking whether ln -s works... yes
#9 103.6 checking how to recognize dependent libraries... pass_all
#9 103.7 checking for stdio.h... yes
#9 103.7 checking for stdlib.h... yes
#9 103.9 checking for string.h... yes
#9 104.0 checking for inttypes.h... yes
#9 104.1 checking for stdint.h... yes
#9 104.2 checking for strings.h... yes
#9 104.3 checking for sys/stat.h... yes
#9 104.5 checking for sys/types.h... yes
#9 104.6 checking for unistd.h... yes
#9 104.7 checking for dlfcn.h... yes
#9 104.9 checking the maximum length of command line arguments... 1572864
#9 104.9 checking command to parse /usr/bin/nm -B output from cc object... ok
#9 105.1 checking for objdir... .libs
#9 105.1 checking for ar... ar
#9 105.1 checking for ranlib... ranlib
#9 105.1 checking for strip... strip
#9 105.3 checking if cc supports -fno-rtti -fno-exceptions... no
#9 105.4 checking for cc option to produce PIC... -fPIC
#9 105.4 checking if cc PIC flag -fPIC works... yes
#9 105.4 checking if cc static flag -static works... yes
#9 105.6 checking if cc supports -c -o file.o... yes
#9 105.8 checking whether the cc linker (/usr/bin/ld -m elf_x86_64) supports shared libraries... yes
#9 105.9 checking whether -lc should be explicitly linked in... no
#9 106.0 checking dynamic linker characteristics... GNU/Linux ld.so
#9 106.1 checking how to hardcode library paths into programs... immediate
#9 106.1 checking whether stripping libraries is possible... yes
#9 106.1 checking if libtool supports shared libraries... yes
#9 106.1 checking whether to build shared libraries... yes
#9 106.1 checking whether to build static libraries... no
#9 107.1 
#9 107.1 creating libtool
#9 107.2 appending configuration tag "CXX" to libtool
#9 107.5 configure: patching config.h.in
#9 107.5 configure: creating ./config.status
#9 107.7 config.status: creating config.h
#9 107.9 /bin/bash /usr/src/php/ext/gd/libtool --mode=compile cc -I. -I/usr/src/php/ext/gd -I/usr/src/php/ext/gd/include -I/usr/src/php/ext/gd/main -I/usr/src/php/ext/gd -I/usr/local/include/php -I/usr/local/include/php/main -I/usr/local/include/php/TSRM -I/usr/local/include/php/Zend -I/usr/local/include/php/ext -I/usr/local/include/php/ext/date/lib -I/usr/include/libpng16 -I/usr/include/freetype2  -fstack-protector-strong -fpic -fpie -O2 -D_LARGEFILE_SOURCE -D_FILE_OFFSET_BITS=64 -DHAVE_CONFIG_H  -fstack-protector-strong -fpic -fpie -O2 -D_LARGEFILE_SOURCE -D_FILE_OFFSET_BITS=64   -I/usr/src/php/ext/gd/libgd -DZEND_COMPILE_DL_EXT=1 -c /usr/src/php/ext/gd/gd.c -o gd.lo  -MMD -MF gd.dep -MT gd.lo
#9 107.9 /bin/bash /usr/src/php/ext/gd/libtool --mode=compile cc -I. -I/usr/src/php/ext/gd -I/usr/src/php/ext/gd/include -I/usr/src/php/ext/gd/main -I/usr/src/php/ext/gd -I/usr/local/include/php -I/usr/local/include/php/main -I/usr/local/include/php/TSRM -I/usr/local/include/php/Zend -I/usr/local/include/php/ext -I/usr/local/include/php/ext/date/lib -I/usr/include/libpng16 -I/usr/include/freetype2  -fstack-protector-strong -fpic -fpie -O2 -D_LARGEFILE_SOURCE -D_FILE_OFFSET_BITS=64 -DHAVE_CONFIG_H  -fstack-protector-strong -fpic -fpie -O2 -D_LARGEFILE_SOURCE -D_FILE_OFFSET_BITS=64   -I/usr/src/php/ext/gd/libgd -DZEND_COMPILE_DL_EXT=1 -c /usr/src/php/ext/gd/libgd/gd.c -o libgd/gd.lo  -MMD -MF libgd/gd.dep -MT libgd/gd.lo
#9 107.9 /bin/bash /usr/src/php/ext/gd/libtool --mode=compile cc -I. -I/usr/src/php/ext/gd -I/usr/src/php/ext/gd/include -I/usr/src/php/ext/gd/main -I/usr/src/php/ext/gd -I/usr/local/include/php -I/usr/local/include/php/main -I/usr/local/include/php/TSRM -I/usr/local/include/php/Zend -I/usr/local/include/php/ext -I/usr/local/include/php/ext/date/lib -I/usr/include/libpng16 -I/usr/include/freetype2  -fstack-protector-strong -fpic -fpie -O2 -D_LARGEFILE_SOURCE -D_FILE_OFFSET_BITS=64 -DHAVE_CONFIG_H  -fstack-protector-strong -fpic -fpie -O2 -D_LARGEFILE_SOURCE -D_FILE_OFFSET_BITS=64   -I/usr/src/php/ext/gd/libgd -DZEND_COMPILE_DL_EXT=1 -c /usr/src/php/ext/gd/libgd/gd_gd.c -o libgd/gd_gd.lo  -MMD -MF libgd/gd_gd.dep -MT libgd/gd_gd.lo
#9 107.9 /bin/bash /usr/src/php/ext/gd/libtool --mode=compile cc -I. -I/usr/src/php/ext/gd -I/usr/src/php/ext/gd/include -I/usr/src/php/ext/gd/main -I/usr/src/php/ext/gd -I/usr/local/include/php -I/usr/local/include/php/main -I/usr/local/include/php/TSRM -I/usr/local/include/php/Zend -I/usr/local/include/php/ext -I/usr/local/include/php/ext/date/lib -I/usr/include/libpng16 -I/usr/include/freetype2  -fstack-protector-strong -fpic -fpie -O2 -D_LARGEFILE_SOURCE -D_FILE_OFFSET_BITS=64 -DHAVE_CONFIG_H  -fstack-protector-strong -fpic -fpie -O2 -D_LARGEFILE_SOURCE -D_FILE_OFFSET_BITS=64   -I/usr/src/php/ext/gd/libgd -DZEND_COMPILE_DL_EXT=1 -c /usr/src/php/ext/gd/libgd/gd_gd2.c -o libgd/gd_gd2.lo  -MMD -MF libgd/gd_gd2.dep -MT libgd/gd_gd2.lo
#9 108.7 mkdir libgd/.libs
#9 108.7  cc -I. -I/usr/src/php/ext/gd -I/usr/src/php/ext/gd/include -I/usr/src/php/ext/gd/main -I/usr/src/php/ext/gd -I/usr/local/include/php -I/usr/local/include/php/main -I/usr/local/include/php/TSRM -I/usr/local/include/php/Zend -I/usr/local/include/php/ext -I/usr/local/include/php/ext/date/lib -I/usr/include/libpng16 -I/usr/include/freetype2 -fstack-protector-strong -fpic -fpie -O2 -D_LARGEFILE_SOURCE -D_FILE_OFFSET_BITS=64 -DHAVE_CONFIG_H -fstack-protector-strong -fpic -fpie -O2 -D_LARGEFILE_SOURCE -D_FILE_OFFSET_BITS=64 -I/usr/src/php/ext/gd/libgd -DZEND_COMPILE_DL_EXT=1 -c /usr/src/php/ext/gd/libgd/gd_gd.c -MMD -MF libgd/gd_gd.dep -MT libgd/gd_gd.lo  -fPIC -DPIC -o libgd/.libs/gd_gd.o
#9 108.8 mkdir .libs
#9 108.8  cc -I. -I/usr/src/php/ext/gd -I/usr/src/php/ext/gd/include -I/usr/src/php/ext/gd/main -I/usr/src/php/ext/gd -I/usr/local/include/php -I/usr/local/include/php/main -I/usr/local/include/php/TSRM -I/usr/local/include/php/Zend -I/usr/local/include/php/ext -I/usr/local/include/php/ext/date/lib -I/usr/include/libpng16 -I/usr/include/freetype2 -fstack-protector-strong -fpic -fpie -O2 -D_LARGEFILE_SOURCE -D_FILE_OFFSET_BITS=64 -DHAVE_CONFIG_H -fstack-protector-strong -fpic -fpie -O2 -D_LARGEFILE_SOURCE -D_FILE_OFFSET_BITS=64 -I/usr/src/php/ext/gd/libgd -DZEND_COMPILE_DL_EXT=1 -c /usr/src/php/ext/gd/gd.c -MMD -MF gd.dep -MT gd.lo  -fPIC -DPIC -o .libs/gd.o
#9 108.8  cc -I. -I/usr/src/php/ext/gd -I/usr/src/php/ext/gd/include -I/usr/src/php/ext/gd/main -I/usr/src/php/ext/gd -I/usr/local/include/php -I/usr/local/include/php/main -I/usr/local/include/php/TSRM -I/usr/local/include/php/Zend -I/usr/local/include/php/ext -I/usr/local/include/php/ext/date/lib -I/usr/include/libpng16 -I/usr/include/freetype2 -fstack-protector-strong -fpic -fpie -O2 -D_LARGEFILE_SOURCE -D_FILE_OFFSET_BITS=64 -DHAVE_CONFIG_H -fstack-protector-strong -fpic -fpie -O2 -D_LARGEFILE_SOURCE -D_FILE_OFFSET_BITS=64 -I/usr/src/php/ext/gd/libgd -DZEND_COMPILE_DL_EXT=1 -c /usr/src/php/ext/gd/libgd/gd.c -MMD -MF libgd/gd.dep -MT libgd/gd.lo  -fPIC -DPIC -o libgd/.libs/gd.o
#9 109.0 /bin/bash /usr/src/php/ext/gd/libtool --mode=compile cc -I. -I/usr/src/php/ext/gd -I/usr/src/php/ext/gd/include -I/usr/src/php/ext/gd/main -I/usr/src/php/ext/gd -I/usr/local/include/php -I/usr/local/include/php/main -I/usr/local/include/php/TSRM -I/usr/local/include/php/Zend -I/usr/local/include/php/ext -I/usr/local/include/php/ext/date/lib -I/usr/include/libpng16 -I/usr/include/freetype2  -fstack-protector-strong -fpic -fpie -O2 -D_LARGEFILE_SOURCE -D_FILE_OFFSET_BITS=64 -DHAVE_CONFIG_H  -fstack-protector-strong -fpic -fpie -O2 -D_LARGEFILE_SOURCE -D_FILE_OFFSET_BITS=64   -I/usr/src/php/ext/gd/libgd -DZEND_COMPILE_DL_EXT=1 -c /usr/src/php/ext/gd/libgd/gd_io.c -o libgd/gd_io.lo  -MMD -MF libgd/gd_io.dep -MT libgd/gd_io.lo
#9 109.0  cc -I. -I/usr/src/php/ext/gd -I/usr/src/php/ext/gd/include -I/usr/src/php/ext/gd/main -I/usr/src/php/ext/gd -I/usr/local/include/php -I/usr/local/include/php/main -I/usr/local/include/php/TSRM -I/usr/local/include/php/Zend -I/usr/local/include/php/ext -I/usr/local/include/php/ext/date/lib -I/usr/include/libpng16 -I/usr/include/freetype2 -fstack-protector-strong -fpic -fpie -O2 -D_LARGEFILE_SOURCE -D_FILE_OFFSET_BITS=64 -DHAVE_CONFIG_H -fstack-protector-strong -fpic -fpie -O2 -D_LARGEFILE_SOURCE -D_FILE_OFFSET_BITS=64 -I/usr/src/php/ext/gd/libgd -DZEND_COMPILE_DL_EXT=1 -c /usr/src/php/ext/gd/libgd/gd_gd2.c -MMD -MF libgd/gd_gd2.dep -MT libgd/gd_gd2.lo  -fPIC -DPIC -o libgd/.libs/gd_gd2.o
#9 109.8  cc -I. -I/usr/src/php/ext/gd -I/usr/src/php/ext/gd/include -I/usr/src/php/ext/gd/main -I/usr/src/php/ext/gd -I/usr/local/include/php -I/usr/local/include/php/main -I/usr/local/include/php/TSRM -I/usr/local/include/php/Zend -I/usr/local/include/php/ext -I/usr/local/include/php/ext/date/lib -I/usr/include/libpng16 -I/usr/include/freetype2 -fstack-protector-strong -fpic -fpie -O2 -D_LARGEFILE_SOURCE -D_FILE_OFFSET_BITS=64 -DHAVE_CONFIG_H -fstack-protector-strong -fpic -fpie -O2 -D_LARGEFILE_SOURCE -D_FILE_OFFSET_BITS=64 -I/usr/src/php/ext/gd/libgd -DZEND_COMPILE_DL_EXT=1 -c /usr/src/php/ext/gd/libgd/gd_io.c -MMD -MF libgd/gd_io.dep -MT libgd/gd_io.lo  -fPIC -DPIC -o libgd/.libs/gd_io.o
#9 110.1 /bin/bash /usr/src/php/ext/gd/libtool --mode=compile cc -I. -I/usr/src/php/ext/gd -I/usr/src/php/ext/gd/include -I/usr/src/php/ext/gd/main -I/usr/src/php/ext/gd -I/usr/local/include/php -I/usr/local/include/php/main -I/usr/local/include/php/TSRM -I/usr/local/include/php/Zend -I/usr/local/include/php/ext -I/usr/local/include/php/ext/date/lib -I/usr/include/libpng16 -I/usr/include/freetype2  -fstack-protector-strong -fpic -fpie -O2 -D_LARGEFILE_SOURCE -D_FILE_OFFSET_BITS=64 -DHAVE_CONFIG_H  -fstack-protector-strong -fpic -fpie -O2 -D_LARGEFILE_SOURCE -D_FILE_OFFSET_BITS=64   -I/usr/src/php/ext/gd/libgd -DZEND_COMPILE_DL_EXT=1 -c /usr/src/php/ext/gd/libgd/gd_io_dp.c -o libgd/gd_io_dp.lo  -MMD -MF libgd/gd_io_dp.dep -MT libgd/gd_io_dp.lo
#9 110.6 /bin/bash /usr/src/php/ext/gd/libtool --mode=compile cc -I. -I/usr/src/php/ext/gd -I/usr/src/php/ext/gd/include -I/usr/src/php/ext/gd/main -I/usr/src/php/ext/gd -I/usr/local/include/php -I/usr/local/include/php/main -I/usr/local/include/php/TSRM -I/usr/local/include/php/Zend -I/usr/local/include/php/ext -I/usr/local/include/php/ext/date/lib -I/usr/include/libpng16 -I/usr/include/freetype2  -fstack-protector-strong -fpic -fpie -O2 -D_LARGEFILE_SOURCE -D_FILE_OFFSET_BITS=64 -DHAVE_CONFIG_H  -fstack-protector-strong -fpic -fpie -O2 -D_LARGEFILE_SOURCE -D_FILE_OFFSET_BITS=64   -I/usr/src/php/ext/gd/libgd -DZEND_COMPILE_DL_EXT=1 -c /usr/src/php/ext/gd/libgd/gd_io_file.c -o libgd/gd_io_file.lo  -MMD -MF libgd/gd_io_file.dep -MT libgd/gd_io_file.lo
#9 110.9  cc -I. -I/usr/src/php/ext/gd -I/usr/src/php/ext/gd/include -I/usr/src/php/ext/gd/main -I/usr/src/php/ext/gd -I/usr/local/include/php -I/usr/local/include/php/main -I/usr/local/include/php/TSRM -I/usr/local/include/php/Zend -I/usr/local/include/php/ext -I/usr/local/include/php/ext/date/lib -I/usr/include/libpng16 -I/usr/include/freetype2 -fstack-protector-strong -fpic -fpie -O2 -D_LARGEFILE_SOURCE -D_FILE_OFFSET_BITS=64 -DHAVE_CONFIG_H -fstack-protector-strong -fpic -fpie -O2 -D_LARGEFILE_SOURCE -D_FILE_OFFSET_BITS=64 -I/usr/src/php/ext/gd/libgd -DZEND_COMPILE_DL_EXT=1 -c /usr/src/php/ext/gd/libgd/gd_io_dp.c -MMD -MF libgd/gd_io_dp.dep -MT libgd/gd_io_dp.lo  -fPIC -DPIC -o libgd/.libs/gd_io_dp.o
#9 111.6  cc -I. -I/usr/src/php/ext/gd -I/usr/src/php/ext/gd/include -I/usr/src/php/ext/gd/main -I/usr/src/php/ext/gd -I/usr/local/include/php -I/usr/local/include/php/main -I/usr/local/include/php/TSRM -I/usr/local/include/php/Zend -I/usr/local/include/php/ext -I/usr/local/include/php/ext/date/lib -I/usr/include/libpng16 -I/usr/include/freetype2 -fstack-protector-strong -fpic -fpie -O2 -D_LARGEFILE_SOURCE -D_FILE_OFFSET_BITS=64 -DHAVE_CONFIG_H -fstack-protector-strong -fpic -fpie -O2 -D_LARGEFILE_SOURCE -D_FILE_OFFSET_BITS=64 -I/usr/src/php/ext/gd/libgd -DZEND_COMPILE_DL_EXT=1 -c /usr/src/php/ext/gd/libgd/gd_io_file.c -MMD -MF libgd/gd_io_file.dep -MT libgd/gd_io_file.lo  -fPIC -DPIC -o libgd/.libs/gd_io_file.o
#9 111.9 /bin/bash /usr/src/php/ext/gd/libtool --mode=compile cc -I. -I/usr/src/php/ext/gd -I/usr/src/php/ext/gd/include -I/usr/src/php/ext/gd/main -I/usr/src/php/ext/gd -I/usr/local/include/php -I/usr/local/include/php/main -I/usr/local/include/php/TSRM -I/usr/local/include/php/Zend -I/usr/local/include/php/ext -I/usr/local/include/php/ext/date/lib -I/usr/include/libpng16 -I/usr/include/freetype2  -fstack-protector-strong -fpic -fpie -O2 -D_LARGEFILE_SOURCE -D_FILE_OFFSET_BITS=64 -DHAVE_CONFIG_H  -fstack-protector-strong -fpic -fpie -O2 -D_LARGEFILE_SOURCE -D_FILE_OFFSET_BITS=64   -I/usr/src/php/ext/gd/libgd -DZEND_COMPILE_DL_EXT=1 -c /usr/src/php/ext/gd/libgd/gd_ss.c -o libgd/gd_ss.lo  -MMD -MF libgd/gd_ss.dep -MT libgd/gd_ss.lo
#9 112.2 /bin/bash /usr/src/php/ext/gd/libtool --mode=compile cc -I. -I/usr/src/php/ext/gd -I/usr/src/php/ext/gd/include -I/usr/src/php/ext/gd/main -I/usr/src/php/ext/gd -I/usr/local/include/php -I/usr/local/include/php/main -I/usr/local/include/php/TSRM -I/usr/local/include/php/Zend -I/usr/local/include/php/ext -I/usr/local/include/php/ext/date/lib -I/usr/include/libpng16 -I/usr/include/freetype2  -fstack-protector-strong -fpic -fpie -O2 -D_LARGEFILE_SOURCE -D_FILE_OFFSET_BITS=64 -DHAVE_CONFIG_H  -fstack-protector-strong -fpic -fpie -O2 -D_LARGEFILE_SOURCE -D_FILE_OFFSET_BITS=64   -I/usr/src/php/ext/gd/libgd -DZEND_COMPILE_DL_EXT=1 -c /usr/src/php/ext/gd/libgd/gd_io_ss.c -o libgd/gd_io_ss.lo  -MMD -MF libgd/gd_io_ss.dep -MT libgd/gd_io_ss.lo
#9 113.0  cc -I. -I/usr/src/php/ext/gd -I/usr/src/php/ext/gd/include -I/usr/src/php/ext/gd/main -I/usr/src/php/ext/gd -I/usr/local/include/php -I/usr/local/include/php/main -I/usr/local/include/php/TSRM -I/usr/local/include/php/Zend -I/usr/local/include/php/ext -I/usr/local/include/php/ext/date/lib -I/usr/include/libpng16 -I/usr/include/freetype2 -fstack-protector-strong -fpic -fpie -O2 -D_LARGEFILE_SOURCE -D_FILE_OFFSET_BITS=64 -DHAVE_CONFIG_H -fstack-protector-strong -fpic -fpie -O2 -D_LARGEFILE_SOURCE -D_FILE_OFFSET_BITS=64 -I/usr/src/php/ext/gd/libgd -DZEND_COMPILE_DL_EXT=1 -c /usr/src/php/ext/gd/libgd/gd_ss.c -MMD -MF libgd/gd_ss.dep -MT libgd/gd_ss.lo  -fPIC -DPIC -o libgd/.libs/gd_ss.o
#9 113.3  cc -I. -I/usr/src/php/ext/gd -I/usr/src/php/ext/gd/include -I/usr/src/php/ext/gd/main -I/usr/src/php/ext/gd -I/usr/local/include/php -I/usr/local/include/php/main -I/usr/local/include/php/TSRM -I/usr/local/include/php/Zend -I/usr/local/include/php/ext -I/usr/local/include/php/ext/date/lib -I/usr/include/libpng16 -I/usr/include/freetype2 -fstack-protector-strong -fpic -fpie -O2 -D_LARGEFILE_SOURCE -D_FILE_OFFSET_BITS=64 -DHAVE_CONFIG_H -fstack-protector-strong -fpic -fpie -O2 -D_LARGEFILE_SOURCE -D_FILE_OFFSET_BITS=64 -I/usr/src/php/ext/gd/libgd -DZEND_COMPILE_DL_EXT=1 -c /usr/src/php/ext/gd/libgd/gd_io_ss.c -MMD -MF libgd/gd_io_ss.dep -MT libgd/gd_io_ss.lo  -fPIC -DPIC -o libgd/.libs/gd_io_ss.o
#9 113.3 /bin/bash /usr/src/php/ext/gd/libtool --mode=compile cc -I. -I/usr/src/php/ext/gd -I/usr/src/php/ext/gd/include -I/usr/src/php/ext/gd/main -I/usr/src/php/ext/gd -I/usr/local/include/php -I/usr/local/include/php/main -I/usr/local/include/php/TSRM -I/usr/local/include/php/Zend -I/usr/local/include/php/ext -I/usr/local/include/php/ext/date/lib -I/usr/include/libpng16 -I/usr/include/freetype2  -fstack-protector-strong -fpic -fpie -O2 -D_LARGEFILE_SOURCE -D_FILE_OFFSET_BITS=64 -DHAVE_CONFIG_H  -fstack-protector-strong -fpic -fpie -O2 -D_LARGEFILE_SOURCE -D_FILE_OFFSET_BITS=64   -I/usr/src/php/ext/gd/libgd -DZEND_COMPILE_DL_EXT=1 -c /usr/src/php/ext/gd/libgd/gd_webp.c -o libgd/gd_webp.lo  -MMD -MF libgd/gd_webp.dep -MT libgd/gd_webp.lo
#9 113.3 /bin/bash /usr/src/php/ext/gd/libtool --mode=compile cc -I. -I/usr/src/php/ext/gd -I/usr/src/php/ext/gd/include -I/usr/src/php/ext/gd/main -I/usr/src/php/ext/gd -I/usr/local/include/php -I/usr/local/include/php/main -I/usr/local/include/php/TSRM -I/usr/local/include/php/Zend -I/usr/local/include/php/ext -I/usr/local/include/php/ext/date/lib -I/usr/include/libpng16 -I/usr/include/freetype2  -fstack-protector-strong -fpic -fpie -O2 -D_LARGEFILE_SOURCE -D_FILE_OFFSET_BITS=64 -DHAVE_CONFIG_H  -fstack-protector-strong -fpic -fpie -O2 -D_LARGEFILE_SOURCE -D_FILE_OFFSET_BITS=64   -I/usr/src/php/ext/gd/libgd -DZEND_COMPILE_DL_EXT=1 -c /usr/src/php/ext/gd/libgd/gd_avif.c -o libgd/gd_avif.lo  -MMD -MF libgd/gd_avif.dep -MT libgd/gd_avif.lo
#9 113.8 /bin/bash /usr/src/php/ext/gd/libtool --mode=compile cc -I. -I/usr/src/php/ext/gd -I/usr/src/php/ext/gd/include -I/usr/src/php/ext/gd/main -I/usr/src/php/ext/gd -I/usr/local/include/php -I/usr/local/include/php/main -I/usr/local/include/php/TSRM -I/usr/local/include/php/Zend -I/usr/local/include/php/ext -I/usr/local/include/php/ext/date/lib -I/usr/include/libpng16 -I/usr/include/freetype2  -fstack-protector-strong -fpic -fpie -O2 -D_LARGEFILE_SOURCE -D_FILE_OFFSET_BITS=64 -DHAVE_CONFIG_H  -fstack-protector-strong -fpic -fpie -O2 -D_LARGEFILE_SOURCE -D_FILE_OFFSET_BITS=64   -I/usr/src/php/ext/gd/libgd -DZEND_COMPILE_DL_EXT=1 -c /usr/src/php/ext/gd/libgd/gd_png.c -o libgd/gd_png.lo  -MMD -MF libgd/gd_png.dep -MT libgd/gd_png.lo
#9 113.9 /bin/bash /usr/src/php/ext/gd/libtool --mode=compile cc -I. -I/usr/src/php/ext/gd -I/usr/src/php/ext/gd/include -I/usr/src/php/ext/gd/main -I/usr/src/php/ext/gd -I/usr/local/include/php -I/usr/local/include/php/main -I/usr/local/include/php/TSRM -I/usr/local/include/php/Zend -I/usr/local/include/php/ext -I/usr/local/include/php/ext/date/lib -I/usr/include/libpng16 -I/usr/include/freetype2  -fstack-protector-strong -fpic -fpie -O2 -D_LARGEFILE_SOURCE -D_FILE_OFFSET_BITS=64 -DHAVE_CONFIG_H  -fstack-protector-strong -fpic -fpie -O2 -D_LARGEFILE_SOURCE -D_FILE_OFFSET_BITS=64   -I/usr/src/php/ext/gd/libgd -DZEND_COMPILE_DL_EXT=1 -c /usr/src/php/ext/gd/libgd/gd_jpeg.c -o libgd/gd_jpeg.lo  -MMD -MF libgd/gd_jpeg.dep -MT libgd/gd_jpeg.lo
#9 114.2  cc -I. -I/usr/src/php/ext/gd -I/usr/src/php/ext/gd/include -I/usr/src/php/ext/gd/main -I/usr/src/php/ext/gd -I/usr/local/include/php -I/usr/local/include/php/main -I/usr/local/include/php/TSRM -I/usr/local/include/php/Zend -I/usr/local/include/php/ext -I/usr/local/include/php/ext/date/lib -I/usr/include/libpng16 -I/usr/include/freetype2 -fstack-protector-strong -fpic -fpie -O2 -D_LARGEFILE_SOURCE -D_FILE_OFFSET_BITS=64 -DHAVE_CONFIG_H -fstack-protector-strong -fpic -fpie -O2 -D_LARGEFILE_SOURCE -D_FILE_OFFSET_BITS=64 -I/usr/src/php/ext/gd/libgd -DZEND_COMPILE_DL_EXT=1 -c /usr/src/php/ext/gd/libgd/gd_webp.c -MMD -MF libgd/gd_webp.dep -MT libgd/gd_webp.lo  -fPIC -DPIC -o libgd/.libs/gd_webp.o
#9 114.4  cc -I. -I/usr/src/php/ext/gd -I/usr/src/php/ext/gd/include -I/usr/src/php/ext/gd/main -I/usr/src/php/ext/gd -I/usr/local/include/php -I/usr/local/include/php/main -I/usr/local/include/php/TSRM -I/usr/local/include/php/Zend -I/usr/local/include/php/ext -I/usr/local/include/php/ext/date/lib -I/usr/include/libpng16 -I/usr/include/freetype2 -fstack-protector-strong -fpic -fpie -O2 -D_LARGEFILE_SOURCE -D_FILE_OFFSET_BITS=64 -DHAVE_CONFIG_H -fstack-protector-strong -fpic -fpie -O2 -D_LARGEFILE_SOURCE -D_FILE_OFFSET_BITS=64 -I/usr/src/php/ext/gd/libgd -DZEND_COMPILE_DL_EXT=1 -c /usr/src/php/ext/gd/libgd/gd_avif.c -MMD -MF libgd/gd_avif.dep -MT libgd/gd_avif.lo  -fPIC -DPIC -o libgd/.libs/gd_avif.o
#9 114.9 /bin/bash /usr/src/php/ext/gd/libtool --mode=compile cc -I. -I/usr/src/php/ext/gd -I/usr/src/php/ext/gd/include -I/usr/src/php/ext/gd/main -I/usr/src/php/ext/gd -I/usr/local/include/php -I/usr/local/include/php/main -I/usr/local/include/php/TSRM -I/usr/local/include/php/Zend -I/usr/local/include/php/ext -I/usr/local/include/php/ext/date/lib -I/usr/include/libpng16 -I/usr/include/freetype2  -fstack-protector-strong -fpic -fpie -O2 -D_LARGEFILE_SOURCE -D_FILE_OFFSET_BITS=64 -DHAVE_CONFIG_H  -fstack-protector-strong -fpic -fpie -O2 -D_LARGEFILE_SOURCE -D_FILE_OFFSET_BITS=64   -I/usr/src/php/ext/gd/libgd -DZEND_COMPILE_DL_EXT=1 -c /usr/src/php/ext/gd/libgd/gdxpm.c -o libgd/gdxpm.lo  -MMD -MF libgd/gdxpm.dep -MT libgd/gdxpm.lo
#9 114.9 /bin/bash /usr/src/php/ext/gd/libtool --mode=compile cc -I. -I/usr/src/php/ext/gd -I/usr/src/php/ext/gd/include -I/usr/src/php/ext/gd/main -I/usr/src/php/ext/gd -I/usr/local/include/php -I/usr/local/include/php/main -I/usr/local/include/php/TSRM -I/usr/local/include/php/Zend -I/usr/local/include/php/ext -I/usr/local/include/php/ext/date/lib -I/usr/include/libpng16 -I/usr/include/freetype2  -fstack-protector-strong -fpic -fpie -O2 -D_LARGEFILE_SOURCE -D_FILE_OFFSET_BITS=64 -DHAVE_CONFIG_H  -fstack-protector-strong -fpic -fpie -O2 -D_LARGEFILE_SOURCE -D_FILE_OFFSET_BITS=64   -I/usr/src/php/ext/gd/libgd -DZEND_COMPILE_DL_EXT=1 -c /usr/src/php/ext/gd/libgd/gdfontt.c -o libgd/gdfontt.lo  -MMD -MF libgd/gdfontt.dep -MT libgd/gdfontt.lo
#9 115.0  cc -I. -I/usr/src/php/ext/gd -I/usr/src/php/ext/gd/include -I/usr/src/php/ext/gd/main -I/usr/src/php/ext/gd -I/usr/local/include/php -I/usr/local/include/php/main -I/usr/local/include/php/TSRM -I/usr/local/include/php/Zend -I/usr/local/include/php/ext -I/usr/local/include/php/ext/date/lib -I/usr/include/libpng16 -I/usr/include/freetype2 -fstack-protector-strong -fpic -fpie -O2 -D_LARGEFILE_SOURCE -D_FILE_OFFSET_BITS=64 -DHAVE_CONFIG_H -fstack-protector-strong -fpic -fpie -O2 -D_LARGEFILE_SOURCE -D_FILE_OFFSET_BITS=64 -I/usr/src/php/ext/gd/libgd -DZEND_COMPILE_DL_EXT=1 -c /usr/src/php/ext/gd/libgd/gd_jpeg.c -MMD -MF libgd/gd_jpeg.dep -MT libgd/gd_jpeg.lo  -fPIC -DPIC -o libgd/.libs/gd_jpeg.o
#9 115.1  cc -I. -I/usr/src/php/ext/gd -I/usr/src/php/ext/gd/include -I/usr/src/php/ext/gd/main -I/usr/src/php/ext/gd -I/usr/local/include/php -I/usr/local/include/php/main -I/usr/local/include/php/TSRM -I/usr/local/include/php/Zend -I/usr/local/include/php/ext -I/usr/local/include/php/ext/date/lib -I/usr/include/libpng16 -I/usr/include/freetype2 -fstack-protector-strong -fpic -fpie -O2 -D_LARGEFILE_SOURCE -D_FILE_OFFSET_BITS=64 -DHAVE_CONFIG_H -fstack-protector-strong -fpic -fpie -O2 -D_LARGEFILE_SOURCE -D_FILE_OFFSET_BITS=64 -I/usr/src/php/ext/gd/libgd -DZEND_COMPILE_DL_EXT=1 -c /usr/src/php/ext/gd/libgd/gd_png.c -MMD -MF libgd/gd_png.dep -MT libgd/gd_png.lo  -fPIC -DPIC -o libgd/.libs/gd_png.o
#9 115.8  cc -I. -I/usr/src/php/ext/gd -I/usr/src/php/ext/gd/include -I/usr/src/php/ext/gd/main -I/usr/src/php/ext/gd -I/usr/local/include/php -I/usr/local/include/php/main -I/usr/local/include/php/TSRM -I/usr/local/include/php/Zend -I/usr/local/include/php/ext -I/usr/local/include/php/ext/date/lib -I/usr/include/libpng16 -I/usr/include/freetype2 -fstack-protector-strong -fpic -fpie -O2 -D_LARGEFILE_SOURCE -D_FILE_OFFSET_BITS=64 -DHAVE_CONFIG_H -fstack-protector-strong -fpic -fpie -O2 -D_LARGEFILE_SOURCE -D_FILE_OFFSET_BITS=64 -I/usr/src/php/ext/gd/libgd -DZEND_COMPILE_DL_EXT=1 -c /usr/src/php/ext/gd/libgd/gdfontt.c -MMD -MF libgd/gdfontt.dep -MT libgd/gdfontt.lo  -fPIC -DPIC -o libgd/.libs/gdfontt.o
#9 115.9  cc -I. -I/usr/src/php/ext/gd -I/usr/src/php/ext/gd/include -I/usr/src/php/ext/gd/main -I/usr/src/php/ext/gd -I/usr/local/include/php -I/usr/local/include/php/main -I/usr/local/include/php/TSRM -I/usr/local/include/php/Zend -I/usr/local/include/php/ext -I/usr/local/include/php/ext/date/lib -I/usr/include/libpng16 -I/usr/include/freetype2 -fstack-protector-strong -fpic -fpie -O2 -D_LARGEFILE_SOURCE -D_FILE_OFFSET_BITS=64 -DHAVE_CONFIG_H -fstack-protector-strong -fpic -fpie -O2 -D_LARGEFILE_SOURCE -D_FILE_OFFSET_BITS=64 -I/usr/src/php/ext/gd/libgd -DZEND_COMPILE_DL_EXT=1 -c /usr/src/php/ext/gd/libgd/gdxpm.c -MMD -MF libgd/gdxpm.dep -MT libgd/gdxpm.lo  -fPIC -DPIC -o libgd/.libs/gdxpm.o
#9 116.0 /bin/bash /usr/src/php/ext/gd/libtool --mode=compile cc -I. -I/usr/src/php/ext/gd -I/usr/src/php/ext/gd/include -I/usr/src/php/ext/gd/main -I/usr/src/php/ext/gd -I/usr/local/include/php -I/usr/local/include/php/main -I/usr/local/include/php/TSRM -I/usr/local/include/php/Zend -I/usr/local/include/php/ext -I/usr/local/include/php/ext/date/lib -I/usr/include/libpng16 -I/usr/include/freetype2  -fstack-protector-strong -fpic -fpie -O2 -D_LARGEFILE_SOURCE -D_FILE_OFFSET_BITS=64 -DHAVE_CONFIG_H  -fstack-protector-strong -fpic -fpie -O2 -D_LARGEFILE_SOURCE -D_FILE_OFFSET_BITS=64   -I/usr/src/php/ext/gd/libgd -DZEND_COMPILE_DL_EXT=1 -c /usr/src/php/ext/gd/libgd/gdfonts.c -o libgd/gdfonts.lo  -MMD -MF libgd/gdfonts.dep -MT libgd/gdfonts.lo
#9 116.2 /bin/bash /usr/src/php/ext/gd/libtool --mode=compile cc -I. -I/usr/src/php/ext/gd -I/usr/src/php/ext/gd/include -I/usr/src/php/ext/gd/main -I/usr/src/php/ext/gd -I/usr/local/include/php -I/usr/local/include/php/main -I/usr/local/include/php/TSRM -I/usr/local/include/php/Zend -I/usr/local/include/php/ext -I/usr/local/include/php/ext/date/lib -I/usr/include/libpng16 -I/usr/include/freetype2  -fstack-protector-strong -fpic -fpie -O2 -D_LARGEFILE_SOURCE -D_FILE_OFFSET_BITS=64 -DHAVE_CONFIG_H  -fstack-protector-strong -fpic -fpie -O2 -D_LARGEFILE_SOURCE -D_FILE_OFFSET_BITS=64   -I/usr/src/php/ext/gd/libgd -DZEND_COMPILE_DL_EXT=1 -c /usr/src/php/ext/gd/libgd/gdfontmb.c -o libgd/gdfontmb.lo  -MMD -MF libgd/gdfontmb.dep -MT libgd/gdfontmb.lo
#9 116.7 /bin/bash /usr/src/php/ext/gd/libtool --mode=compile cc -I. -I/usr/src/php/ext/gd -I/usr/src/php/ext/gd/include -I/usr/src/php/ext/gd/main -I/usr/src/php/ext/gd -I/usr/local/include/php -I/usr/local/include/php/main -I/usr/local/include/php/TSRM -I/usr/local/include/php/Zend -I/usr/local/include/php/ext -I/usr/local/include/php/ext/date/lib -I/usr/include/libpng16 -I/usr/include/freetype2  -fstack-protector-strong -fpic -fpie -O2 -D_LARGEFILE_SOURCE -D_FILE_OFFSET_BITS=64 -DHAVE_CONFIG_H  -fstack-protector-strong -fpic -fpie -O2 -D_LARGEFILE_SOURCE -D_FILE_OFFSET_BITS=64   -I/usr/src/php/ext/gd/libgd -DZEND_COMPILE_DL_EXT=1 -c /usr/src/php/ext/gd/libgd/gdfontl.c -o libgd/gdfontl.lo  -MMD -MF libgd/gdfontl.dep -MT libgd/gdfontl.lo
#9 117.0  cc -I. -I/usr/src/php/ext/gd -I/usr/src/php/ext/gd/include -I/usr/src/php/ext/gd/main -I/usr/src/php/ext/gd -I/usr/local/include/php -I/usr/local/include/php/main -I/usr/local/include/php/TSRM -I/usr/local/include/php/Zend -I/usr/local/include/php/ext -I/usr/local/include/php/ext/date/lib -I/usr/include/libpng16 -I/usr/include/freetype2 -fstack-protector-strong -fpic -fpie -O2 -D_LARGEFILE_SOURCE -D_FILE_OFFSET_BITS=64 -DHAVE_CONFIG_H -fstack-protector-strong -fpic -fpie -O2 -D_LARGEFILE_SOURCE -D_FILE_OFFSET_BITS=64 -I/usr/src/php/ext/gd/libgd -DZEND_COMPILE_DL_EXT=1 -c /usr/src/php/ext/gd/libgd/gdfonts.c -MMD -MF libgd/gdfonts.dep -MT libgd/gdfonts.lo  -fPIC -DPIC -o libgd/.libs/gdfonts.o
#9 117.1 /bin/bash /usr/src/php/ext/gd/libtool --mode=compile cc -I. -I/usr/src/php/ext/gd -I/usr/src/php/ext/gd/include -I/usr/src/php/ext/gd/main -I/usr/src/php/ext/gd -I/usr/local/include/php -I/usr/local/include/php/main -I/usr/local/include/php/TSRM -I/usr/local/include/php/Zend -I/usr/local/include/php/ext -I/usr/local/include/php/ext/date/lib -I/usr/include/libpng16 -I/usr/include/freetype2  -fstack-protector-strong -fpic -fpie -O2 -D_LARGEFILE_SOURCE -D_FILE_OFFSET_BITS=64 -DHAVE_CONFIG_H  -fstack-protector-strong -fpic -fpie -O2 -D_LARGEFILE_SOURCE -D_FILE_OFFSET_BITS=64   -I/usr/src/php/ext/gd/libgd -DZEND_COMPILE_DL_EXT=1 -c /usr/src/php/ext/gd/libgd/gdfontg.c -o libgd/gdfontg.lo  -MMD -MF libgd/gdfontg.dep -MT libgd/gdfontg.lo
#9 117.4  cc -I. -I/usr/src/php/ext/gd -I/usr/src/php/ext/gd/include -I/usr/src/php/ext/gd/main -I/usr/src/php/ext/gd -I/usr/local/include/php -I/usr/local/include/php/main -I/usr/local/include/php/TSRM -I/usr/local/include/php/Zend -I/usr/local/include/php/ext -I/usr/local/include/php/ext/date/lib -I/usr/include/libpng16 -I/usr/include/freetype2 -fstack-protector-strong -fpic -fpie -O2 -D_LARGEFILE_SOURCE -D_FILE_OFFSET_BITS=64 -DHAVE_CONFIG_H -fstack-protector-strong -fpic -fpie -O2 -D_LARGEFILE_SOURCE -D_FILE_OFFSET_BITS=64 -I/usr/src/php/ext/gd/libgd -DZEND_COMPILE_DL_EXT=1 -c /usr/src/php/ext/gd/libgd/gdfontmb.c -MMD -MF libgd/gdfontmb.dep -MT libgd/gdfontmb.lo  -fPIC -DPIC -o libgd/.libs/gdfontmb.o
#9 117.5 /bin/bash /usr/src/php/ext/gd/libtool --mode=compile cc -I. -I/usr/src/php/ext/gd -I/usr/src/php/ext/gd/include -I/usr/src/php/ext/gd/main -I/usr/src/php/ext/gd -I/usr/local/include/php -I/usr/local/include/php/main -I/usr/local/include/php/TSRM -I/usr/local/include/php/Zend -I/usr/local/include/php/ext -I/usr/local/include/php/ext/date/lib -I/usr/include/libpng16 -I/usr/include/freetype2  -fstack-protector-strong -fpic -fpie -O2 -D_LARGEFILE_SOURCE -D_FILE_OFFSET_BITS=64 -DHAVE_CONFIG_H  -fstack-protector-strong -fpic -fpie -O2 -D_LARGEFILE_SOURCE -D_FILE_OFFSET_BITS=64   -I/usr/src/php/ext/gd/libgd -DZEND_COMPILE_DL_EXT=1 -c /usr/src/php/ext/gd/libgd/gdtables.c -o libgd/gdtables.lo  -MMD -MF libgd/gdtables.dep -MT libgd/gdtables.lo
#9 117.7 /bin/bash /usr/src/php/ext/gd/libtool --mode=compile cc -I. -I/usr/src/php/ext/gd -I/usr/src/php/ext/gd/include -I/usr/src/php/ext/gd/main -I/usr/src/php/ext/gd -I/usr/local/include/php -I/usr/local/include/php/main -I/usr/local/include/php/TSRM -I/usr/local/include/php/Zend -I/usr/local/include/php/ext -I/usr/local/include/php/ext/date/lib -I/usr/include/libpng16 -I/usr/include/freetype2  -fstack-protector-strong -fpic -fpie -O2 -D_LARGEFILE_SOURCE -D_FILE_OFFSET_BITS=64 -DHAVE_CONFIG_H  -fstack-protector-strong -fpic -fpie -O2 -D_LARGEFILE_SOURCE -D_FILE_OFFSET_BITS=64   -I/usr/src/php/ext/gd/libgd -DZEND_COMPILE_DL_EXT=1 -c /usr/src/php/ext/gd/libgd/gdft.c -o libgd/gdft.lo  -MMD -MF libgd/gdft.dep -MT libgd/gdft.lo
#9 117.8  cc -I. -I/usr/src/php/ext/gd -I/usr/src/php/ext/gd/include -I/usr/src/php/ext/gd/main -I/usr/src/php/ext/gd -I/usr/local/include/php -I/usr/local/include/php/main -I/usr/local/include/php/TSRM -I/usr/local/include/php/Zend -I/usr/local/include/php/ext -I/usr/local/include/php/ext/date/lib -I/usr/include/libpng16 -I/usr/include/freetype2 -fstack-protector-strong -fpic -fpie -O2 -D_LARGEFILE_SOURCE -D_FILE_OFFSET_BITS=64 -DHAVE_CONFIG_H -fstack-protector-strong -fpic -fpie -O2 -D_LARGEFILE_SOURCE -D_FILE_OFFSET_BITS=64 -I/usr/src/php/ext/gd/libgd -DZEND_COMPILE_DL_EXT=1 -c /usr/src/php/ext/gd/libgd/gdfontl.c -MMD -MF libgd/gdfontl.dep -MT libgd/gdfontl.lo  -fPIC -DPIC -o libgd/.libs/gdfontl.o
#9 118.0  cc -I. -I/usr/src/php/ext/gd -I/usr/src/php/ext/gd/include -I/usr/src/php/ext/gd/main -I/usr/src/php/ext/gd -I/usr/local/include/php -I/usr/local/include/php/main -I/usr/local/include/php/TSRM -I/usr/local/include/php/Zend -I/usr/local/include/php/ext -I/usr/local/include/php/ext/date/lib -I/usr/include/libpng16 -I/usr/include/freetype2 -fstack-protector-strong -fpic -fpie -O2 -D_LARGEFILE_SOURCE -D_FILE_OFFSET_BITS=64 -DHAVE_CONFIG_H -fstack-protector-strong -fpic -fpie -O2 -D_LARGEFILE_SOURCE -D_FILE_OFFSET_BITS=64 -I/usr/src/php/ext/gd/libgd -DZEND_COMPILE_DL_EXT=1 -c /usr/src/php/ext/gd/libgd/gdfontg.c -MMD -MF libgd/gdfontg.dep -MT libgd/gdfontg.lo  -fPIC -DPIC -o libgd/.libs/gdfontg.o
#9 118.3 /bin/bash /usr/src/php/ext/gd/libtool --mode=compile cc -I. -I/usr/src/php/ext/gd -I/usr/src/php/ext/gd/include -I/usr/src/php/ext/gd/main -I/usr/src/php/ext/gd -I/usr/local/include/php -I/usr/local/include/php/main -I/usr/local/include/php/TSRM -I/usr/local/include/php/Zend -I/usr/local/include/php/ext -I/usr/local/include/php/ext/date/lib -I/usr/include/libpng16 -I/usr/include/freetype2  -fstack-protector-strong -fpic -fpie -O2 -D_LARGEFILE_SOURCE -D_FILE_OFFSET_BITS=64 -DHAVE_CONFIG_H  -fstack-protector-strong -fpic -fpie -O2 -D_LARGEFILE_SOURCE -D_FILE_OFFSET_BITS=64   -I/usr/src/php/ext/gd/libgd -DZEND_COMPILE_DL_EXT=1 -c /usr/src/php/ext/gd/libgd/gdcache.c -o libgd/gdcache.lo  -MMD -MF libgd/gdcache.dep -MT libgd/gdcache.lo
#9 118.4  cc -I. -I/usr/src/php/ext/gd -I/usr/src/php/ext/gd/include -I/usr/src/php/ext/gd/main -I/usr/src/php/ext/gd -I/usr/local/include/php -I/usr/local/include/php/main -I/usr/local/include/php/TSRM -I/usr/local/include/php/Zend -I/usr/local/include/php/ext -I/usr/local/include/php/ext/date/lib -I/usr/include/libpng16 -I/usr/include/freetype2 -fstack-protector-strong -fpic -fpie -O2 -D_LARGEFILE_SOURCE -D_FILE_OFFSET_BITS=64 -DHAVE_CONFIG_H -fstack-protector-strong -fpic -fpie -O2 -D_LARGEFILE_SOURCE -D_FILE_OFFSET_BITS=64 -I/usr/src/php/ext/gd/libgd -DZEND_COMPILE_DL_EXT=1 -c /usr/src/php/ext/gd/libgd/gdtables.c -MMD -MF libgd/gdtables.dep -MT libgd/gdtables.lo  -fPIC -DPIC -o libgd/.libs/gdtables.o
#9 118.5  cc -I. -I/usr/src/php/ext/gd -I/usr/src/php/ext/gd/include -I/usr/src/php/ext/gd/main -I/usr/src/php/ext/gd -I/usr/local/include/php -I/usr/local/include/php/main -I/usr/local/include/php/TSRM -I/usr/local/include/php/Zend -I/usr/local/include/php/ext -I/usr/local/include/php/ext/date/lib -I/usr/include/libpng16 -I/usr/include/freetype2 -fstack-protector-strong -fpic -fpie -O2 -D_LARGEFILE_SOURCE -D_FILE_OFFSET_BITS=64 -DHAVE_CONFIG_H -fstack-protector-strong -fpic -fpie -O2 -D_LARGEFILE_SOURCE -D_FILE_OFFSET_BITS=64 -I/usr/src/php/ext/gd/libgd -DZEND_COMPILE_DL_EXT=1 -c /usr/src/php/ext/gd/libgd/gdft.c -MMD -MF libgd/gdft.dep -MT libgd/gdft.lo  -fPIC -DPIC -o libgd/.libs/gdft.o
#9 118.6 /bin/bash /usr/src/php/ext/gd/libtool --mode=compile cc -I. -I/usr/src/php/ext/gd -I/usr/src/php/ext/gd/include -I/usr/src/php/ext/gd/main -I/usr/src/php/ext/gd -I/usr/local/include/php -I/usr/local/include/php/main -I/usr/local/include/php/TSRM -I/usr/local/include/php/Zend -I/usr/local/include/php/ext -I/usr/local/include/php/ext/date/lib -I/usr/include/libpng16 -I/usr/include/freetype2  -fstack-protector-strong -fpic -fpie -O2 -D_LARGEFILE_SOURCE -D_FILE_OFFSET_BITS=64 -DHAVE_CONFIG_H  -fstack-protector-strong -fpic -fpie -O2 -D_LARGEFILE_SOURCE -D_FILE_OFFSET_BITS=64   -I/usr/src/php/ext/gd/libgd -DZEND_COMPILE_DL_EXT=1 -c /usr/src/php/ext/gd/libgd/gdkanji.c -o libgd/gdkanji.lo  -MMD -MF libgd/gdkanji.dep -MT libgd/gdkanji.lo
#9 118.6 /bin/bash /usr/src/php/ext/gd/libtool --mode=compile cc -I. -I/usr/src/php/ext/gd -I/usr/src/php/ext/gd/include -I/usr/src/php/ext/gd/main -I/usr/src/php/ext/gd -I/usr/local/include/php -I/usr/local/include/php/main -I/usr/local/include/php/TSRM -I/usr/local/include/php/Zend -I/usr/local/include/php/ext -I/usr/local/include/php/ext/date/lib -I/usr/include/libpng16 -I/usr/include/freetype2  -fstack-protector-strong -fpic -fpie -O2 -D_LARGEFILE_SOURCE -D_FILE_OFFSET_BITS=64 -DHAVE_CONFIG_H  -fstack-protector-strong -fpic -fpie -O2 -D_LARGEFILE_SOURCE -D_FILE_OFFSET_BITS=64   -I/usr/src/php/ext/gd/libgd -DZEND_COMPILE_DL_EXT=1 -c /usr/src/php/ext/gd/libgd/wbmp.c -o libgd/wbmp.lo  -MMD -MF libgd/wbmp.dep -MT libgd/wbmp.lo
#9 119.5  cc -I. -I/usr/src/php/ext/gd -I/usr/src/php/ext/gd/include -I/usr/src/php/ext/gd/main -I/usr/src/php/ext/gd -I/usr/local/include/php -I/usr/local/include/php/main -I/usr/local/include/php/TSRM -I/usr/local/include/php/Zend -I/usr/local/include/php/ext -I/usr/local/include/php/ext/date/lib -I/usr/include/libpng16 -I/usr/include/freetype2 -fstack-protector-strong -fpic -fpie -O2 -D_LARGEFILE_SOURCE -D_FILE_OFFSET_BITS=64 -DHAVE_CONFIG_H -fstack-protector-strong -fpic -fpie -O2 -D_LARGEFILE_SOURCE -D_FILE_OFFSET_BITS=64 -I/usr/src/php/ext/gd/libgd -DZEND_COMPILE_DL_EXT=1 -c /usr/src/php/ext/gd/libgd/gdcache.c -MMD -MF libgd/gdcache.dep -MT libgd/gdcache.lo  -fPIC -DPIC -o libgd/.libs/gdcache.o
#9 119.7  cc -I. -I/usr/src/php/ext/gd -I/usr/src/php/ext/gd/include -I/usr/src/php/ext/gd/main -I/usr/src/php/ext/gd -I/usr/local/include/php -I/usr/local/include/php/main -I/usr/local/include/php/TSRM -I/usr/local/include/php/Zend -I/usr/local/include/php/ext -I/usr/local/include/php/ext/date/lib -I/usr/include/libpng16 -I/usr/include/freetype2 -fstack-protector-strong -fpic -fpie -O2 -D_LARGEFILE_SOURCE -D_FILE_OFFSET_BITS=64 -DHAVE_CONFIG_H -fstack-protector-strong -fpic -fpie -O2 -D_LARGEFILE_SOURCE -D_FILE_OFFSET_BITS=64 -I/usr/src/php/ext/gd/libgd -DZEND_COMPILE_DL_EXT=1 -c /usr/src/php/ext/gd/libgd/wbmp.c -MMD -MF libgd/wbmp.dep -MT libgd/wbmp.lo  -fPIC -DPIC -o libgd/.libs/wbmp.o
#9 119.8  cc -I. -I/usr/src/php/ext/gd -I/usr/src/php/ext/gd/include -I/usr/src/php/ext/gd/main -I/usr/src/php/ext/gd -I/usr/local/include/php -I/usr/local/include/php/main -I/usr/local/include/php/TSRM -I/usr/local/include/php/Zend -I/usr/local/include/php/ext -I/usr/local/include/php/ext/date/lib -I/usr/include/libpng16 -I/usr/include/freetype2 -fstack-protector-strong -fpic -fpie -O2 -D_LARGEFILE_SOURCE -D_FILE_OFFSET_BITS=64 -DHAVE_CONFIG_H -fstack-protector-strong -fpic -fpie -O2 -D_LARGEFILE_SOURCE -D_FILE_OFFSET_BITS=64 -I/usr/src/php/ext/gd/libgd -DZEND_COMPILE_DL_EXT=1 -c /usr/src/php/ext/gd/libgd/gdkanji.c -MMD -MF libgd/gdkanji.dep -MT libgd/gdkanji.lo  -fPIC -DPIC -o libgd/.libs/gdkanji.o
#9 120.1 /bin/bash /usr/src/php/ext/gd/libtool --mode=compile cc -I. -I/usr/src/php/ext/gd -I/usr/src/php/ext/gd/include -I/usr/src/php/ext/gd/main -I/usr/src/php/ext/gd -I/usr/local/include/php -I/usr/local/include/php/main -I/usr/local/include/php/TSRM -I/usr/local/include/php/Zend -I/usr/local/include/php/ext -I/usr/local/include/php/ext/date/lib -I/usr/include/libpng16 -I/usr/include/freetype2  -fstack-protector-strong -fpic -fpie -O2 -D_LARGEFILE_SOURCE -D_FILE_OFFSET_BITS=64 -DHAVE_CONFIG_H  -fstack-protector-strong -fpic -fpie -O2 -D_LARGEFILE_SOURCE -D_FILE_OFFSET_BITS=64   -I/usr/src/php/ext/gd/libgd -DZEND_COMPILE_DL_EXT=1 -c /usr/src/php/ext/gd/libgd/gd_wbmp.c -o libgd/gd_wbmp.lo  -MMD -MF libgd/gd_wbmp.dep -MT libgd/gd_wbmp.lo
#9 120.2 /bin/bash /usr/src/php/ext/gd/libtool --mode=compile cc -I. -I/usr/src/php/ext/gd -I/usr/src/php/ext/gd/include -I/usr/src/php/ext/gd/main -I/usr/src/php/ext/gd -I/usr/local/include/php -I/usr/local/include/php/main -I/usr/local/include/php/TSRM -I/usr/local/include/php/Zend -I/usr/local/include/php/ext -I/usr/local/include/php/ext/date/lib -I/usr/include/libpng16 -I/usr/include/freetype2  -fstack-protector-strong -fpic -fpie -O2 -D_LARGEFILE_SOURCE -D_FILE_OFFSET_BITS=64 -DHAVE_CONFIG_H  -fstack-protector-strong -fpic -fpie -O2 -D_LARGEFILE_SOURCE -D_FILE_OFFSET_BITS=64   -I/usr/src/php/ext/gd/libgd -DZEND_COMPILE_DL_EXT=1 -c /usr/src/php/ext/gd/libgd/gdhelpers.c -o libgd/gdhelpers.lo  -MMD -MF libgd/gdhelpers.dep -MT libgd/gdhelpers.lo
#9 120.5 /bin/bash /usr/src/php/ext/gd/libtool --mode=compile cc -I. -I/usr/src/php/ext/gd -I/usr/src/php/ext/gd/include -I/usr/src/php/ext/gd/main -I/usr/src/php/ext/gd -I/usr/local/include/php -I/usr/local/include/php/main -I/usr/local/include/php/TSRM -I/usr/local/include/php/Zend -I/usr/local/include/php/ext -I/usr/local/include/php/ext/date/lib -I/usr/include/libpng16 -I/usr/include/freetype2  -fstack-protector-strong -fpic -fpie -O2 -D_LARGEFILE_SOURCE -D_FILE_OFFSET_BITS=64 -DHAVE_CONFIG_H  -fstack-protector-strong -fpic -fpie -O2 -D_LARGEFILE_SOURCE -D_FILE_OFFSET_BITS=64   -I/usr/src/php/ext/gd/libgd -DZEND_COMPILE_DL_EXT=1 -c /usr/src/php/ext/gd/libgd/gd_topal.c -o libgd/gd_topal.lo  -MMD -MF libgd/gd_topal.dep -MT libgd/gd_topal.lo
#9 120.7 /bin/bash /usr/src/php/ext/gd/libtool --mode=compile cc -I. -I/usr/src/php/ext/gd -I/usr/src/php/ext/gd/include -I/usr/src/php/ext/gd/main -I/usr/src/php/ext/gd -I/usr/local/include/php -I/usr/local/include/php/main -I/usr/local/include/php/TSRM -I/usr/local/include/php/Zend -I/usr/local/include/php/ext -I/usr/local/include/php/ext/date/lib -I/usr/include/libpng16 -I/usr/include/freetype2  -fstack-protector-strong -fpic -fpie -O2 -D_LARGEFILE_SOURCE -D_FILE_OFFSET_BITS=64 -DHAVE_CONFIG_H  -fstack-protector-strong -fpic -fpie -O2 -D_LARGEFILE_SOURCE -D_FILE_OFFSET_BITS=64   -I/usr/src/php/ext/gd/libgd -DZEND_COMPILE_DL_EXT=1 -c /usr/src/php/ext/gd/libgd/gd_gif_in.c -o libgd/gd_gif_in.lo  -MMD -MF libgd/gd_gif_in.dep -MT libgd/gd_gif_in.lo
#9 120.9  cc -I. -I/usr/src/php/ext/gd -I/usr/src/php/ext/gd/include -I/usr/src/php/ext/gd/main -I/usr/src/php/ext/gd -I/usr/local/include/php -I/usr/local/include/php/main -I/usr/local/include/php/TSRM -I/usr/local/include/php/Zend -I/usr/local/include/php/ext -I/usr/local/include/php/ext/date/lib -I/usr/include/libpng16 -I/usr/include/freetype2 -fstack-protector-strong -fpic -fpie -O2 -D_LARGEFILE_SOURCE -D_FILE_OFFSET_BITS=64 -DHAVE_CONFIG_H -fstack-protector-strong -fpic -fpie -O2 -D_LARGEFILE_SOURCE -D_FILE_OFFSET_BITS=64 -I/usr/src/php/ext/gd/libgd -DZEND_COMPILE_DL_EXT=1 -c /usr/src/php/ext/gd/libgd/gd_wbmp.c -MMD -MF libgd/gd_wbmp.dep -MT libgd/gd_wbmp.lo  -fPIC -DPIC -o libgd/.libs/gd_wbmp.o
#9 121.1  cc -I. -I/usr/src/php/ext/gd -I/usr/src/php/ext/gd/include -I/usr/src/php/ext/gd/main -I/usr/src/php/ext/gd -I/usr/local/include/php -I/usr/local/include/php/main -I/usr/local/include/php/TSRM -I/usr/local/include/php/Zend -I/usr/local/include/php/ext -I/usr/local/include/php/ext/date/lib -I/usr/include/libpng16 -I/usr/include/freetype2 -fstack-protector-strong -fpic -fpie -O2 -D_LARGEFILE_SOURCE -D_FILE_OFFSET_BITS=64 -DHAVE_CONFIG_H -fstack-protector-strong -fpic -fpie -O2 -D_LARGEFILE_SOURCE -D_FILE_OFFSET_BITS=64 -I/usr/src/php/ext/gd/libgd -DZEND_COMPILE_DL_EXT=1 -c /usr/src/php/ext/gd/libgd/gdhelpers.c -MMD -MF libgd/gdhelpers.dep -MT libgd/gdhelpers.lo  -fPIC -DPIC -o libgd/.libs/gdhelpers.o
#9 121.3 /bin/bash /usr/src/php/ext/gd/libtool --mode=compile cc -I. -I/usr/src/php/ext/gd -I/usr/src/php/ext/gd/include -I/usr/src/php/ext/gd/main -I/usr/src/php/ext/gd -I/usr/local/include/php -I/usr/local/include/php/main -I/usr/local/include/php/TSRM -I/usr/local/include/php/Zend -I/usr/local/include/php/ext -I/usr/local/include/php/ext/date/lib -I/usr/include/libpng16 -I/usr/include/freetype2  -fstack-protector-strong -fpic -fpie -O2 -D_LARGEFILE_SOURCE -D_FILE_OFFSET_BITS=64 -DHAVE_CONFIG_H  -fstack-protector-strong -fpic -fpie -O2 -D_LARGEFILE_SOURCE -D_FILE_OFFSET_BITS=64   -I/usr/src/php/ext/gd/libgd -DZEND_COMPILE_DL_EXT=1 -c /usr/src/php/ext/gd/libgd/gd_xbm.c -o libgd/gd_xbm.lo  -MMD -MF libgd/gd_xbm.dep -MT libgd/gd_xbm.lo
#9 121.4  cc -I. -I/usr/src/php/ext/gd -I/usr/src/php/ext/gd/include -I/usr/src/php/ext/gd/main -I/usr/src/php/ext/gd -I/usr/local/include/php -I/usr/local/include/php/main -I/usr/local/include/php/TSRM -I/usr/local/include/php/Zend -I/usr/local/include/php/ext -I/usr/local/include/php/ext/date/lib -I/usr/include/libpng16 -I/usr/include/freetype2 -fstack-protector-strong -fpic -fpie -O2 -D_LARGEFILE_SOURCE -D_FILE_OFFSET_BITS=64 -DHAVE_CONFIG_H -fstack-protector-strong -fpic -fpie -O2 -D_LARGEFILE_SOURCE -D_FILE_OFFSET_BITS=64 -I/usr/src/php/ext/gd/libgd -DZEND_COMPILE_DL_EXT=1 -c /usr/src/php/ext/gd/libgd/gd_topal.c -MMD -MF libgd/gd_topal.dep -MT libgd/gd_topal.lo  -fPIC -DPIC -o libgd/.libs/gd_topal.o
#9 121.6  cc -I. -I/usr/src/php/ext/gd -I/usr/src/php/ext/gd/include -I/usr/src/php/ext/gd/main -I/usr/src/php/ext/gd -I/usr/local/include/php -I/usr/local/include/php/main -I/usr/local/include/php/TSRM -I/usr/local/include/php/Zend -I/usr/local/include/php/ext -I/usr/local/include/php/ext/date/lib -I/usr/include/libpng16 -I/usr/include/freetype2 -fstack-protector-strong -fpic -fpie -O2 -D_LARGEFILE_SOURCE -D_FILE_OFFSET_BITS=64 -DHAVE_CONFIG_H -fstack-protector-strong -fpic -fpie -O2 -D_LARGEFILE_SOURCE -D_FILE_OFFSET_BITS=64 -I/usr/src/php/ext/gd/libgd -DZEND_COMPILE_DL_EXT=1 -c /usr/src/php/ext/gd/libgd/gd_gif_in.c -MMD -MF libgd/gd_gif_in.dep -MT libgd/gd_gif_in.lo  -fPIC -DPIC -o libgd/.libs/gd_gif_in.o
#9 121.8 /bin/bash /usr/src/php/ext/gd/libtool --mode=compile cc -I. -I/usr/src/php/ext/gd -I/usr/src/php/ext/gd/include -I/usr/src/php/ext/gd/main -I/usr/src/php/ext/gd -I/usr/local/include/php -I/usr/local/include/php/main -I/usr/local/include/php/TSRM -I/usr/local/include/php/Zend -I/usr/local/include/php/ext -I/usr/local/include/php/ext/date/lib -I/usr/include/libpng16 -I/usr/include/freetype2  -fstack-protector-strong -fpic -fpie -O2 -D_LARGEFILE_SOURCE -D_FILE_OFFSET_BITS=64 -DHAVE_CONFIG_H  -fstack-protector-strong -fpic -fpie -O2 -D_LARGEFILE_SOURCE -D_FILE_OFFSET_BITS=64   -I/usr/src/php/ext/gd/libgd -DZEND_COMPILE_DL_EXT=1 -c /usr/src/php/ext/gd/libgd/gd_gif_out.c -o libgd/gd_gif_out.lo  -MMD -MF libgd/gd_gif_out.dep -MT libgd/gd_gif_out.lo
#9 122.3  cc -I. -I/usr/src/php/ext/gd -I/usr/src/php/ext/gd/include -I/usr/src/php/ext/gd/main -I/usr/src/php/ext/gd -I/usr/local/include/php -I/usr/local/include/php/main -I/usr/local/include/php/TSRM -I/usr/local/include/php/Zend -I/usr/local/include/php/ext -I/usr/local/include/php/ext/date/lib -I/usr/include/libpng16 -I/usr/include/freetype2 -fstack-protector-strong -fpic -fpie -O2 -D_LARGEFILE_SOURCE -D_FILE_OFFSET_BITS=64 -DHAVE_CONFIG_H -fstack-protector-strong -fpic -fpie -O2 -D_LARGEFILE_SOURCE -D_FILE_OFFSET_BITS=64 -I/usr/src/php/ext/gd/libgd -DZEND_COMPILE_DL_EXT=1 -c /usr/src/php/ext/gd/libgd/gd_xbm.c -MMD -MF libgd/gd_xbm.dep -MT libgd/gd_xbm.lo  -fPIC -DPIC -o libgd/.libs/gd_xbm.o
#9 122.8 /bin/bash /usr/src/php/ext/gd/libtool --mode=compile cc -I. -I/usr/src/php/ext/gd -I/usr/src/php/ext/gd/include -I/usr/src/php/ext/gd/main -I/usr/src/php/ext/gd -I/usr/local/include/php -I/usr/local/include/php/main -I/usr/local/include/php/TSRM -I/usr/local/include/php/Zend -I/usr/local/include/php/ext -I/usr/local/include/php/ext/date/lib -I/usr/include/libpng16 -I/usr/include/freetype2  -fstack-protector-strong -fpic -fpie -O2 -D_LARGEFILE_SOURCE -D_FILE_OFFSET_BITS=64 -DHAVE_CONFIG_H  -fstack-protector-strong -fpic -fpie -O2 -D_LARGEFILE_SOURCE -D_FILE_OFFSET_BITS=64   -I/usr/src/php/ext/gd/libgd -DZEND_COMPILE_DL_EXT=1 -c /usr/src/php/ext/gd/libgd/gd_security.c -o libgd/gd_security.lo  -MMD -MF libgd/gd_security.dep -MT libgd/gd_security.lo
#9 122.9  cc -I. -I/usr/src/php/ext/gd -I/usr/src/php/ext/gd/include -I/usr/src/php/ext/gd/main -I/usr/src/php/ext/gd -I/usr/local/include/php -I/usr/local/include/php/main -I/usr/local/include/php/TSRM -I/usr/local/include/php/Zend -I/usr/local/include/php/ext -I/usr/local/include/php/ext/date/lib -I/usr/include/libpng16 -I/usr/include/freetype2 -fstack-protector-strong -fpic -fpie -O2 -D_LARGEFILE_SOURCE -D_FILE_OFFSET_BITS=64 -DHAVE_CONFIG_H -fstack-protector-strong -fpic -fpie -O2 -D_LARGEFILE_SOURCE -D_FILE_OFFSET_BITS=64 -I/usr/src/php/ext/gd/libgd -DZEND_COMPILE_DL_EXT=1 -c /usr/src/php/ext/gd/libgd/gd_gif_out.c -MMD -MF libgd/gd_gif_out.dep -MT libgd/gd_gif_out.lo  -fPIC -DPIC -o libgd/.libs/gd_gif_out.o
#9 123.1 /bin/bash /usr/src/php/ext/gd/libtool --mode=compile cc -I. -I/usr/src/php/ext/gd -I/usr/src/php/ext/gd/include -I/usr/src/php/ext/gd/main -I/usr/src/php/ext/gd -I/usr/local/include/php -I/usr/local/include/php/main -I/usr/local/include/php/TSRM -I/usr/local/include/php/Zend -I/usr/local/include/php/ext -I/usr/local/include/php/ext/date/lib -I/usr/include/libpng16 -I/usr/include/freetype2  -fstack-protector-strong -fpic -fpie -O2 -D_LARGEFILE_SOURCE -D_FILE_OFFSET_BITS=64 -DHAVE_CONFIG_H  -fstack-protector-strong -fpic -fpie -O2 -D_LARGEFILE_SOURCE -D_FILE_OFFSET_BITS=64   -I/usr/src/php/ext/gd/libgd -DZEND_COMPILE_DL_EXT=1 -c /usr/src/php/ext/gd/libgd/gd_filter.c -o libgd/gd_filter.lo  -MMD -MF libgd/gd_filter.dep -MT libgd/gd_filter.lo
#9 123.2 /bin/bash /usr/src/php/ext/gd/libtool --mode=compile cc -I. -I/usr/src/php/ext/gd -I/usr/src/php/ext/gd/include -I/usr/src/php/ext/gd/main -I/usr/src/php/ext/gd -I/usr/local/include/php -I/usr/local/include/php/main -I/usr/local/include/php/TSRM -I/usr/local/include/php/Zend -I/usr/local/include/php/ext -I/usr/local/include/php/ext/date/lib -I/usr/include/libpng16 -I/usr/include/freetype2  -fstack-protector-strong -fpic -fpie -O2 -D_LARGEFILE_SOURCE -D_FILE_OFFSET_BITS=64 -DHAVE_CONFIG_H  -fstack-protector-strong -fpic -fpie -O2 -D_LARGEFILE_SOURCE -D_FILE_OFFSET_BITS=64   -I/usr/src/php/ext/gd/libgd -DZEND_COMPILE_DL_EXT=1 -c /usr/src/php/ext/gd/libgd/gd_pixelate.c -o libgd/gd_pixelate.lo  -MMD -MF libgd/gd_pixelate.dep -MT libgd/gd_pixelate.lo
#9 123.3 /bin/bash /usr/src/php/ext/gd/libtool --mode=compile cc -I. -I/usr/src/php/ext/gd -I/usr/src/php/ext/gd/include -I/usr/src/php/ext/gd/main -I/usr/src/php/ext/gd -I/usr/local/include/php -I/usr/local/include/php/main -I/usr/local/include/php/TSRM -I/usr/local/include/php/Zend -I/usr/local/include/php/ext -I/usr/local/include/php/ext/date/lib -I/usr/include/libpng16 -I/usr/include/freetype2  -fstack-protector-strong -fpic -fpie -O2 -D_LARGEFILE_SOURCE -D_FILE_OFFSET_BITS=64 -DHAVE_CONFIG_H  -fstack-protector-strong -fpic -fpie -O2 -D_LARGEFILE_SOURCE -D_FILE_OFFSET_BITS=64   -I/usr/src/php/ext/gd/libgd -DZEND_COMPILE_DL_EXT=1 -c /usr/src/php/ext/gd/libgd/gd_rotate.c -o libgd/gd_rotate.lo  -MMD -MF libgd/gd_rotate.dep -MT libgd/gd_rotate.lo
#9 123.8  cc -I. -I/usr/src/php/ext/gd -I/usr/src/php/ext/gd/include -I/usr/src/php/ext/gd/main -I/usr/src/php/ext/gd -I/usr/local/include/php -I/usr/local/include/php/main -I/usr/local/include/php/TSRM -I/usr/local/include/php/Zend -I/usr/local/include/php/ext -I/usr/local/include/php/ext/date/lib -I/usr/include/libpng16 -I/usr/include/freetype2 -fstack-protector-strong -fpic -fpie -O2 -D_LARGEFILE_SOURCE -D_FILE_OFFSET_BITS=64 -DHAVE_CONFIG_H -fstack-protector-strong -fpic -fpie -O2 -D_LARGEFILE_SOURCE -D_FILE_OFFSET_BITS=64 -I/usr/src/php/ext/gd/libgd -DZEND_COMPILE_DL_EXT=1 -c /usr/src/php/ext/gd/libgd/gd_security.c -MMD -MF libgd/gd_security.dep -MT libgd/gd_security.lo  -fPIC -DPIC -o libgd/.libs/gd_security.o
#9 124.2 /bin/bash /usr/src/php/ext/gd/libtool --mode=compile cc -I. -I/usr/src/php/ext/gd -I/usr/src/php/ext/gd/include -I/usr/src/php/ext/gd/main -I/usr/src/php/ext/gd -I/usr/local/include/php -I/usr/local/include/php/main -I/usr/local/include/php/TSRM -I/usr/local/include/php/Zend -I/usr/local/include/php/ext -I/usr/local/include/php/ext/date/lib -I/usr/include/libpng16 -I/usr/include/freetype2  -fstack-protector-strong -fpic -fpie -O2 -D_LARGEFILE_SOURCE -D_FILE_OFFSET_BITS=64 -DHAVE_CONFIG_H  -fstack-protector-strong -fpic -fpie -O2 -D_LARGEFILE_SOURCE -D_FILE_OFFSET_BITS=64   -I/usr/src/php/ext/gd/libgd -DZEND_COMPILE_DL_EXT=1 -c /usr/src/php/ext/gd/libgd/gd_color_match.c -o libgd/gd_color_match.lo  -MMD -MF libgd/gd_color_match.dep -MT libgd/gd_color_match.lo
#9 124.4  cc -I. -I/usr/src/php/ext/gd -I/usr/src/php/ext/gd/include -I/usr/src/php/ext/gd/main -I/usr/src/php/ext/gd -I/usr/local/include/php -I/usr/local/include/php/main -I/usr/local/include/php/TSRM -I/usr/local/include/php/Zend -I/usr/local/include/php/ext -I/usr/local/include/php/ext/date/lib -I/usr/include/libpng16 -I/usr/include/freetype2 -fstack-protector-strong -fpic -fpie -O2 -D_LARGEFILE_SOURCE -D_FILE_OFFSET_BITS=64 -DHAVE_CONFIG_H -fstack-protector-strong -fpic -fpie -O2 -D_LARGEFILE_SOURCE -D_FILE_OFFSET_BITS=64 -I/usr/src/php/ext/gd/libgd -DZEND_COMPILE_DL_EXT=1 -c /usr/src/php/ext/gd/libgd/gd_filter.c -MMD -MF libgd/gd_filter.dep -MT libgd/gd_filter.lo  -fPIC -DPIC -o libgd/.libs/gd_filter.o
#9 124.4  cc -I. -I/usr/src/php/ext/gd -I/usr/src/php/ext/gd/include -I/usr/src/php/ext/gd/main -I/usr/src/php/ext/gd -I/usr/local/include/php -I/usr/local/include/php/main -I/usr/local/include/php/TSRM -I/usr/local/include/php/Zend -I/usr/local/include/php/ext -I/usr/local/include/php/ext/date/lib -I/usr/include/libpng16 -I/usr/include/freetype2 -fstack-protector-strong -fpic -fpie -O2 -D_LARGEFILE_SOURCE -D_FILE_OFFSET_BITS=64 -DHAVE_CONFIG_H -fstack-protector-strong -fpic -fpie -O2 -D_LARGEFILE_SOURCE -D_FILE_OFFSET_BITS=64 -I/usr/src/php/ext/gd/libgd -DZEND_COMPILE_DL_EXT=1 -c /usr/src/php/ext/gd/libgd/gd_rotate.c -MMD -MF libgd/gd_rotate.dep -MT libgd/gd_rotate.lo  -fPIC -DPIC -o libgd/.libs/gd_rotate.o
#9 124.6  cc -I. -I/usr/src/php/ext/gd -I/usr/src/php/ext/gd/include -I/usr/src/php/ext/gd/main -I/usr/src/php/ext/gd -I/usr/local/include/php -I/usr/local/include/php/main -I/usr/local/include/php/TSRM -I/usr/local/include/php/Zend -I/usr/local/include/php/ext -I/usr/local/include/php/ext/date/lib -I/usr/include/libpng16 -I/usr/include/freetype2 -fstack-protector-strong -fpic -fpie -O2 -D_LARGEFILE_SOURCE -D_FILE_OFFSET_BITS=64 -DHAVE_CONFIG_H -fstack-protector-strong -fpic -fpie -O2 -D_LARGEFILE_SOURCE -D_FILE_OFFSET_BITS=64 -I/usr/src/php/ext/gd/libgd -DZEND_COMPILE_DL_EXT=1 -c /usr/src/php/ext/gd/libgd/gd_pixelate.c -MMD -MF libgd/gd_pixelate.dep -MT libgd/gd_pixelate.lo  -fPIC -DPIC -o libgd/.libs/gd_pixelate.o
#9 125.0 /bin/bash /usr/src/php/ext/gd/libtool --mode=compile cc -I. -I/usr/src/php/ext/gd -I/usr/src/php/ext/gd/include -I/usr/src/php/ext/gd/main -I/usr/src/php/ext/gd -I/usr/local/include/php -I/usr/local/include/php/main -I/usr/local/include/php/TSRM -I/usr/local/include/php/Zend -I/usr/local/include/php/ext -I/usr/local/include/php/ext/date/lib -I/usr/include/libpng16 -I/usr/include/freetype2  -fstack-protector-strong -fpic -fpie -O2 -D_LARGEFILE_SOURCE -D_FILE_OFFSET_BITS=64 -DHAVE_CONFIG_H  -fstack-protector-strong -fpic -fpie -O2 -D_LARGEFILE_SOURCE -D_FILE_OFFSET_BITS=64   -I/usr/src/php/ext/gd/libgd -DZEND_COMPILE_DL_EXT=1 -c /usr/src/php/ext/gd/libgd/gd_transform.c -o libgd/gd_transform.lo  -MMD -MF libgd/gd_transform.dep -MT libgd/gd_transform.lo
#9 125.1 /bin/bash /usr/src/php/ext/gd/libtool --mode=compile cc -I. -I/usr/src/php/ext/gd -I/usr/src/php/ext/gd/include -I/usr/src/php/ext/gd/main -I/usr/src/php/ext/gd -I/usr/local/include/php -I/usr/local/include/php/main -I/usr/local/include/php/TSRM -I/usr/local/include/php/Zend -I/usr/local/include/php/ext -I/usr/local/include/php/ext/date/lib -I/usr/include/libpng16 -I/usr/include/freetype2  -fstack-protector-strong -fpic -fpie -O2 -D_LARGEFILE_SOURCE -D_FILE_OFFSET_BITS=64 -DHAVE_CONFIG_H  -fstack-protector-strong -fpic -fpie -O2 -D_LARGEFILE_SOURCE -D_FILE_OFFSET_BITS=64   -I/usr/src/php/ext/gd/libgd -DZEND_COMPILE_DL_EXT=1 -c /usr/src/php/ext/gd/libgd/gd_crop.c -o libgd/gd_crop.lo  -MMD -MF libgd/gd_crop.dep -MT libgd/gd_crop.lo
#9 125.2  cc -I. -I/usr/src/php/ext/gd -I/usr/src/php/ext/gd/include -I/usr/src/php/ext/gd/main -I/usr/src/php/ext/gd -I/usr/local/include/php -I/usr/local/include/php/main -I/usr/local/include/php/TSRM -I/usr/local/include/php/Zend -I/usr/local/include/php/ext -I/usr/local/include/php/ext/date/lib -I/usr/include/libpng16 -I/usr/include/freetype2 -fstack-protector-strong -fpic -fpie -O2 -D_LARGEFILE_SOURCE -D_FILE_OFFSET_BITS=64 -DHAVE_CONFIG_H -fstack-protector-strong -fpic -fpie -O2 -D_LARGEFILE_SOURCE -D_FILE_OFFSET_BITS=64 -I/usr/src/php/ext/gd/libgd -DZEND_COMPILE_DL_EXT=1 -c /usr/src/php/ext/gd/libgd/gd_color_match.c -MMD -MF libgd/gd_color_match.dep -MT libgd/gd_color_match.lo  -fPIC -DPIC -o libgd/.libs/gd_color_match.o
#9 125.3 /bin/bash /usr/src/php/ext/gd/libtool --mode=compile cc -I. -I/usr/src/php/ext/gd -I/usr/src/php/ext/gd/include -I/usr/src/php/ext/gd/main -I/usr/src/php/ext/gd -I/usr/local/include/php -I/usr/local/include/php/main -I/usr/local/include/php/TSRM -I/usr/local/include/php/Zend -I/usr/local/include/php/ext -I/usr/local/include/php/ext/date/lib -I/usr/include/libpng16 -I/usr/include/freetype2  -fstack-protector-strong -fpic -fpie -O2 -D_LARGEFILE_SOURCE -D_FILE_OFFSET_BITS=64 -DHAVE_CONFIG_H  -fstack-protector-strong -fpic -fpie -O2 -D_LARGEFILE_SOURCE -D_FILE_OFFSET_BITS=64   -I/usr/src/php/ext/gd/libgd -DZEND_COMPILE_DL_EXT=1 -c /usr/src/php/ext/gd/libgd/gd_interpolation.c -o libgd/gd_interpolation.lo  -MMD -MF libgd/gd_interpolation.dep -MT libgd/gd_interpolation.lo
#9 125.9 /bin/bash /usr/src/php/ext/gd/libtool --mode=compile cc -I. -I/usr/src/php/ext/gd -I/usr/src/php/ext/gd/include -I/usr/src/php/ext/gd/main -I/usr/src/php/ext/gd -I/usr/local/include/php -I/usr/local/include/php/main -I/usr/local/include/php/TSRM -I/usr/local/include/php/Zend -I/usr/local/include/php/ext -I/usr/local/include/php/ext/date/lib -I/usr/include/libpng16 -I/usr/include/freetype2  -fstack-protector-strong -fpic -fpie -O2 -D_LARGEFILE_SOURCE -D_FILE_OFFSET_BITS=64 -DHAVE_CONFIG_H  -fstack-protector-strong -fpic -fpie -O2 -D_LARGEFILE_SOURCE -D_FILE_OFFSET_BITS=64   -I/usr/src/php/ext/gd/libgd -DZEND_COMPILE_DL_EXT=1 -c /usr/src/php/ext/gd/libgd/gd_matrix.c -o libgd/gd_matrix.lo  -MMD -MF libgd/gd_matrix.dep -MT libgd/gd_matrix.lo
#9 126.0  cc -I. -I/usr/src/php/ext/gd -I/usr/src/php/ext/gd/include -I/usr/src/php/ext/gd/main -I/usr/src/php/ext/gd -I/usr/local/include/php -I/usr/local/include/php/main -I/usr/local/include/php/TSRM -I/usr/local/include/php/Zend -I/usr/local/include/php/ext -I/usr/local/include/php/ext/date/lib -I/usr/include/libpng16 -I/usr/include/freetype2 -fstack-protector-strong -fpic -fpie -O2 -D_LARGEFILE_SOURCE -D_FILE_OFFSET_BITS=64 -DHAVE_CONFIG_H -fstack-protector-strong -fpic -fpie -O2 -D_LARGEFILE_SOURCE -D_FILE_OFFSET_BITS=64 -I/usr/src/php/ext/gd/libgd -DZEND_COMPILE_DL_EXT=1 -c /usr/src/php/ext/gd/libgd/gd_transform.c -MMD -MF libgd/gd_transform.dep -MT libgd/gd_transform.lo  -fPIC -DPIC -o libgd/.libs/gd_transform.o
#9 126.1  cc -I. -I/usr/src/php/ext/gd -I/usr/src/php/ext/gd/include -I/usr/src/php/ext/gd/main -I/usr/src/php/ext/gd -I/usr/local/include/php -I/usr/local/include/php/main -I/usr/local/include/php/TSRM -I/usr/local/include/php/Zend -I/usr/local/include/php/ext -I/usr/local/include/php/ext/date/lib -I/usr/include/libpng16 -I/usr/include/freetype2 -fstack-protector-strong -fpic -fpie -O2 -D_LARGEFILE_SOURCE -D_FILE_OFFSET_BITS=64 -DHAVE_CONFIG_H -fstack-protector-strong -fpic -fpie -O2 -D_LARGEFILE_SOURCE -D_FILE_OFFSET_BITS=64 -I/usr/src/php/ext/gd/libgd -DZEND_COMPILE_DL_EXT=1 -c /usr/src/php/ext/gd/libgd/gd_interpolation.c -MMD -MF libgd/gd_interpolation.dep -MT libgd/gd_interpolation.lo  -fPIC -DPIC -o libgd/.libs/gd_interpolation.o
#9 126.2  cc -I. -I/usr/src/php/ext/gd -I/usr/src/php/ext/gd/include -I/usr/src/php/ext/gd/main -I/usr/src/php/ext/gd -I/usr/local/include/php -I/usr/local/include/php/main -I/usr/local/include/php/TSRM -I/usr/local/include/php/Zend -I/usr/local/include/php/ext -I/usr/local/include/php/ext/date/lib -I/usr/include/libpng16 -I/usr/include/freetype2 -fstack-protector-strong -fpic -fpie -O2 -D_LARGEFILE_SOURCE -D_FILE_OFFSET_BITS=64 -DHAVE_CONFIG_H -fstack-protector-strong -fpic -fpie -O2 -D_LARGEFILE_SOURCE -D_FILE_OFFSET_BITS=64 -I/usr/src/php/ext/gd/libgd -DZEND_COMPILE_DL_EXT=1 -c /usr/src/php/ext/gd/libgd/gd_crop.c -MMD -MF libgd/gd_crop.dep -MT libgd/gd_crop.lo  -fPIC -DPIC -o libgd/.libs/gd_crop.o
#9 126.3 /bin/bash /usr/src/php/ext/gd/libtool --mode=compile cc -I. -I/usr/src/php/ext/gd -I/usr/src/php/ext/gd/include -I/usr/src/php/ext/gd/main -I/usr/src/php/ext/gd -I/usr/local/include/php -I/usr/local/include/php/main -I/usr/local/include/php/TSRM -I/usr/local/include/php/Zend -I/usr/local/include/php/ext -I/usr/local/include/php/ext/date/lib -I/usr/include/libpng16 -I/usr/include/freetype2  -fstack-protector-strong -fpic -fpie -O2 -D_LARGEFILE_SOURCE -D_FILE_OFFSET_BITS=64 -DHAVE_CONFIG_H  -fstack-protector-strong -fpic -fpie -O2 -D_LARGEFILE_SOURCE -D_FILE_OFFSET_BITS=64   -I/usr/src/php/ext/gd/libgd -DZEND_COMPILE_DL_EXT=1 -c /usr/src/php/ext/gd/libgd/gd_bmp.c -o libgd/gd_bmp.lo  -MMD -MF libgd/gd_bmp.dep -MT libgd/gd_bmp.lo
#9 127.0  cc -I. -I/usr/src/php/ext/gd -I/usr/src/php/ext/gd/include -I/usr/src/php/ext/gd/main -I/usr/src/php/ext/gd -I/usr/local/include/php -I/usr/local/include/php/main -I/usr/local/include/php/TSRM -I/usr/local/include/php/Zend -I/usr/local/include/php/ext -I/usr/local/include/php/ext/date/lib -I/usr/include/libpng16 -I/usr/include/freetype2 -fstack-protector-strong -fpic -fpie -O2 -D_LARGEFILE_SOURCE -D_FILE_OFFSET_BITS=64 -DHAVE_CONFIG_H -fstack-protector-strong -fpic -fpie -O2 -D_LARGEFILE_SOURCE -D_FILE_OFFSET_BITS=64 -I/usr/src/php/ext/gd/libgd -DZEND_COMPILE_DL_EXT=1 -c /usr/src/php/ext/gd/libgd/gd_matrix.c -MMD -MF libgd/gd_matrix.dep -MT libgd/gd_matrix.lo  -fPIC -DPIC -o libgd/.libs/gd_matrix.o
#9 127.3 /bin/bash /usr/src/php/ext/gd/libtool --mode=compile cc -I. -I/usr/src/php/ext/gd -I/usr/src/php/ext/gd/include -I/usr/src/php/ext/gd/main -I/usr/src/php/ext/gd -I/usr/local/include/php -I/usr/local/include/php/main -I/usr/local/include/php/TSRM -I/usr/local/include/php/Zend -I/usr/local/include/php/ext -I/usr/local/include/php/ext/date/lib -I/usr/include/libpng16 -I/usr/include/freetype2  -fstack-protector-strong -fpic -fpie -O2 -D_LARGEFILE_SOURCE -D_FILE_OFFSET_BITS=64 -DHAVE_CONFIG_H  -fstack-protector-strong -fpic -fpie -O2 -D_LARGEFILE_SOURCE -D_FILE_OFFSET_BITS=64   -I/usr/src/php/ext/gd/libgd -DZEND_COMPILE_DL_EXT=1 -c /usr/src/php/ext/gd/libgd/gd_tga.c -o libgd/gd_tga.lo  -MMD -MF libgd/gd_tga.dep -MT libgd/gd_tga.lo
#9 127.5  cc -I. -I/usr/src/php/ext/gd -I/usr/src/php/ext/gd/include -I/usr/src/php/ext/gd/main -I/usr/src/php/ext/gd -I/usr/local/include/php -I/usr/local/include/php/main -I/usr/local/include/php/TSRM -I/usr/local/include/php/Zend -I/usr/local/include/php/ext -I/usr/local/include/php/ext/date/lib -I/usr/include/libpng16 -I/usr/include/freetype2 -fstack-protector-strong -fpic -fpie -O2 -D_LARGEFILE_SOURCE -D_FILE_OFFSET_BITS=64 -DHAVE_CONFIG_H -fstack-protector-strong -fpic -fpie -O2 -D_LARGEFILE_SOURCE -D_FILE_OFFSET_BITS=64 -I/usr/src/php/ext/gd/libgd -DZEND_COMPILE_DL_EXT=1 -c /usr/src/php/ext/gd/libgd/gd_bmp.c -MMD -MF libgd/gd_bmp.dep -MT libgd/gd_bmp.lo  -fPIC -DPIC -o libgd/.libs/gd_bmp.o
#9 128.3  cc -I. -I/usr/src/php/ext/gd -I/usr/src/php/ext/gd/include -I/usr/src/php/ext/gd/main -I/usr/src/php/ext/gd -I/usr/local/include/php -I/usr/local/include/php/main -I/usr/local/include/php/TSRM -I/usr/local/include/php/Zend -I/usr/local/include/php/ext -I/usr/local/include/php/ext/date/lib -I/usr/include/libpng16 -I/usr/include/freetype2 -fstack-protector-strong -fpic -fpie -O2 -D_LARGEFILE_SOURCE -D_FILE_OFFSET_BITS=64 -DHAVE_CONFIG_H -fstack-protector-strong -fpic -fpie -O2 -D_LARGEFILE_SOURCE -D_FILE_OFFSET_BITS=64 -I/usr/src/php/ext/gd/libgd -DZEND_COMPILE_DL_EXT=1 -c /usr/src/php/ext/gd/libgd/gd_tga.c -MMD -MF libgd/gd_tga.dep -MT libgd/gd_tga.lo  -fPIC -DPIC -o libgd/.libs/gd_tga.o
#9 130.2 /bin/bash /usr/src/php/ext/gd/libtool --mode=link cc -shared -I/usr/src/php/ext/gd/include -I/usr/src/php/ext/gd/main -I/usr/src/php/ext/gd -I/usr/local/include/php -I/usr/local/include/php/main -I/usr/local/include/php/TSRM -I/usr/local/include/php/Zend -I/usr/local/include/php/ext -I/usr/local/include/php/ext/date/lib -I/usr/include/libpng16 -I/usr/include/freetype2  -fstack-protector-strong -fpic -fpie -O2 -D_LARGEFILE_SOURCE -D_FILE_OFFSET_BITS=64 -DHAVE_CONFIG_H  -fstack-protector-strong -fpic -fpie -O2 -D_LARGEFILE_SOURCE -D_FILE_OFFSET_BITS=64  -Wl,-O1 -pie  -o gd.la -export-dynamic -avoid-version -prefer-pic -module -rpath /usr/src/php/ext/gd/modules  gd.lo libgd/gd.lo libgd/gd_gd.lo libgd/gd_gd2.lo libgd/gd_io.lo libgd/gd_io_dp.lo libgd/gd_io_file.lo libgd/gd_ss.lo libgd/gd_io_ss.lo libgd/gd_webp.lo libgd/gd_avif.lo libgd/gd_png.lo libgd/gd_jpeg.lo libgd/gdxpm.lo libgd/gdfontt.lo libgd/gdfonts.lo libgd/gdfontmb.lo libgd/gdfontl.lo libgd/gdfontg.lo libgd/gdtables.lo libgd/gdft.lo libgd/gdcache.lo libgd/gdkanji.lo libgd/wbmp.lo libgd/gd_wbmp.lo libgd/gdhelpers.lo libgd/gd_topal.lo libgd/gd_gif_in.lo libgd/gd_xbm.lo libgd/gd_gif_out.lo libgd/gd_security.lo libgd/gd_filter.lo libgd/gd_pixelate.lo libgd/gd_rotate.lo libgd/gd_color_match.lo libgd/gd_transform.lo libgd/gd_crop.lo libgd/gd_interpolation.lo libgd/gd_matrix.lo libgd/gd_bmp.lo libgd/gd_tga.lo -lz -lpng16 -ljpeg -lfreetype
#9 132.0 cc -shared  .libs/gd.o libgd/.libs/gd.o libgd/.libs/gd_gd.o libgd/.libs/gd_gd2.o libgd/.libs/gd_io.o libgd/.libs/gd_io_dp.o libgd/.libs/gd_io_file.o libgd/.libs/gd_ss.o libgd/.libs/gd_io_ss.o libgd/.libs/gd_webp.o libgd/.libs/gd_avif.o libgd/.libs/gd_png.o libgd/.libs/gd_jpeg.o libgd/.libs/gdxpm.o libgd/.libs/gdfontt.o libgd/.libs/gdfonts.o libgd/.libs/gdfontmb.o libgd/.libs/gdfontl.o libgd/.libs/gdfontg.o libgd/.libs/gdtables.o libgd/.libs/gdft.o libgd/.libs/gdcache.o libgd/.libs/gdkanji.o libgd/.libs/wbmp.o libgd/.libs/gd_wbmp.o libgd/.libs/gdhelpers.o libgd/.libs/gd_topal.o libgd/.libs/gd_gif_in.o libgd/.libs/gd_xbm.o libgd/.libs/gd_gif_out.o libgd/.libs/gd_security.o libgd/.libs/gd_filter.o libgd/.libs/gd_pixelate.o libgd/.libs/gd_rotate.o libgd/.libs/gd_color_match.o libgd/.libs/gd_transform.o libgd/.libs/gd_crop.o libgd/.libs/gd_interpolation.o libgd/.libs/gd_matrix.o libgd/.libs/gd_bmp.o libgd/.libs/gd_tga.o  -lz -lpng16 -ljpeg -lfreetype  -Wl,-O1 -Wl,-soname -Wl,gd.so -o .libs/gd.so
#9 132.1 creating gd.la
#9 132.1 (cd .libs && rm -f gd.la && ln -s ../gd.la gd.la)
#9 132.1 /bin/bash /usr/src/php/ext/gd/libtool --mode=install cp ./gd.la /usr/src/php/ext/gd/modules
#9 132.3 cp ./.libs/gd.so /usr/src/php/ext/gd/modules/gd.so
#9 132.3 cp ./.libs/gd.lai /usr/src/php/ext/gd/modules/gd.la
#9 132.4 PATH="$PATH:/sbin" ldconfig -n /usr/src/php/ext/gd/modules
#9 132.4 ----------------------------------------------------------------------
#9 132.4 Libraries have been installed in:
#9 132.4    /usr/src/php/ext/gd/modules
#9 132.4 
#9 132.4 If you ever happen to want to link against installed libraries
#9 132.4 in a given directory, LIBDIR, you must either use libtool, and
#9 132.4 specify the full pathname of the library, or use the `-LLIBDIR'
#9 132.4 flag during linking and do at least one of the following:
#9 132.4    - add LIBDIR to the `LD_LIBRARY_PATH' environment variable
#9 132.4      during execution
#9 132.4    - add LIBDIR to the `LD_RUN_PATH' environment variable
#9 132.4      during linking
#9 132.4    - use the `-Wl,--rpath -Wl,LIBDIR' linker flag
#9 132.4    - have your system administrator add LIBDIR to `/etc/ld.so.conf'
#9 132.4 
#9 132.4 See any operating system documentation about shared libraries for
#9 132.4 more information, such as the ld(1) and ld.so(8) manual pages.
#9 132.4 ----------------------------------------------------------------------
#9 132.4 
#9 132.4 Build complete.
#9 132.4 Don't forget to run 'make test'.
#9 132.4 
#9 132.5 + strip --strip-all modules/gd.so
#9 132.7 Installing shared extensions:     /usr/local/lib/php/extensions/no-debug-non-zts-20210902/
#9 132.9 Installing header files:          /usr/local/include/php/
#9 135.1 
#9 135.1 warning: gd (gd) is already loaded!
#9 135.1 
#9 135.1 find . -name \*.gcno -o -name \*.gcda | xargs rm -f
#9 135.1 find . -name \*.lo -o -name \*.o -o -name \*.dep | xargs rm -f
#9 135.2 find . -name \*.la -o -name \*.a | xargs rm -f
#9 135.2 find . -name \*.so | xargs rm -f
#9 135.2 find . -name .libs -a -type d|xargs rm -rf
#9 135.2 rm -f libphp.la      modules/* libs/*
#9 135.2 rm -f ext/opcache/jit/zend_jit_x86.c
#9 135.3 rm -f ext/opcache/jit/zend_jit_arm64.c
#9 135.3 rm -f ext/opcache/minilua
#9 DONE 135.6s

#10 [ 6/13] RUN mv "/usr/local/etc/php/php.ini-production" "/usr/local/etc/php/php.ini"
#10 DONE 1.1s

#11 [ 7/13] RUN sed -i "s/max_execution_time = 30/max_execution_time = 60/g" /usr/local/etc/php/php.ini
#11 DONE 0.9s

#12 [ 8/13] RUN sed -i "s/post_max_size = 8M/post_max_size = 60M/g" /usr/local/etc/php/php.ini
#12 DONE 0.8s

#13 [ 9/13] RUN sed -i "s/upload_max_filesize = 2M/upload_max_filesize = 40M/g" /usr/local/etc/php/php.ini
#13 DONE 0.7s

#14 [10/13] RUN sed -i "s/output_buffering = 4096/output_buffering = 4096/g" /usr/local/etc/php/php.ini
#14 DONE 0.8s

#15 [11/13] RUN curl -sS https://getcomposer.org/installer | php -- --install-dir=/usr/local/bin --filename=composer
#15 1.841 All settings correct for using Composer
#15 1.854 Downloading...
#15 5.234 
#15 5.234 Composer (version 2.10.2) successfully installed to: /usr/local/bin/composer
#15 5.234 Use it: php /usr/local/bin/composer
#15 5.234 
#15 DONE 5.3s

#16 [12/13] COPY ./ImageMagick-6/policy.xml /etc/ImageMagick-6/policy.xml
#16 DONE 0.1s

#17 [13/13] COPY . .
#17 DONE 197.5s

#18 exporting to image
#18 exporting layers
#18 exporting layers 216.4s done
#18 exporting manifest sha256:69417486005226ecdc935b821821817f3bc9e65375469c08e0eec093340e47a0 0.1s done
#18 exporting config sha256:df705a924bbaf2f52d09506dbdcad756f86aa236847c86dbf8f4a1be283fb6a5
#18 exporting config sha256:df705a924bbaf2f52d09506dbdcad756f86aa236847c86dbf8f4a1be283fb6a5 0.1s done
#18 exporting attestation manifest sha256:349bd273c7aa1c41faca316eaf628b7b6d7484d5f833d0e6756f2b437a2ce40a 0.1s done
#18 exporting manifest list sha256:f640eccf0e95b49f9e0f4df4e19a7538a6f41a72bc62d394a7a1e35cfea04b13 0.1s done
#18 naming to docker.io/library/heroescrm-test:latest 0.0s done
#18 unpacking to docker.io/library/heroescrm-test:latest
#18 unpacking to docker.io/library/heroescrm-test:latest 128.1s done
#18 DONE 345.3s
