--progress is a global compose flag, better use `docker compose --progress xx build ...
time="2026-08-26T10:56:04+03:00" level=warning msg="D:\\JOB\\HEROES-CRM\\docker-compose.yml: the attribute `version` is obsolete, it will be ignored, please remove it to avoid potential confusion"
time="2026-08-26T10:56:04+03:00" level=warning msg="D:\\JOB\\HEROES-CRM\\docker-compose.override.yml: the attribute `version` is obsolete, it will be ignored, please remove it to avoid potential confusion"
 Image heroescrm:latest Building 
 Image heroescrm-freeswitch:latest Building 
#1 [internal] load local bake definitions
#1 reading from stdin 1.16kB 0.0s done
#1 DONE 0.1s

#2 [heroescrm internal] load build definition from Dockerfile
#2 transferring dockerfile: 30B 0.0s
#2 transferring dockerfile: 2.10kB 0.1s done
#2 DONE 0.2s

#3 [freeswitch internal] load build definition from Dockerfile
#3 transferring dockerfile: 2.56kB 0.1s done
#3 DONE 0.2s

#4 [freeswitch internal] load metadata for docker.io/library/debian:bookworm-slim
#4 ...

#5 [heroescrm internal] load metadata for docker.io/library/php:8.1-fpm
#5 DONE 2.0s

#4 [freeswitch internal] load metadata for docker.io/library/debian:bookworm-slim
#4 DONE 2.0s

#6 [heroescrm internal] load .dockerignore
#6 transferring context: 225B 0.0s done
#6 DONE 0.1s

#7 [freeswitch internal] load .dockerignore
#7 transferring context: 2B 0.0s done
#7 DONE 0.1s

#8 [heroescrm internal] load build context
#8 ...

#9 [heroescrm  1/13] FROM docker.io/library/php:8.1-fpm@sha256:a3118db1911fdd3b3ac66605122ddc859286688ced86fc860fec6d19cc2d6c55
#9 resolve docker.io/library/php:8.1-fpm@sha256:a3118db1911fdd3b3ac66605122ddc859286688ced86fc860fec6d19cc2d6c55 0.1s done
#9 CACHED

#8 [heroescrm internal] load build context
#8 ...

#10 [freeswitch internal] load build context
#10 DONE 0.0s

#8 [heroescrm internal] load build context
#8 ...

#11 [freeswitch stage-0 1/6] FROM docker.io/library/debian:bookworm-slim@sha256:88200866dfff7ea7f5cbcb6ec7c8a701889efe6fe859fe64d6990e4b07ea4171
#11 resolve docker.io/library/debian:bookworm-slim@sha256:88200866dfff7ea7f5cbcb6ec7c8a701889efe6fe859fe64d6990e4b07ea4171 0.1s done
#11 CACHED

#8 [heroescrm internal] load build context
#8 ...

#10 [freeswitch internal] load build context
#10 transferring context: 4.06kB 0.1s done
#10 DONE 0.3s

#8 [heroescrm internal] load build context
#8 transferring context: 2.57MB 5.7s
#8 ...

#12 [freeswitch stage-0 2/6] RUN apt-get update && apt-get install -y --no-install-recommends         gnupg2 wget lsb-release software-properties-common apt-transport-https curl         ca-certificates git cmake pkg-config build-essential libssl-dev zlib1g-dev libevent-dev libspeexdsp-dev     && rm -rf /var/lib/apt/lists/*
#12 7.734 Get:1 http://deb.debian.org/debian bookworm InRelease [151 kB]
#12 8.412 Get:2 http://deb.debian.org/debian bookworm-updates InRelease [55.4 kB]
#12 8.650 Get:3 http://deb.debian.org/debian-security bookworm-security InRelease [34.8 kB]
#12 9.311 Get:4 http://deb.debian.org/debian bookworm/main amd64 Packages [8790 kB]
#12 ...

#8 [heroescrm internal] load build context
#8 transferring context: 20.37MB 10.8s
#8 transferring context: 23.21MB 13.2s done
#8 DONE 13.7s

#12 [freeswitch stage-0 2/6] RUN apt-get update && apt-get install -y --no-install-recommends         gnupg2 wget lsb-release software-properties-common apt-transport-https curl         ca-certificates git cmake pkg-config build-essential libssl-dev zlib1g-dev libevent-dev libspeexdsp-dev     && rm -rf /var/lib/apt/lists/*
#12 ...

#13 [heroescrm  2/13] COPY composer.lock composer.json /var/www/
#13 DONE 0.2s

#12 [freeswitch stage-0 2/6] RUN apt-get update && apt-get install -y --no-install-recommends         gnupg2 wget lsb-release software-properties-common apt-transport-https curl         ca-certificates git cmake pkg-config build-essential libssl-dev zlib1g-dev libevent-dev libspeexdsp-dev     && rm -rf /var/lib/apt/lists/*
#12 ...

#14 [heroescrm  3/13] WORKDIR /var/www
#14 DONE 0.1s

#15 [heroescrm  4/13] RUN apt update && apt install -y         nodejs         npm         libpng-dev         libjpeg-dev         libfreetype6-dev         zlib1g-dev         libxml2-dev         libzip-dev         libonig-dev         zip         curl         unzip         libsodium-dev         cron         exiftool         libmagickwand-dev         imagemagick                   supervisor     && docker-php-ext-install -j$(nproc) gd         pdo_mysql         mysqli         zip         pcntl         sodium         exif     && pecl install imagick         redis     && docker-php-ext-enable exif         imagick     && docker-php-source delete
#15 0.952 
#15 0.952 WARNING: apt does not have a stable CLI interface. Use with caution in scripts.
#15 0.952 
#15 1.675 Get:1 http://deb.debian.org/debian trixie InRelease [140 kB]
#15 2.339 Get:2 http://deb.debian.org/debian trixie-updates InRelease [47.3 kB]
#15 2.617 Get:3 http://deb.debian.org/debian-security trixie-security InRelease [43.4 kB]
#15 2.891 Get:4 http://deb.debian.org/debian trixie/main amd64 Packages [9673 kB]
#15 5.055 Get:5 http://deb.debian.org/debian trixie-updates/main amd64 Packages [4412 B]
#15 5.294 Get:6 http://deb.debian.org/debian-security trixie-security/main amd64 Packages [246 kB]
#15 ...

#12 [freeswitch stage-0 2/6] RUN apt-get update && apt-get install -y --no-install-recommends         gnupg2 wget lsb-release software-properties-common apt-transport-https curl         ca-certificates git cmake pkg-config build-essential libssl-dev zlib1g-dev libevent-dev libspeexdsp-dev     && rm -rf /var/lib/apt/lists/*
#12 20.68 Get:5 http://deb.debian.org/debian bookworm-updates/main amd64 Packages [6924 B]
#12 20.68 Get:6 http://deb.debian.org/debian-security bookworm-security/main amd64 Packages [335 kB]
#12 23.41 Fetched 9374 kB in 16s (570 kB/s)
#12 23.41 Reading package lists...
#12 25.36 Reading package lists...
#12 26.88 Building dependency tree...
#12 27.35 Reading state information...
#12 28.16 The following additional packages will be installed:
#12 28.16   binutils binutils-common binutils-x86-64-linux-gnu bzip2 cmake-data cpp
#12 28.16   cpp-12 dbus dbus-bin dbus-daemon dbus-session-bus-common
#12 28.16   dbus-system-bus-common dirmngr distro-info-data dmsetup dpkg-dev g++ g++-12
#12 28.16   gcc gcc-12 gir1.2-glib-2.0 gir1.2-packagekitglib-1.0 git-man gnupg
#12 28.16   gnupg-l10n gnupg-utils gpg gpg-agent gpg-wks-client gpg-wks-server gpgconf
#12 28.16   gpgsm iso-codes libapparmor1 libappstream4 libarchive13 libargon2-1 libasan8
#12 28.16   libassuan0 libatomic1 libbinutils libbrotli1 libc-dev-bin libc6-dev
#12 28.16   libcap2-bin libcc1-0 libcrypt-dev libcryptsetup12 libctf-nobfd0 libctf0
#12 28.16   libcurl3-gnutls libcurl4 libdbus-1-3 libdevmapper1.02.1 libdpkg-perl
#12 28.16   libduktape207 libdw1 libelf1 liberror-perl libevent-2.1-7
#12 28.16   libevent-core-2.1-7 libevent-extra-2.1-7 libevent-openssl-2.1-7
#12 28.16   libevent-pthreads-2.1-7 libexpat1 libfdisk1 libgcc-12-dev libgdbm-compat4
#12 28.16   libgdbm6 libgirepository-1.0-1 libglib2.0-0 libglib2.0-bin libglib2.0-data
#12 28.16   libgomp1 libgprofng0 libgssapi-krb5-2 libgstreamer1.0-0 libicu72 libip4tc2
#12 28.16   libisl23 libitm1 libjansson4 libjson-c5 libjsoncpp25 libk5crypto3
#12 28.16   libkeyutils1 libkmod2 libkrb5-3 libkrb5support0 libksba8 libldap-2.5-0
#12 28.16   liblsan0 libmpc3 libmpfr6 libncursesw6 libnghttp2-14 libnpth0 libnsl-dev
#12 28.17   libnsl2 libpackagekit-glib2-18 libpam-systemd libperl5.36 libpkgconf3
#12 28.17   libpolkit-agent-1-0 libpolkit-gobject-1-0 libproc2-0 libpsl5
#12 28.17   libpython3-stdlib libpython3.11-minimal libpython3.11-stdlib libquadmath0
#12 28.18   libreadline8 librhash0 librtmp1 libsasl2-2 libsasl2-modules-db libspeexdsp1
#12 28.18   libsqlite3-0 libssh2-1 libssl3 libstdc++-12-dev libstemmer0d
#12 28.18   libsystemd-shared libtirpc-common libtirpc-dev libtirpc3 libtsan2 libubsan1
#12 28.19   libunwind8 libuv1 libxml2 libxmlb2 libyaml-0-2 linux-libc-dev make
#12 28.19   media-types openssl packagekit patch perl perl-modules-5.36 pinentry-curses
#12 28.19   pkgconf pkgconf-bin polkitd procps python-apt-common python3 python3-apt
#12 28.19   python3-blinker python3-cffi-backend python3-cryptography python3-dbus
#12 28.19   python3-distro python3-gi python3-httplib2 python3-jwt
#12 28.19   python3-lazr.restfulclient python3-lazr.uri python3-minimal python3-oauthlib
#12 28.19   python3-pkg-resources python3-pyparsing python3-six
#12 28.19   python3-software-properties python3-wadllib python3.11 python3.11-minimal
#12 28.19   readline-common rpcsvc-proto sgml-base systemd systemd-sysv xml-core
#12 28.19   xz-utils
#12 28.19 Suggested packages:
#12 28.19   binutils-doc bzip2-doc cmake-doc cmake-format elpa-cmake-mode ninja-build
#12 28.20   cpp-doc gcc-12-locales cpp-12-doc default-dbus-session-bus
#12 28.20   | dbus-session-bus dbus-user-session pinentry-gnome3 tor debian-keyring
#12 28.20   g++-multilib g++-12-multilib gcc-12-doc gcc-multilib manpages-dev autoconf
#12 28.20   automake libtool flex bison gdb gcc-doc gcc-12-multilib gettext-base
#12 28.20   git-daemon-run | git-daemon-sysvinit git-doc git-email git-gui gitk gitweb
#12 28.20   git-cvs git-mediawiki git-svn parcimonie xloadimage scdaemon isoquery lrzip
#12 28.20   glibc-doc sensible-utils bzr gdbm-l10n low-memory-monitor krb5-doc krb5-user
#12 28.20   gstreamer1.0-tools libspeex-dev speex-doc libssl-doc libstdc++-12-doc
#12 28.20   make-doc ed diffutils-doc perl-doc libterm-readline-gnu-perl
#12 28.20   | libterm-readline-perl-perl libtap-harness-archive-perl pinentry-doc
#12 28.20   polkitd-pkla python3-doc python3-tk python3-venv python-apt-doc
#12 28.20   python-blinker-doc python-cryptography-doc python3-cryptography-vectors
#12 28.20   python-dbus-doc python3-crypto python3-setuptools python-pyparsing-doc
#12 28.20   python3.11-venv python3.11-doc binfmt-support readline-doc sgml-base-doc
#12 28.20   systemd-container systemd-homed systemd-userdbd systemd-boot
#12 28.20   systemd-resolved libfido2-1 libqrencode4 libtss2-esys-3.0.2-0 libtss2-mu0
#12 28.20   libtss2-rc0 debhelper
#12 28.20 Recommended packages:
#12 28.20   fakeroot libalgorithm-merge-perl less ssh-client manpages manpages-dev
#12 28.20   libc-devtools libpam-cap libfile-fcntllock-perl liblocale-gettext-perl
#12 28.20   shared-mime-info xdg-user-dirs krb5-locales libldap-common libgpm2
#12 28.20   dbus-user-session publicsuffix libsasl2-modules appstream packagekit-tools
#12 28.20   netbase psmisc systemd-timesyncd | time-daemon libnss-systemd
#12 30.72 The following NEW packages will be installed:
#12 30.72   apt-transport-https binutils binutils-common binutils-x86-64-linux-gnu
#12 30.72   build-essential bzip2 ca-certificates cmake cmake-data cpp cpp-12 curl dbus
#12 30.72   dbus-bin dbus-daemon dbus-session-bus-common dbus-system-bus-common dirmngr
#12 30.72   distro-info-data dmsetup dpkg-dev g++ g++-12 gcc gcc-12 gir1.2-glib-2.0
#12 30.72   gir1.2-packagekitglib-1.0 git git-man gnupg gnupg-l10n gnupg-utils gnupg2
#12 30.72   gpg gpg-agent gpg-wks-client gpg-wks-server gpgconf gpgsm iso-codes
#12 30.72   libapparmor1 libappstream4 libarchive13 libargon2-1 libasan8 libassuan0
#12 30.72   libatomic1 libbinutils libbrotli1 libc-dev-bin libc6-dev libcap2-bin
#12 30.72   libcc1-0 libcrypt-dev libcryptsetup12 libctf-nobfd0 libctf0 libcurl3-gnutls
#12 30.72   libcurl4 libdbus-1-3 libdevmapper1.02.1 libdpkg-perl libduktape207 libdw1
#12 30.72   libelf1 liberror-perl libevent-2.1-7 libevent-core-2.1-7 libevent-dev
#12 30.72   libevent-extra-2.1-7 libevent-openssl-2.1-7 libevent-pthreads-2.1-7
#12 30.72   libexpat1 libfdisk1 libgcc-12-dev libgdbm-compat4 libgdbm6
#12 30.72   libgirepository-1.0-1 libglib2.0-0 libglib2.0-bin libglib2.0-data libgomp1
#12 30.72   libgprofng0 libgssapi-krb5-2 libgstreamer1.0-0 libicu72 libip4tc2 libisl23
#12 30.72   libitm1 libjansson4 libjson-c5 libjsoncpp25 libk5crypto3 libkeyutils1
#12 30.72   libkmod2 libkrb5-3 libkrb5support0 libksba8 libldap-2.5-0 liblsan0 libmpc3
#12 30.72   libmpfr6 libncursesw6 libnghttp2-14 libnpth0 libnsl-dev libnsl2
#12 30.72   libpackagekit-glib2-18 libpam-systemd libperl5.36 libpkgconf3
#12 30.72   libpolkit-agent-1-0 libpolkit-gobject-1-0 libproc2-0 libpsl5
#12 30.72   libpython3-stdlib libpython3.11-minimal libpython3.11-stdlib libquadmath0
#12 30.72   libreadline8 librhash0 librtmp1 libsasl2-2 libsasl2-modules-db
#12 30.72   libspeexdsp-dev libspeexdsp1 libsqlite3-0 libssh2-1 libssl-dev libssl3
#12 30.72   libstdc++-12-dev libstemmer0d libsystemd-shared libtirpc-common libtirpc-dev
#12 30.72   libtirpc3 libtsan2 libubsan1 libunwind8 libuv1 libxml2 libxmlb2 libyaml-0-2
#12 30.72   linux-libc-dev lsb-release make media-types openssl packagekit patch perl
#12 30.72   perl-modules-5.36 pinentry-curses pkg-config pkgconf pkgconf-bin polkitd
#12 30.72   procps python-apt-common python3 python3-apt python3-blinker
#12 30.72   python3-cffi-backend python3-cryptography python3-dbus python3-distro
#12 30.72   python3-gi python3-httplib2 python3-jwt python3-lazr.restfulclient
#12 30.72   python3-lazr.uri python3-minimal python3-oauthlib python3-pkg-resources
#12 30.72   python3-pyparsing python3-six python3-software-properties python3-wadllib
#12 30.72   python3.11 python3.11-minimal readline-common rpcsvc-proto sgml-base
#12 30.72   software-properties-common systemd systemd-sysv wget xml-core xz-utils
#12 30.72   zlib1g-dev
#12 31.30 0 upgraded, 190 newly installed, 0 to remove and 0 not upgraded.
#12 31.30 Need to get 150 MB of archives.
#12 31.30 After this operation, 603 MB of additional disk space will be used.
#12 31.30 Get:1 http://deb.debian.org/debian bookworm/main amd64 libssl3 amd64 3.0.20-1~deb12u2 [2036 kB]
#12 ...

#15 [heroescrm  4/13] RUN apt update && apt install -y         nodejs         npm         libpng-dev         libjpeg-dev         libfreetype6-dev         zlib1g-dev         libxml2-dev         libzip-dev         libonig-dev         zip         curl         unzip         libsodium-dev         cron         exiftool         libmagickwand-dev         imagemagick                   supervisor     && docker-php-ext-install -j$(nproc) gd         pdo_mysql         mysqli         zip         pcntl         sodium         exif     && pecl install imagick         redis     && docker-php-ext-enable exif         imagick     && docker-php-source delete
#15 7.980 Fetched 10.2 MB in 7s (1497 kB/s)
#15 7.980 Reading package lists...
#15 9.934 Building dependency tree...
#15 10.39 Reading state information...
#15 10.49 44 packages can be upgraded. Run 'apt list --upgradable' to see them.
#15 10.52 
#15 10.52 WARNING: apt does not have a stable CLI interface. Use with caution in scripts.
#15 10.52 
#15 10.54 Reading package lists...
#15 12.59 Building dependency tree...
#15 13.36 Reading state information...
#15 ...

#12 [freeswitch stage-0 2/6] RUN apt-get update && apt-get install -y --no-install-recommends         gnupg2 wget lsb-release software-properties-common apt-transport-https curl         ca-certificates git cmake pkg-config build-essential libssl-dev zlib1g-dev libevent-dev libspeexdsp-dev     && rm -rf /var/lib/apt/lists/*
#12 35.46 Get:2 http://deb.debian.org/debian bookworm/main amd64 libargon2-1 amd64 0~20171227-0.3+deb12u1 [19.4 kB]
#12 35.49 Get:3 http://deb.debian.org/debian bookworm/main amd64 dmsetup amd64 2:1.02.185-2 [82.0 kB]
#12 35.83 Get:4 http://deb.debian.org/debian bookworm/main amd64 libdevmapper1.02.1 amd64 2:1.02.185-2 [133 kB]
#12 35.94 Get:5 http://deb.debian.org/debian bookworm/main amd64 libjson-c5 amd64 0.16-2 [44.1 kB]
#12 36.15 Get:6 http://deb.debian.org/debian bookworm/main amd64 libcryptsetup12 amd64 2:2.6.1-4~deb12u2 [223 kB]
#12 36.63 Get:7 http://deb.debian.org/debian bookworm/main amd64 libfdisk1 amd64 2.38.1-5+deb12u3 [194 kB]
#12 36.96 Get:8 http://deb.debian.org/debian bookworm/main amd64 libkmod2 amd64 30+20221128-1 [57.9 kB]
#12 37.02 Get:9 http://deb.debian.org/debian bookworm/main amd64 libapparmor1 amd64 3.0.8-3 [41.2 kB]
#12 37.10 Get:10 http://deb.debian.org/debian bookworm/main amd64 libip4tc2 amd64 1.8.9-2 [19.0 kB]
#12 37.42 Get:11 http://deb.debian.org/debian bookworm/main amd64 libsystemd-shared amd64 252.39-1~deb12u2 [1696 kB]
#12 40.13 Get:12 http://deb.debian.org/debian bookworm/main amd64 systemd amd64 252.39-1~deb12u2 [3044 kB]
#12 ...

#15 [heroescrm  4/13] RUN apt update && apt install -y         nodejs         npm         libpng-dev         libjpeg-dev         libfreetype6-dev         zlib1g-dev         libxml2-dev         libzip-dev         libonig-dev         zip         curl         unzip         libsodium-dev         cron         exiftool         libmagickwand-dev         imagemagick                   supervisor     && docker-php-ext-install -j$(nproc) gd         pdo_mysql         mysqli         zip         pcntl         sodium         exif     && pecl install imagick         redis     && docker-php-ext-enable exif         imagick     && docker-php-source delete
#15 23.35 Upgrading:
#15 23.35   bsdutils        liblzma5       libudev1  openssl-provider-legacy
#15 23.35   curl            libmount1      libuuid1  util-linux
#15 23.35   libblkid1       libsmartcols1  libxml2   xz-utils
#15 23.35   libcurl4t64     libsodium23    login
#15 23.35   libgnutls30t64  libssl3t64     mount
#15 23.35   liblastlog2-2   libsystemd0    openssl
#15 23.35 
#15 23.35 Installing:
#15 23.35   cron                    libmagickwand-dev  libzip-dev  zip
#15 23.35   imagemagick             libonig-dev        nodejs      zlib1g-dev
#15 23.35   libfreetype-dev         libpng-dev         npm
#15 23.35   libimage-exiftool-perl  libsodium-dev      supervisor
#15 23.35   libjpeg-dev             libxml2-dev        unzip
#15 23.35 
#15 23.36 Installing dependencies:
#15 23.36   automake
#15 23.36   autotools-dev
#15 23.36   bsd-mailx
#15 23.36   build-essential
#15 23.36   bzip2-doc
#15 23.36   cron-daemon-common
#15 23.36   dbus
#15 23.36   dbus-bin
#15 23.36   dbus-daemon
#15 23.36   dbus-session-bus-common
#15 23.36   dbus-system-bus-common
#15 23.36   dmsetup
#15 23.36   eslint
#15 23.36   exim4-base
#15 23.36   exim4-config
#15 23.36   exim4-daemon-light
#15 23.36   fontconfig
#15 23.36   fontconfig-config
#15 23.36   fonts-dejavu-core
#15 23.36   fonts-dejavu-mono
#15 23.36   fonts-droid-fallback
#15 23.36   fonts-noto-mono
#15 23.36   fonts-urw-base35
#15 23.36   ghostscript
#15 23.36   gir1.2-freedesktop
#15 23.36   gir1.2-freedesktop-dev
#15 23.36   gir1.2-gdkpixbuf-2.0
#15 23.36   gir1.2-glib-2.0
#15 23.36   gir1.2-glib-2.0-dev
#15 23.36   gir1.2-harfbuzz-0.0
#15 23.36   gir1.2-pango-1.0
#15 23.36   gir1.2-rsvg-2.0
#15 23.36   girepository-tools
#15 23.36   git
#15 23.36   git-man
#15 23.36   gyp
#15 23.36   handlebars
#15 23.36   hicolor-icon-theme
#15 23.36   icu-devtools
#15 23.36   imagemagick-7-common
#15 23.36   imagemagick-7.q16
#15 23.36   javascript-common
#15 23.36   less
#15 23.36   libabsl20240722
#15 23.36   libaom3
#15 23.36   libapparmor1
#15 23.36   libarchive-zip-perl
#15 23.36   libauthen-sasl-perl
#15 23.36   libavahi-client3
#15 23.36   libavahi-common-data
#15 23.36   libavahi-common3
#15 23.36   libblkid-dev
#15 23.36   libbrotli-dev
#15 23.36   libbz2-dev
#15 23.36   libcairo-gobject2
#15 23.36   libcairo-script-interpreter2
#15 23.36   libcairo2
#15 23.36   libcairo2-dev
#15 23.36   libcares2
#15 23.36   libcbor0.10
#15 23.36   libclone-perl
#15 23.36   libcompress-raw-lzma-perl
#15 23.36   libcryptsetup12
#15 23.36   libcups2t64
#15 23.36   libcurl3t64-gnutls
#15 23.36   libdata-dump-perl
#15 23.36   libdatrie-dev
#15 23.36   libdatrie1
#15 23.36   libdav1d-dev
#15 23.36   libdav1d7
#15 23.36   libdbus-1-3
#15 23.36   libde265-0
#15 23.36   libdeflate-dev
#15 23.36   libdeflate0
#15 23.36   libdevmapper1.02.1
#15 23.36   libdjvulibre-dev
#15 23.36   libdjvulibre-text
#15 23.36   libdjvulibre21
#15 23.36   libdrm-amdgpu1
#15 23.36   libdrm-common
#15 23.36   libdrm-intel1
#15 23.36   libdrm2
#15 23.36   libedit2
#15 23.36   libegl-mesa0
#15 23.36   libegl1
#15 23.36   libelf1t64
#15 23.36   libencode-locale-perl
#15 23.36   liberror-perl
#15 23.36   libevent-2.1-7t64
#15 23.36   libexif-dev
#15 23.36   libexif-doc
#15 23.36   libexif12
#15 23.36   libexpat1
#15 23.36   libexpat1-dev
#15 23.36   libffi-dev
#15 23.36   libfftw3-bin
#15 23.36   libfftw3-dev
#15 23.36   libfftw3-double3
#15 23.36   libfftw3-long3
#15 23.36   libfftw3-quad3
#15 23.36   libfftw3-single3
#15 23.36   libfido2-1
#15 23.36   libfile-basedir-perl
#15 23.36   libfile-desktopentry-perl
#15 23.36   libfile-fcntllock-perl
#15 23.36   libfile-listing-perl
#15 23.36   libfile-mimeinfo-perl
#15 23.36   libfont-afm-perl
#15 23.36   libfontconfig-dev
#15 23.36   libfontconfig1
#15 23.36   libfontenc1
#15 23.36   libfreetype6
#15 23.36   libfribidi-dev
#15 23.36   libfribidi0
#15 23.36   libgbm1
#15 23.36   libgdk-pixbuf-2.0-0
#15 23.36   libgdk-pixbuf-2.0-dev
#15 23.36   libgdk-pixbuf2.0-bin
#15 23.36   libgdk-pixbuf2.0-common
#15 23.36   libgio-2.0-dev
#15 23.36   libgio-2.0-dev-bin
#15 23.36   libgirepository-2.0-0
#15 23.36   libgl1
#15 23.36   libgl1-mesa-dri
#15 23.36   libgles2
#15 23.36   libglib2.0-0t64
#15 23.36   libglib2.0-bin
#15 23.36   libglib2.0-data
#15 23.36   libglib2.0-dev
#15 23.36   libglib2.0-dev-bin
#15 23.36   libglvnd0
#15 23.36   libglx-mesa0
#15 23.36   libglx0
#15 23.36   libgnutls-dane0t64
#15 23.36   libgpm2
#15 23.36   libgraphite2-3
#15 23.36   libgraphite2-dev
#15 23.36   libgs-common
#15 23.36   libgs10
#15 23.36   libgs10-common
#15 23.36   libharfbuzz-cairo0
#15 23.36   libharfbuzz-dev
#15 23.36   libharfbuzz-gobject0
#15 23.36   libharfbuzz-icu0
#15 23.36   libharfbuzz-subset0
#15 23.36   libharfbuzz0b
#15 23.36   libheif-plugin-aomenc
#15 23.36   libheif-plugin-dav1d
#15 23.36   libheif-plugin-libde265
#15 23.36   libheif-plugin-x265
#15 23.36   libheif1
#15 23.36   libhtml-form-perl
#15 23.36   libhtml-format-perl
#15 23.36   libhtml-parser-perl
#15 23.36   libhtml-tagset-perl
#15 23.36   libhtml-tree-perl
#15 23.36   libhttp-cookies-perl
#15 23.36   libhttp-daemon-perl
#15 23.36   libhttp-date-perl
#15 23.36   libhttp-message-perl
#15 23.36   libhttp-negotiate-perl
#15 23.36   libice-dev
#15 23.36   libice6
#15 23.36   libicu-dev
#15 23.36   libicu76
#15 23.36   libidn12
#15 23.36   libijs-0.35
#15 23.36   libimath-3-1-29t64
#15 23.36   libimath-dev
#15 23.36   libio-compress-brotli-perl
#15 23.36   libio-html-perl
#15 23.36   libio-socket-ssl-perl
#15 23.36   libio-stringy-perl
#15 23.36   libipc-system-simple-perl
#15 23.36   libjbig-dev
#15 23.36   libjbig0
#15 23.36   libjbig2dec0
#15 23.36   libjpeg62-turbo
#15 23.36   libjpeg62-turbo-dev
#15 23.36   libjs-events
#15 23.36   libjs-inherits
#15 23.36   libjs-is-typedarray
#15 23.36   libjs-prettify
#15 23.36   libjs-regenerate
#15 23.36   libjs-source-map
#15 23.36   libjs-sprintf-js
#15 23.36   libjs-typedarray-to-buffer
#15 23.36   libjs-util
#15 23.36   libjson-c5
#15 23.36   libjxr-tools
#15 23.36   libjxr0t64
#15 23.36   libkmod2
#15 23.36   liblcms2-2
#15 23.36   liblcms2-dev
#15 23.36   liblerc-dev
#15 23.36   liblerc4
#15 23.36   libllvm19
#15 23.36   liblockfile-bin
#15 23.36   liblockfile1
#15 23.36   liblqr-1-0
#15 23.36   liblqr-1-0-dev
#15 23.36   libltdl-dev
#15 23.36   libltdl7
#15 23.36   liblwp-mediatypes-perl
#15 23.36   liblwp-protocol-https-perl
#15 23.36   liblzma-dev
#15 23.36   liblzo2-2
#15 23.36   libmagickcore-7-arch-config
#15 23.36   libmagickcore-7-headers
#15 23.36   libmagickcore-7.q16-10
#15 23.36   libmagickcore-7.q16-10-extra
#15 23.36   libmagickcore-7.q16-dev
#15 23.36   libmagickwand-7-headers
#15 23.36   libmagickwand-7.q16-10
#15 23.36   libmagickwand-7.q16-dev
#15 23.36   libmailtools-perl
#15 23.36   libmime-charset-perl
#15 23.36   libmount-dev
#15 23.36   libncursesw6
#15 23.36   libnet-dbus-perl
#15 23.36   libnet-http-perl
#15 23.36   libnet-smtp-ssl-perl
#15 23.36   libnet-ssleay-perl
#15 23.36   libnetpbm11t64
#15 23.36   libngtcp2-16
#15 23.36   libngtcp2-crypto-gnutls8
#15 23.36   libnode-dev
#15 23.36   libnode115
#15 23.36   libnotify-bin
#15 23.36   libnotify4
#15 23.36   libnsl2
#15 23.36   libnuma1
#15 23.36   libopenexr-3-1-30
#15 23.36   libopenexr-dev
#15 23.36   libopenjp2-7
#15 23.36   libopenjp2-7-dev
#15 23.36   libpango-1.0-0
#15 23.36   libpango1.0-dev
#15 23.36   libpangocairo-1.0-0
#15 23.36   libpangoft2-1.0-0
#15 23.36   libpangoxft-1.0-0
#15 23.36   libpaper-utils
#15 23.36   libpaper2
#15 23.36   libpciaccess0
#15 23.36   libpcre2-16-0
#15 23.36   libpcre2-32-0
#15 23.36   libpcre2-dev
#15 23.36   libpcre2-posix3
#15 23.36   libpixman-1-0
#15 23.36   libpixman-1-dev
#15 23.36   libpng-tools
#15 23.36   libpng16-16t64
#15 23.36   libpython3-stdlib
#15 23.36   libpython3.13-minimal
#15 23.36   libpython3.13-stdlib
#15 23.36   libraw23t64
#15 23.36   libre2-11
#15 23.36   librsvg2-2
#15 23.36   librsvg2-common
#15 23.36   librsvg2-dev
#15 23.36   libselinux1-dev
#15 23.36   libsensors-config
#15 23.36   libsensors5
#15 23.36   libsepol-dev
#15 23.36   libsharpyuv-dev
#15 23.36   libsharpyuv0
#15 23.36   libsm-dev
#15 23.36   libsm6
#15 23.36   libsombok3
#15 23.36   libssl-dev
#15 23.36   libsysprof-capture-4-dev
#15 23.36   libsystemd-shared
#15 23.36   libtext-iconv-perl
#15 23.36   libthai-data
#15 23.36   libthai-dev
#15 23.36   libthai0
#15 23.36   libtie-ixhash-perl
#15 23.36   libtiff-dev
#15 23.36   libtiff6
#15 23.36   libtiffxx6
#15 23.36   libtimedate-perl
#15 23.36   libtirpc-common
#15 23.36   libtirpc3t64
#15 23.36   libtool
#15 23.36   libtry-tiny-perl
#15 23.36   libunbound8
#15 23.36   libunicode-linebreak-perl
#15 23.36   liburi-perl
#15 23.36   libuv1-dev
#15 23.36   libuv1t64
#15 23.36   libvulkan1
#15 23.36   libwayland-client0
#15 23.36   libwayland-server0
#15 23.36   libwebp-dev
#15 23.36   libwebp7
#15 23.36   libwebpdecoder3
#15 23.36   libwebpdemux2
#15 23.36   libwebpmux3
#15 23.36   libwmf-0.2-7
#15 23.36   libwmf-dev
#15 23.36   libwmflite-0.2-7
#15 23.36   libwww-perl
#15 23.36   libwww-robotrules-perl
#15 23.36   libx11-6
#15 23.36   libx11-data
#15 23.36   libx11-dev
#15 23.36   libx11-protocol-perl
#15 23.36   libx11-xcb1
#15 23.36   libx265-215
#15 23.36   libxau-dev
#15 23.36   libxau6
#15 23.36   libxaw7
#15 23.36   libxcb-dri3-0
#15 23.36   libxcb-glx0
#15 23.36   libxcb-present0
#15 23.36   libxcb-randr0
#15 23.36   libxcb-render0
#15 23.36   libxcb-render0-dev
#15 23.36   libxcb-shape0
#15 23.36   libxcb-shm0
#15 23.36   libxcb-shm0-dev
#15 23.36   libxcb-sync1
#15 23.36   libxcb-xfixes0
#15 23.36   libxcb1
#15 23.36   libxcb1-dev
#15 23.36   libxcomposite1
#15 23.36   libxcursor1
#15 23.36   libxdmcp-dev
#15 23.36   libxdmcp6
#15 23.36   libxext-dev
#15 23.36   libxext6
#15 23.36   libxfixes3
#15 23.36   libxft-dev
#15 23.36   libxft2
#15 23.36   libxi6
#15 23.36   libxinerama1
#15 23.36   libxkbfile1
#15 23.36   libxml-parser-perl
#15 23.36   libxml-twig-perl
#15 23.36   libxml-xpathengine-perl
#15 23.36   libxmu6
#15 23.36   libxmuu1
#15 23.36   libxpm4
#15 23.36   libxrandr2
#15 23.36   libxrender-dev
#15 23.36   libxrender1
#15 23.36   libxshmfence1
#15 23.36   libxt-dev
#15 23.36   libxt6t64
#15 23.36   libxtst6
#15 23.36   libxv1
#15 23.36   libxxf86dga1
#15 23.36   libxxf86vm1
#15 23.36   libz3-4
#15 23.36   libzip5
#15 23.36   libzstd-dev
#15 23.36   linux-sysctl-defaults
#15 23.36   luit
#15 23.36   media-types
#15 23.36   mesa-libgallium
#15 23.36   mesa-vulkan-drivers
#15 23.36   native-architecture
#15 23.36   netbase
#15 23.36   netpbm
#15 23.36   node-abbrev
#15 23.36   node-acorn
#15 23.36   node-agent-base
#15 23.36   node-ajv
#15 23.36   node-ajv-keywords
#15 23.36   node-ampproject-remapping
#15 23.36   node-ansi-escapes
#15 23.36   node-ansi-regex
#15 23.36   node-ansi-styles
#15 23.36   node-anymatch
#15 23.36   node-aproba
#15 23.36   node-archy
#15 23.36   node-are-we-there-yet
#15 23.36   node-argparse
#15 23.36   node-arrify
#15 23.36   node-assert
#15 23.36   node-async
#15 23.36   node-async-each
#15 23.36   node-auto-bind
#15 23.36   node-babel-helper-define-polyfill-provider
#15 23.36   node-babel-plugin-add-module-exports
#15 23.36   node-babel-plugin-lodash
#15 23.36   node-babel-plugin-polyfill-corejs2
#15 23.36   node-babel-plugin-polyfill-corejs3
#15 23.36   node-babel-plugin-polyfill-regenerator
#15 23.36   node-babel7
#15 23.36   node-babel7-runtime
#15 23.36   node-balanced-match
#15 23.36   node-base
#15 23.36   node-base64-js
#15 23.36   node-binary-extensions
#15 23.36   node-brace-expansion
#15 23.36   node-braces
#15 23.36   node-browserslist
#15 23.36   node-builtins
#15 23.36   node-cacache
#15 23.36   node-cache-base
#15 23.36   node-camelcase
#15 23.36   node-caniuse-lite
#15 23.36   node-chalk
#15 23.36   node-chokidar
#15 23.36   node-chownr
#15 23.36   node-chrome-trace-event
#15 23.36   node-ci-info
#15 23.36   node-cjs-module-lexer
#15 23.36   node-cli-boxes
#15 23.36   node-cli-cursor
#15 23.36   node-cli-table
#15 23.36   node-cli-truncate
#15 23.36   node-cliui
#15 23.36   node-clone
#15 23.36   node-clone-deep
#15 23.36   node-collection-visit
#15 23.36   node-color-convert
#15 23.36   node-color-name
#15 23.36   node-colors
#15 23.36   node-columnify
#15 23.36   node-commander
#15 23.36   node-commondir
#15 23.36   node-concat-stream
#15 23.36   node-console-control-strings
#15 23.36   node-convert-source-map
#15 23.36   node-copy-concurrently
#15 23.36   node-core-js
#15 23.36   node-core-js-compat
#15 23.36   node-core-js-pure
#15 23.36   node-core-util-is
#15 23.36   node-corepack
#15 23.36   node-coveralls
#15 23.36   node-css-loader
#15 23.36   node-css-selector-tokenizer
#15 23.36   node-data-uri-to-buffer
#15 23.36   node-debbundle-es-to-primitive
#15 23.36   node-debug
#15 23.36   node-decamelize
#15 23.36   node-decompress-response
#15 23.36   node-deep-equal
#15 23.36   node-deep-is
#15 23.36   node-defaults
#15 23.36   node-define-properties
#15 23.36   node-define-property
#15 23.36   node-defined
#15 23.36   node-del
#15 23.36   node-delegates
#15 23.36   node-depd
#15 23.36   node-diff
#15 23.36   node-doctrine
#15 23.36   node-electron-to-chromium
#15 23.36   node-encoding
#15 23.36   node-enhanced-resolve
#15 23.36   node-envinfo
#15 23.36   node-err-code
#15 23.36   node-errno
#15 23.36   node-error-ex
#15 23.36   node-es-abstract
#15 23.36   node-es-module-lexer
#15 23.36   node-es6-error
#15 23.36   node-escape-string-regexp
#15 23.36   node-escodegen
#15 23.36   node-eslint-scope
#15 23.36   node-eslint-utils
#15 23.36   node-eslint-visitor-keys
#15 23.36   node-espree
#15 23.36   node-esprima
#15 23.36   node-esquery
#15 23.36   node-esrecurse
#15 23.36   node-estraverse
#15 23.36   node-esutils
#15 23.36   node-events
#15 23.36   node-execa
#15 23.36   node-fancy-log
#15 23.36   node-fast-deep-equal
#15 23.36   node-fast-levenshtein
#15 23.36   node-fetch
#15 23.36   node-file-entry-cache
#15 23.36   node-fill-range
#15 23.36   node-find-cache-dir
#15 23.36   node-find-up
#15 23.36   node-flat-cache
#15 23.36   node-flatted
#15 23.36   node-for-in
#15 23.36   node-for-own
#15 23.36   node-foreground-child
#15 23.36   node-fs-readdir-recursive
#15 23.36   node-fs-write-stream-atomic
#15 23.36   node-fs.realpath
#15 23.36   node-function-bind
#15 23.36   node-functional-red-black-tree
#15 23.36   node-gauge
#15 23.36   node-get-caller-file
#15 23.36   node-get-stream
#15 23.36   node-get-value
#15 23.36   node-glob
#15 23.36   node-glob-parent
#15 23.36   node-globals
#15 23.36   node-globby
#15 23.36   node-got
#15 23.36   node-graceful-fs
#15 23.36   node-growl
#15 23.36   node-gyp
#15 23.36   node-has-flag
#15 23.36   node-has-unicode
#15 23.36   node-has-value
#15 23.36   node-has-values
#15 23.36   node-hosted-git-info
#15 23.36   node-http-proxy-agent
#15 23.36   node-https-proxy-agent
#15 23.36   node-iconv-lite
#15 23.36   node-icss-utils
#15 23.36   node-ieee754
#15 23.36   node-iferr
#15 23.36   node-ignore
#15 23.36   node-imurmurhash
#15 23.36   node-indent-string
#15 23.36   node-inflight
#15 23.36   node-inherits
#15 23.36   node-ini
#15 23.36   node-interpret
#15 23.36   node-ip
#15 23.36   node-ip-regex
#15 23.36   node-is-arrayish
#15 23.36   node-is-binary-path
#15 23.36   node-is-buffer
#15 23.36   node-is-descriptor
#15 23.36   node-is-extendable
#15 23.36   node-is-extglob
#15 23.36   node-is-glob
#15 23.36   node-is-number
#15 23.36   node-is-path-cwd
#15 23.36   node-is-path-inside
#15 23.36   node-is-plain-obj
#15 23.36   node-is-plain-object
#15 23.36   node-is-primitive
#15 23.36   node-is-stream
#15 23.36   node-is-typedarray
#15 23.36   node-is-windows
#15 23.36   node-isarray
#15 23.36   node-isexe
#15 23.36   node-isobject
#15 23.36   node-istanbul
#15 23.36   node-jest-debbundle
#15 23.36   node-jest-worker
#15 23.36   node-js-tokens
#15 23.36   node-js-yaml
#15 23.36   node-jsesc
#15 23.36   node-json-buffer
#15 23.36   node-json-parse-better-errors
#15 23.36   node-json-schema
#15 23.36   node-json-schema-traverse
#15 23.36   node-json-stable-stringify
#15 23.36   node-json5
#15 23.36   node-jsonify
#15 23.36   node-jsonparse
#15 23.36   node-kind-of
#15 23.36   node-lcov-parse
#15 23.36   node-levn
#15 23.36   node-loader-runner
#15 23.36   node-locate-path
#15 23.36   node-lodash
#15 23.36   node-lodash-packages
#15 23.36   node-log-driver
#15 23.36   node-lowercase-keys
#15 23.36   node-lru-cache
#15 23.36   node-make-dir
#15 23.36   node-map-visit
#15 23.36   node-memfs
#15 23.36   node-memory-fs
#15 23.36   node-merge-stream
#15 23.36   node-micromatch
#15 23.36   node-mime
#15 23.36   node-mime-types
#15 23.36   node-mimic-fn
#15 23.36   node-mimic-response
#15 23.36   node-minimatch
#15 23.36   node-minimist
#15 23.36   node-minipass
#15 23.36   node-mixin-deep
#15 23.36   node-mkdirp
#15 23.36   node-move-concurrently
#15 23.36   node-ms
#15 23.36   node-mute-stream
#15 23.36   node-n3
#15 23.36   node-negotiator
#15 23.36   node-neo-async
#15 23.36   node-nopt
#15 23.36   node-normalize-package-data
#15 23.36   node-normalize-path
#15 23.36   node-npm-bundled
#15 23.36   node-npm-package-arg
#15 23.36   node-npm-run-path
#15 23.36   node-npmlog
#15 23.36   node-object-assign
#15 23.36   node-object-inspect
#15 23.36   node-object-visit
#15 23.36   node-once
#15 23.36   node-opener
#15 23.36   node-optimist
#15 23.36   node-optionator
#15 23.36   node-osenv
#15 23.36   node-p-cancelable
#15 23.36   node-p-limit
#15 23.36   node-p-locate
#15 23.36   node-p-map
#15 23.36   node-parse-json
#15 23.36   node-pascalcase
#15 23.36   node-path-dirname
#15 23.36   node-path-exists
#15 23.36   node-path-is-absolute
#15 23.36   node-path-is-inside
#15 23.36   node-path-type
#15 23.36   node-picocolors
#15 23.36   node-pify
#15 23.36   node-pkg-dir
#15 23.36   node-postcss
#15 23.36   node-postcss-modules-extract-imports
#15 23.36   node-postcss-modules-values
#15 23.36   node-postcss-value-parser
#15 23.36   node-prelude-ls
#15 23.36   node-process-nextick-args
#15 23.36   node-progress
#15 23.36   node-promise-inflight
#15 23.36   node-promise-retry
#15 23.36   node-promzard
#15 23.36   node-prr
#15 23.36   node-punycode
#15 23.36   node-quick-lru
#15 23.36   node-randombytes
#15 23.36   node-re2
#15 23.36   node-read
#15 23.36   node-read-package-json
#15 23.36   node-read-pkg
#15 23.36   node-readable-stream
#15 23.36   node-readdirp
#15 23.36   node-rechoir
#15 23.36   node-regenerate
#15 23.36   node-regenerate-unicode-properties
#15 23.36   node-regenerator-runtime
#15 23.36   node-regenerator-transform
#15 23.36   node-regexpp
#15 23.36   node-regexpu-core
#15 23.36   node-regjsgen
#15 23.36   node-regjsparser
#15 23.36   node-repeat-string
#15 23.36   node-require-directory
#15 23.36   node-require-from-string
#15 23.36   node-resolve
#15 23.36   node-resolve-cwd
#15 23.36   node-resolve-from
#15 23.36   node-restore-cursor
#15 23.36   node-resumer
#15 23.36   node-retry
#15 23.36   node-rimraf
#15 23.36   node-run-queue
#15 23.36   node-safe-buffer
#15 23.36   node-schema-utils
#15 23.36   node-sellside-emitter
#15 23.36   node-semver
#15 23.36   node-serialize-javascript
#15 23.36   node-set-blocking
#15 23.36   node-set-immediate-shim
#15 23.36   node-set-value
#15 23.36   node-shebang-command
#15 23.36   node-shebang-regex
#15 23.36   node-shell-quote
#15 23.36   node-signal-exit
#15 23.36   node-slash
#15 23.36   node-slice-ansi
#15 23.36   node-source-list-map
#15 23.36   node-source-map
#15 23.36   node-source-map-support
#15 23.36   node-spdx-correct
#15 23.36   node-spdx-exceptions
#15 23.36   node-spdx-expression-parse
#15 23.36   node-spdx-license-ids
#15 23.36   node-sprintf-js
#15 23.36   node-ssri
#15 23.36   node-stack-utils
#15 23.36   node-string-decoder
#15 23.36   node-string-width
#15 23.36   node-strip-ansi
#15 23.36   node-strip-bom
#15 23.36   node-strip-eof
#15 23.36   node-strip-json-comments
#15 23.36   node-supports-color
#15 23.36   node-tap
#15 23.36   node-tap-mocha-reporter
#15 23.36   node-tap-parser
#15 23.36   node-tapable
#15 23.36   node-tape
#15 23.36   node-tar
#15 23.36   node-terser
#15 23.36   node-text-table
#15 23.36   node-through
#15 23.36   node-time-stamp
#15 23.36   node-to-fast-properties
#15 23.36   node-to-regex-range
#15 23.36   node-tslib
#15 23.36   node-type-check
#15 23.36   node-typedarray
#15 23.36   node-typedarray-to-buffer
#15 23.36   node-undici
#15 23.36   node-unicode-canonical-property-names-ecmascript
#15 23.36   node-unicode-match-property-ecmascript
#15 23.36   node-unicode-match-property-value-ecmascript
#15 23.36   node-unicode-property-aliases-ecmascript
#15 23.36   node-union-value
#15 23.36   node-unique-filename
#15 23.36   node-unset-value
#15 23.36   node-uri-js
#15 23.36   node-util
#15 23.36   node-util-deprecate
#15 23.36   node-uuid
#15 23.36   node-v8-compile-cache
#15 23.36   node-v8flags
#15 23.36   node-validate-npm-package-license
#15 23.36   node-validate-npm-package-name
#15 23.36   node-watchpack
#15 23.36   node-wcwidth.js
#15 23.36   node-webassemblyjs
#15 23.36   node-webpack-sources
#15 23.36   node-which
#15 23.36   node-wide-align
#15 23.36   node-widest-line
#15 23.36   node-wordwrap
#15 23.36   node-wrap-ansi
#15 23.36   node-wrappy
#15 23.36   node-write
#15 23.36   node-write-file-atomic
#15 23.36   node-ws
#15 23.36   node-xtend
#15 23.36   node-y18n
#15 23.36   node-yallist
#15 23.36   node-yaml
#15 23.36   node-yargs
#15 23.36   node-yargs-parser
#15 23.36   nodejs-doc
#15 23.36   openssh-client
#15 23.36   pango1.0-tools
#15 23.36   perl-openssl-defaults
#15 23.36   poppler-data
#15 23.36   psmisc
#15 23.36   python3
#15 23.36   python3-autocommand
#15 23.36   python3-inflect
#15 23.36   python3-jaraco.context
#15 23.36   python3-jaraco.functools
#15 23.36   python3-minimal
#15 23.36   python3-more-itertools
#15 23.36   python3-packaging
#15 23.36   python3-pkg-resources
#15 23.36   python3-typeguard
#15 23.36   python3-typing-extensions
#15 23.36   python3.13
#15 23.36   python3.13-minimal
#15 23.36   sensible-utils
#15 23.36   shared-mime-info
#15 23.36   systemd
#15 23.36   systemd-cryptsetup
#15 23.36   systemd-timesyncd
#15 23.36   terser
#15 23.36   uuid-dev
#15 23.36   webpack
#15 23.36   x11-common
#15 23.36   x11-utils
#15 23.36   x11-xserver-utils
#15 23.36   x11proto-dev
#15 23.36   xauth
#15 23.36   xdg-user-dirs
#15 23.36   xdg-utils
#15 23.36   xfonts-encodings
#15 23.36   xfonts-utils
#15 23.36   xorg-sgml-doctools
#15 23.36   xtrans-dev
#15 23.36   zipcmp
#15 23.36   zipmerge
#15 23.36   ziptool
#15 23.36   zutty
#15 23.36 
#15 23.37 Suggested packages:
#15 23.37   autoconf-doc              libtool-doc
#15 23.37   gnu-standards             libcrypt-ssleay-perl
#15 23.37   anacron                   liblzma-doc
#15 23.37   logrotate                 inkscape
#15 23.37   checksecurity             libencode-eucjpascii-perl
#15 23.37   supercat                  libencode-hanextra-perl
#15 23.37   bat                       libpod2-base-perl
#15 23.37   default-dbus-session-bus  notification-daemon
#15 23.37   | dbus-session-bus        libpango1.0-doc
#15 23.37   node-babel-eslint         pciutils
#15 23.37   node-esprima-fb           librsvg2-bin
#15 23.37   node-inquirer             librsvg2-doc
#15 23.37   exim4-doc-html            lm-sensors
#15 23.37   | exim4-doc-info          libsm-doc
#15 23.37   eximon4                   libssl-doc
#15 23.37   spf-tools-perl            libarchive13t64
#15 23.37   swaks                     libbpf1
#15 23.37   fonts-noto                libdw1t64
#15 23.37   fonts-freefont-otf        libgcrypt20
#15 23.37   | fonts-freefont-ttf      libip4tc2
#15 23.37   fonts-texgyre             libpwquality1
#15 23.37   texlive-binaries          libqrencode4
#15 23.37   gettext-base              libtss2-rc0t64
#15 23.37   git-doc                   libthai-doc
#15 23.37   git-email                 gfortran
#15 23.37   git-gui                   | fortran95-compiler
#15 23.37   gitk                      gcj-jdk
#15 23.37   gitweb                    libsub-name-perl
#15 23.37   git-cvs                   libbusiness-isbn-perl
#15 23.37   git-mediawiki             libmime-base32-perl
#15 23.37   git-svn                   libregexp-ipv6-perl
#15 23.37   imagemagick-7-doc         libuv1-doc
#15 23.37   autotrace                 libwmf-0.2-7-gtk
#15 23.37   cups-bsd                  libwmf-doc
#15 23.37   | lpr                     libauthen-ntlm-perl
#15 23.37   | lprng                   libx11-doc
#15 23.37   enscript                  libxcb-doc
#15 23.37   ffmpeg                    libxext-doc
#15 23.37   gimp                      libunicode-map8-perl
#15 23.37   gnuplot                   libunicode-string-perl
#15 23.37   grads                     xml-twig-tools
#15 23.37   graphviz                  libxt-doc
#15 23.37   groff-base                node-babel-plugin-polyfill-es-shims
#15 23.37   hp2xx                     node-babel7-debug
#15 23.37   html2ps                   livescript
#15 23.37   libwmf-bin                chai
#15 23.37   mplayer                   node-jest-diff
#15 23.37   povray                    keychain
#15 23.37   radiance                  libpam-ssh
#15 23.37   sane-utils                monkeysphere
#15 23.37   texlive-base-bin          ssh-askpass
#15 23.37   transfig                  graphicsmagick
#15 23.37   libraw-bin                debhelper
#15 23.37   apache2                   poppler-utils
#15 23.37   | lighttpd                fonts-japanese-mincho
#15 23.37   | httpd                   | fonts-ipafont-mincho
#15 23.37   libdigest-hmac-perl       fonts-japanese-gothic
#15 23.37   libgssapi-perl            | fonts-ipafont-gothic
#15 23.37   libcairo2-doc             fonts-arphic-ukai
#15 23.37   cups-common               fonts-arphic-uming
#15 23.37   libdatrie-doc             fonts-nanum
#15 23.37   libfftw3-doc              python3-doc
#15 23.37   freetype2-doc             python3-tk
#15 23.37   libglib2.0-doc            python3-venv
#15 23.37   libxml2-utils             python3-setuptools
#15 23.37   low-memory-monitor        python3.13-venv
#15 23.37   dns-root-data             python3.13-doc
#15 23.37   gpm                       binfmt-support
#15 23.37   libgraphite2-utils        supervisor-doc
#15 23.37   libheif-plugin-ffmpegdec  systemd-container
#15 23.37   libheif-plugin-jpegdec    systemd-homed
#15 23.37   libheif-plugin-jpegenc    systemd-userdbd
#15 23.37   libheif-plugin-j2kdec     systemd-boot
#15 23.37   libheif-plugin-j2kenc     systemd-resolved
#15 23.37   libheif-plugin-kvazaar    systemd-repart
#15 23.37   libheif-plugin-rav1e      libtss2-tcti-device0
#15 23.37   libheif-plugin-svtenc     polkitd
#15 23.37   libice-doc                mesa-utils
#15 23.37   icu-doc                   nickle
#15 23.37   libposix-strptime-perl    cairo-5c
#15 23.37   libjs-angularjs           xorg-docs-core
#15 23.37   liblcms2-utils
#15 23.37 
#15 24.28 Summary:
#15 24.28   Upgrading: 21, Installing: 798, Removing: 0, Not Upgrading: 23
#15 24.28   Download size: 250 MB
#15 24.28   Space needed: 1062 MB / 994 GB available
#15 24.28 
#15 24.28 Get:1 http://deb.debian.org/debian-security trixie-security/main amd64 bsdutils amd64 1:2.41.5-0+deb13u1 [110 kB]
#15 24.87 Get:2 http://deb.debian.org/debian-security trixie-security/main amd64 liblastlog2-2 amd64 2.41.5-0+deb13u1 [28.8 kB]
#15 24.90 Get:3 http://deb.debian.org/debian-security trixie-security/main amd64 libblkid1 amd64 2.41.5-0+deb13u1 [172 kB]
#15 25.40 Get:4 http://deb.debian.org/debian-security trixie-security/main amd64 libmount1 amd64 2.41.5-0+deb13u1 [210 kB]
#15 25.71 Get:5 http://deb.debian.org/debian-security trixie-security/main amd64 libsmartcols1 amd64 2.41.5-0+deb13u1 [143 kB]
#15 26.05 Get:6 http://deb.debian.org/debian-security trixie-security/main amd64 mount amd64 2.41.5-0+deb13u1 [163 kB]
#15 26.08 Get:7 http://deb.debian.org/debian-security trixie-security/main amd64 libuuid1 amd64 2.41.5-0+deb13u1 [37.8 kB]
#15 26.09 Get:8 http://deb.debian.org/debian-security trixie-security/main amd64 util-linux amd64 2.41.5-0+deb13u1 [1242 kB]
#15 27.13 Get:9 http://deb.debian.org/debian-security trixie-security/main amd64 login amd64 1:4.16.0-2+really2.41.5-0+deb13u1 [115 kB]
#15 27.16 Get:10 http://deb.debian.org/debian-security trixie-security/main amd64 openssl-provider-legacy amd64 3.5.7-1~deb13u2 [316 kB]
#15 27.21 Get:11 http://deb.debian.org/debian-security trixie-security/main amd64 libssl3t64 amd64 3.5.7-1~deb13u2 [2454 kB]
#15 28.24 Get:12 http://deb.debian.org/debian trixie/main amd64 libsystemd-shared amd64 257.13-1~deb13u1 [2155 kB]
#15 28.97 Get:13 http://deb.debian.org/debian trixie/main amd64 libapparmor1 amd64 4.1.0-1 [43.7 kB]
#15 29.22 Get:14 http://deb.debian.org/debian trixie/main amd64 libsystemd0 amd64 257.13-1~deb13u1 [455 kB]
#15 29.56 Get:15 http://deb.debian.org/debian trixie/main amd64 systemd amd64 257.13-1~deb13u1 [3094 kB]
#15 30.48 Get:16 http://deb.debian.org/debian trixie/main amd64 cron-daemon-common all 3.0pl1-197 [17.8 kB]
#15 30.48 Get:17 http://deb.debian.org/debian trixie/main amd64 sensible-utils all 0.0.25 [25.0 kB]
#15 30.49 Get:18 http://deb.debian.org/debian trixie/main amd64 cron amd64 3.0pl1-197 [87.4 kB]
#15 30.56 Get:19 http://deb.debian.org/debian trixie/main amd64 libdbus-1-3 amd64 1.16.2-2 [178 kB]
#15 30.62 Get:20 http://deb.debian.org/debian trixie/main amd64 dbus-bin amd64 1.16.2-2 [80.0 kB]
#15 30.66 Get:21 http://deb.debian.org/debian trixie/main amd64 dbus-session-bus-common all 1.16.2-2 [52.3 kB]
#15 30.66 Get:22 http://deb.debian.org/debian-security trixie-security/main amd64 libexpat1 amd64 2.8.3-1~deb13u1 [123 kB]
#15 30.72 Get:23 http://deb.debian.org/debian trixie/main amd64 dbus-daemon amd64 1.16.2-2 [159 kB]
#15 30.75 Get:24 http://deb.debian.org/debian trixie/main amd64 dbus-system-bus-common all 1.16.2-2 [53.5 kB]
#15 30.78 Get:25 http://deb.debian.org/debian trixie/main amd64 dbus amd64 1.16.2-2 [71.6 kB]
#15 30.79 Get:26 http://deb.debian.org/debian-security trixie-security/main amd64 imagemagick-7-common all 8:7.1.1.43+dfsg1-1+deb13u11 [76.8 kB]
#15 30.85 Get:27 http://deb.debian.org/debian-security trixie-security/main amd64 libmagickcore-7-headers all 8:7.1.1.43+dfsg1-1+deb13u11 [50.4 kB]
#15 30.85 Get:28 http://deb.debian.org/debian-security trixie-security/main amd64 libmagickcore-7-arch-config amd64 8:7.1.1.43+dfsg1-1+deb13u11 [37.1 kB]
#15 31.06 Get:29 http://deb.debian.org/debian trixie/main amd64 libfftw3-double3 amd64 3.3.10-2+b1 [781 kB]
#15 31.33 Get:30 http://deb.debian.org/debian trixie/main amd64 libpng16-16t64 amd64 1.6.48-1+deb13u5 [283 kB]
#15 ...

#12 [freeswitch stage-0 2/6] RUN apt-get update && apt-get install -y --no-install-recommends         gnupg2 wget lsb-release software-properties-common apt-transport-https curl         ca-certificates git cmake pkg-config build-essential libssl-dev zlib1g-dev libevent-dev libspeexdsp-dev     && rm -rf /var/lib/apt/lists/*
#12 45.69 Get:13 http://deb.debian.org/debian bookworm/main amd64 systemd-sysv amd64 252.39-1~deb12u2 [42.9 kB]
#12 45.78 Get:14 http://deb.debian.org/debian bookworm/main amd64 libdbus-1-3 amd64 1.14.10-1~deb12u1 [201 kB]
#12 46.30 Get:15 http://deb.debian.org/debian bookworm/main amd64 dbus-bin amd64 1.14.10-1~deb12u1 [105 kB]
#12 46.37 Get:16 http://deb.debian.org/debian bookworm/main amd64 dbus-session-bus-common all 1.14.10-1~deb12u1 [78.2 kB]
#12 46.54 Get:17 http://deb.debian.org/debian bookworm/main amd64 libexpat1 amd64 2.5.0-1+deb12u2 [99.9 kB]
#12 46.73 Get:18 http://deb.debian.org/debian bookworm/main amd64 dbus-daemon amd64 1.14.10-1~deb12u1 [184 kB]
#12 47.21 Get:19 http://deb.debian.org/debian bookworm/main amd64 dbus-system-bus-common all 1.14.10-1~deb12u1 [79.3 kB]
#12 47.36 Get:20 http://deb.debian.org/debian bookworm/main amd64 dbus amd64 1.14.10-1~deb12u1 [97.4 kB]
#12 47.84 Get:21 http://deb.debian.org/debian bookworm/main amd64 perl-modules-5.36 all 5.36.0-7+deb12u3 [2815 kB]
#12 52.96 Get:22 http://deb.debian.org/debian bookworm/main amd64 libgdbm6 amd64 1.23-3 [72.2 kB]
#12 53.10 Get:23 http://deb.debian.org/debian bookworm/main amd64 libgdbm-compat4 amd64 1.23-3 [48.2 kB]
#12 53.17 Get:24 http://deb.debian.org/debian bookworm/main amd64 libperl5.36 amd64 5.36.0-7+deb12u3 [4196 kB]
#12 ...

#15 [heroescrm  4/13] RUN apt update && apt install -y         nodejs         npm         libpng-dev         libjpeg-dev         libfreetype6-dev         zlib1g-dev         libxml2-dev         libzip-dev         libonig-dev         zip         curl         unzip         libsodium-dev         cron         exiftool         libmagickwand-dev         imagemagick                   supervisor     && docker-php-ext-install -j$(nproc) gd         pdo_mysql         mysqli         zip         pcntl         sodium         exif     && pecl install imagick         redis     && docker-php-ext-enable exif         imagick     && docker-php-source delete
#15 31.61 Get:31 http://deb.debian.org/debian trixie/main amd64 libfreetype6 amd64 2.13.3+dfsg-1+deb13u1 [452 kB]
#15 31.74 Get:32 http://deb.debian.org/debian trixie/main amd64 fonts-dejavu-mono all 2.37-8 [489 kB]
#15 32.24 Get:33 http://deb.debian.org/debian trixie/main amd64 fonts-dejavu-core all 2.37-8 [840 kB]
#15 32.50 Get:34 http://deb.debian.org/debian trixie/main amd64 libfontenc1 amd64 1:1.1.8-1+b2 [23.3 kB]
#15 32.51 Get:35 http://deb.debian.org/debian trixie/main amd64 x11-common all 1:7.7+24+deb13u1 [217 kB]
#15 32.95 Get:36 http://deb.debian.org/debian trixie/main amd64 xfonts-encodings all 1:1.0.4-2.2 [577 kB]
#15 33.09 Get:37 http://deb.debian.org/debian trixie/main amd64 xfonts-utils amd64 1:7.7+7 [93.3 kB]
#15 33.23 Get:38 http://deb.debian.org/debian trixie/main amd64 fonts-urw-base35 all 20200910-8 [10.8 MB]
#15 38.05 Get:39 http://deb.debian.org/debian trixie/main amd64 fontconfig-config amd64 2.15.0-2.3 [318 kB]
#15 38.15 Get:40 http://deb.debian.org/debian trixie/main amd64 libfontconfig1 amd64 2.15.0-2.3 [392 kB]
#15 38.38 Get:41 http://deb.debian.org/debian trixie/main amd64 libsharpyuv0 amd64 1.5.0-0.1 [116 kB]
#15 38.44 Get:42 http://deb.debian.org/debian trixie/main amd64 libdav1d7 amd64 1.5.1-1 [559 kB]
#15 38.68 Get:43 http://deb.debian.org/debian-security trixie-security/main amd64 libheif-plugin-dav1d amd64 1.19.8-1+deb13u1 [11.9 kB]
#15 38.91 Get:44 http://deb.debian.org/debian-security trixie-security/main amd64 libde265-0 amd64 1.0.15-1+deb13u1 [190 kB]
#15 38.98 Get:45 http://deb.debian.org/debian-security trixie-security/main amd64 libheif-plugin-libde265 amd64 1.19.8-1+deb13u1 [15.5 kB]
#15 38.98 Get:46 http://deb.debian.org/debian-security trixie-security/main amd64 libheif1 amd64 1.19.8-1+deb13u1 [522 kB]
#15 39.22 Get:47 http://deb.debian.org/debian trixie/main amd64 libjbig0 amd64 2.1-6.1+b2 [32.1 kB]
#15 39.50 Get:48 http://deb.debian.org/debian trixie/main amd64 libjpeg62-turbo amd64 1:2.1.5-4 [168 kB]
#15 39.54 Get:49 http://deb.debian.org/debian trixie/main amd64 liblcms2-2 amd64 2.16-2+deb13u2 [160 kB]
#15 39.60 Get:50 http://deb.debian.org/debian trixie/main amd64 libglib2.0-0t64 amd64 2.84.4-3~deb13u3 [1519 kB]
#15 40.33 Get:51 http://deb.debian.org/debian trixie/main amd64 liblqr-1-0 amd64 0.4.2-2.1+b2 [29.5 kB]
#15 40.36 Get:52 http://deb.debian.org/debian trixie/main amd64 libltdl7 amd64 2.5.4-4 [416 kB]
#15 40.72 Get:53 http://deb.debian.org/debian trixie/main amd64 liblzma5 amd64 5.8.1-1+deb13u1 [309 kB]
#15 41.04 Get:54 http://deb.debian.org/debian trixie/main amd64 libopenjp2-7 amd64 2.5.3-2.1~deb13u2 [205 kB]
#15 41.17 Get:55 http://deb.debian.org/debian trixie/main amd64 libraw23t64 amd64 0.21.4-2 [390 kB]
#15 41.28 Get:56 http://deb.debian.org/debian trixie/main amd64 libdeflate0 amd64 1.23-2 [47.3 kB]
#15 41.30 Get:57 http://deb.debian.org/debian trixie/main amd64 liblerc4 amd64 4.0.0+ds-5 [183 kB]
#15 41.62 Get:58 http://deb.debian.org/debian trixie/main amd64 libwebp7 amd64 1.5.0-0.1 [318 kB]
#15 41.90 Get:59 http://deb.debian.org/debian-security trixie-security/main amd64 libtiff6 amd64 4.7.0-3+deb13u3 [345 kB]
#15 42.26 Get:60 http://deb.debian.org/debian trixie/main amd64 libwebpdemux2 amd64 1.5.0-0.1 [113 kB]
#15 42.53 Get:61 http://deb.debian.org/debian trixie/main amd64 libwebpmux3 amd64 1.5.0-0.1 [126 kB]
#15 42.62 Get:62 http://deb.debian.org/debian trixie/main amd64 libxau6 amd64 1:1.0.11-1 [20.4 kB]
#15 42.64 Get:63 http://deb.debian.org/debian trixie/main amd64 libxdmcp6 amd64 1:1.1.5-1 [27.8 kB]
#15 42.65 Get:64 http://deb.debian.org/debian trixie/main amd64 libxcb1 amd64 1.17.0-2+b1 [144 kB]
#15 42.87 Get:65 http://deb.debian.org/debian trixie/main amd64 libx11-data all 2:1.8.12-1 [343 kB]
#15 43.18 Get:66 http://deb.debian.org/debian trixie/main amd64 libx11-6 amd64 2:1.8.12-1 [815 kB]
#15 43.53 Get:67 http://deb.debian.org/debian trixie/main amd64 libxext6 amd64 2:1.3.4-1+b3 [50.4 kB]
#15 43.54 Get:68 http://deb.debian.org/debian trixie/main amd64 libxml2 amd64 2.12.7+dfsg+really2.9.14-2.1+deb13u3 [700 kB]
#15 44.06 Get:69 http://deb.debian.org/debian-security trixie-security/main amd64 libmagickcore-7.q16-10 amd64 8:7.1.1.43+dfsg1-1+deb13u11 [1859 kB]
#15 45.56 Get:70 http://deb.debian.org/debian trixie/main amd64 libpixman-1-0 amd64 0.44.0-3 [248 kB]
#15 45.70 Get:71 http://deb.debian.org/debian trixie/main amd64 libxcb-render0 amd64 1.17.0-2+b1 [115 kB]
#15 45.74 Get:72 http://deb.debian.org/debian trixie/main amd64 libxcb-shm0 amd64 1.17.0-2+b1 [105 kB]
#15 45.76 Get:73 http://deb.debian.org/debian trixie/main amd64 libxrender1 amd64 1:0.9.12-1 [27.9 kB]
#15 45.77 Get:74 http://deb.debian.org/debian trixie/main amd64 libcairo2 amd64 1.18.4-1+b1 [538 kB]
#15 ...

#12 [freeswitch stage-0 2/6] RUN apt-get update && apt-get install -y --no-install-recommends         gnupg2 wget lsb-release software-properties-common apt-transport-https curl         ca-certificates git cmake pkg-config build-essential libssl-dev zlib1g-dev libevent-dev libspeexdsp-dev     && rm -rf /var/lib/apt/lists/*
#12 60.09 Get:25 http://deb.debian.org/debian bookworm/main amd64 perl amd64 5.36.0-7+deb12u3 [239 kB]
#12 60.61 Get:26 http://deb.debian.org/debian bookworm/main amd64 libpython3.11-minimal amd64 3.11.2-6+deb12u8 [818 kB]
#12 61.74 Get:27 http://deb.debian.org/debian bookworm/main amd64 python3.11-minimal amd64 3.11.2-6+deb12u8 [2065 kB]
#12 65.26 Get:28 http://deb.debian.org/debian bookworm/main amd64 python3-minimal amd64 3.11.2-1+b1 [26.3 kB]
#12 65.28 Get:29 http://deb.debian.org/debian bookworm/main amd64 media-types all 10.0.0 [26.1 kB]
#12 65.37 Get:30 http://deb.debian.org/debian bookworm/main amd64 libncursesw6 amd64 6.4-4 [134 kB]
#12 65.63 Get:31 http://deb.debian.org/debian bookworm/main amd64 libkrb5support0 amd64 1.20.1-2+deb12u5 [33.2 kB]
#12 65.64 Get:32 http://deb.debian.org/debian bookworm/main amd64 libk5crypto3 amd64 1.20.1-2+deb12u5 [79.7 kB]
#12 65.79 Get:33 http://deb.debian.org/debian bookworm/main amd64 libkeyutils1 amd64 1.6.3-2 [8808 B]
#12 65.81 Get:34 http://deb.debian.org/debian bookworm/main amd64 libkrb5-3 amd64 1.20.1-2+deb12u5 [332 kB]
#12 66.56 Get:35 http://deb.debian.org/debian bookworm/main amd64 libgssapi-krb5-2 amd64 1.20.1-2+deb12u5 [135 kB]
#12 66.70 Get:36 http://deb.debian.org/debian bookworm/main amd64 libtirpc-common all 1.3.3+ds-1 [14.0 kB]
#12 66.80 Get:37 http://deb.debian.org/debian bookworm/main amd64 libtirpc3 amd64 1.3.3+ds-1 [85.2 kB]
#12 66.90 Get:38 http://deb.debian.org/debian bookworm/main amd64 libnsl2 amd64 1.3.0-2 [39.5 kB]
#12 66.95 Get:39 http://deb.debian.org/debian bookworm/main amd64 readline-common all 8.2-1.3 [69.0 kB]
#12 67.09 Get:40 http://deb.debian.org/debian bookworm/main amd64 libreadline8 amd64 8.2-1.3 [166 kB]
#12 67.60 Get:41 http://deb.debian.org/debian bookworm/main amd64 libsqlite3-0 amd64 3.40.1-2+deb12u2 [839 kB]
#12 ...

#15 [heroescrm  4/13] RUN apt update && apt install -y         nodejs         npm         libpng-dev         libjpeg-dev         libfreetype6-dev         zlib1g-dev         libxml2-dev         libzip-dev         libonig-dev         zip         curl         unzip         libsodium-dev         cron         exiftool         libmagickwand-dev         imagemagick                   supervisor     && docker-php-ext-install -j$(nproc) gd         pdo_mysql         mysqli         zip         pcntl         sodium         exif     && pecl install imagick         redis     && docker-php-ext-enable exif         imagick     && docker-php-source delete
#15 46.01 Get:75 http://deb.debian.org/debian trixie/main amd64 libdjvulibre-text all 3.5.28-2.2 [52.0 kB]
#15 46.33 Get:76 http://deb.debian.org/debian trixie/main amd64 libdjvulibre21 amd64 3.5.28-2.2 [610 kB]
#15 46.82 Get:77 http://deb.debian.org/debian-security trixie-security/main amd64 libmagickwand-7.q16-10 amd64 8:7.1.1.43+dfsg1-1+deb13u11 [354 kB]
#15 46.95 Get:78 http://deb.debian.org/debian trixie/main amd64 libimath-3-1-29t64 amd64 3.1.12-1+b3 [45.5 kB]
#15 46.96 Get:79 http://deb.debian.org/debian trixie/main amd64 libopenexr-3-1-30 amd64 3.1.13-2 [945 kB]
#15 47.84 Get:80 http://deb.debian.org/debian trixie/main amd64 fontconfig amd64 2.15.0-2.3 [463 kB]
#15 48.13 Get:81 http://deb.debian.org/debian trixie/main amd64 libfribidi0 amd64 1.0.16-1 [26.5 kB]
#15 48.14 Get:82 http://deb.debian.org/debian trixie/main amd64 libgraphite2-3 amd64 1.3.14-2+deb13u1 [75.2 kB]
#15 48.17 Get:83 http://deb.debian.org/debian trixie/main amd64 libharfbuzz0b amd64 10.2.0-1+deb13u1 [479 kB]
#15 48.69 Get:84 http://deb.debian.org/debian trixie/main amd64 libthai-data all 0.1.29-2 [168 kB]
#15 48.78 Get:85 http://deb.debian.org/debian trixie/main amd64 libdatrie1 amd64 0.2.13-3+b1 [38.1 kB]
#15 48.78 Get:86 http://deb.debian.org/debian trixie/main amd64 libthai0 amd64 0.1.29-2+b1 [49.4 kB]
#15 48.86 Get:87 http://deb.debian.org/debian trixie/main amd64 libpango-1.0-0 amd64 1.56.3-1 [226 kB]
#15 48.99 Get:88 http://deb.debian.org/debian trixie/main amd64 libpangoft2-1.0-0 amd64 1.56.3-1 [55.6 kB]
#15 49.01 Get:89 http://deb.debian.org/debian trixie/main amd64 libpangocairo-1.0-0 amd64 1.56.3-1 [35.7 kB]
#15 49.01 Get:90 http://deb.debian.org/debian trixie/main amd64 libwmflite-0.2-7 amd64 0.2.13-1.1+b3 [75.6 kB]
#15 49.07 Get:91 http://deb.debian.org/debian-security trixie-security/main amd64 libmagickcore-7.q16-10-extra amd64 8:7.1.1.43+dfsg1-1+deb13u11 [82.3 kB]
#15 49.10 Get:92 http://deb.debian.org/debian trixie/main amd64 libbz2-dev amd64 1.0.8-6 [31.4 kB]
#15 49.32 Get:93 http://deb.debian.org/debian trixie/main amd64 libjpeg62-turbo-dev amd64 1:2.1.5-4 [292 kB]
#15 49.47 Get:94 http://deb.debian.org/debian trixie/main amd64 libjpeg-dev amd64 1:2.1.5-4 [72.2 kB]
#15 49.48 Get:95 http://deb.debian.org/debian trixie/main amd64 libdjvulibre-dev amd64 3.5.28-2.2 [2431 kB]
#15 50.89 Get:96 http://deb.debian.org/debian trixie/main amd64 libexif12 amd64 0.6.25-1+deb13u1 [423 kB]
#15 51.36 Get:97 http://deb.debian.org/debian trixie/main amd64 libexif-dev amd64 0.6.25-1+deb13u1 [102 kB]
#15 51.62 Get:98 http://deb.debian.org/debian trixie/main amd64 libbrotli-dev amd64 1.1.0-2+b7 [316 kB]
#15 51.75 Get:99 http://deb.debian.org/debian trixie/main amd64 zlib1g-dev amd64 1:1.3.dfsg+really1.3.1-1+b1 [920 kB]
#15 52.49 Get:100 http://deb.debian.org/debian trixie/main amd64 libpng-dev amd64 1.6.48-1+deb13u5 [367 kB]
#15 52.64 Get:101 http://deb.debian.org/debian trixie/main amd64 libfreetype-dev amd64 2.13.3+dfsg-1+deb13u1 [623 kB]
#15 53.02 Get:102 http://deb.debian.org/debian trixie/main amd64 libopenjp2-7-dev amd64 2.5.3-2.1~deb13u2 [240 kB]
#15 53.37 Get:103 http://deb.debian.org/debian trixie/main amd64 liblcms2-dev amd64 2.16-2+deb13u2 [2189 kB]
#15 54.59 Get:104 http://deb.debian.org/debian trixie/main amd64 liblqr-1-0-dev amd64 0.4.2-2.1+b2 [71.6 kB]
#15 54.63 Get:105 http://deb.debian.org/debian trixie/main amd64 autotools-dev all 20240727.1 [60.2 kB]
#15 54.92 Get:106 http://deb.debian.org/debian trixie/main amd64 automake all 1:1.17-4 [862 kB]
#15 ...

#12 [freeswitch stage-0 2/6] RUN apt-get update && apt-get install -y --no-install-recommends         gnupg2 wget lsb-release software-properties-common apt-transport-https curl         ca-certificates git cmake pkg-config build-essential libssl-dev zlib1g-dev libevent-dev libspeexdsp-dev     && rm -rf /var/lib/apt/lists/*
#12 69.26 Get:42 http://deb.debian.org/debian bookworm/main amd64 libpython3.11-stdlib amd64 3.11.2-6+deb12u8 [1799 kB]
#12 73.67 Get:43 http://deb.debian.org/debian bookworm/main amd64 python3.11 amd64 3.11.2-6+deb12u8 [574 kB]
#12 74.73 Get:44 http://deb.debian.org/debian bookworm/main amd64 libpython3-stdlib amd64 3.11.2-1+b1 [9312 B]
#12 74.73 Get:45 http://deb.debian.org/debian bookworm/main amd64 python3 amd64 3.11.2-1+b1 [26.3 kB]
#12 74.77 Get:46 http://deb.debian.org/debian bookworm/main amd64 sgml-base all 1.31 [15.4 kB]
#12 74.81 Get:47 http://deb.debian.org/debian bookworm/main amd64 libproc2-0 amd64 2:4.0.2-3 [62.8 kB]
#12 75.12 Get:48 http://deb.debian.org/debian bookworm/main amd64 procps amd64 2:4.0.2-3 [709 kB]
#12 ...

#15 [heroescrm  4/13] RUN apt update && apt install -y         nodejs         npm         libpng-dev         libjpeg-dev         libfreetype6-dev         zlib1g-dev         libxml2-dev         libzip-dev         libonig-dev         zip         curl         unzip         libsodium-dev         cron         exiftool         libmagickwand-dev         imagemagick                   supervisor     && docker-php-ext-install -j$(nproc) gd         pdo_mysql         mysqli         zip         pcntl         sodium         exif     && pecl install imagick         redis     && docker-php-ext-enable exif         imagick     && docker-php-source delete
#15 55.56 Get:107 http://deb.debian.org/debian trixie/main amd64 libltdl-dev amd64 2.5.4-4 [168 kB]
#15 55.92 Get:108 http://deb.debian.org/debian trixie/main amd64 libimath-dev amd64 3.1.12-1+b3 [122 kB]
#15 56.23 Get:109 http://deb.debian.org/debian trixie/main amd64 libopenexr-dev amd64 3.1.13-2 [202 kB]
#15 56.92 Get:110 http://deb.debian.org/debian trixie/main amd64 gir1.2-glib-2.0 amd64 2.84.4-3~deb13u3 [199 kB]
#15 56.99 Get:111 http://deb.debian.org/debian trixie/main amd64 libcairo-gobject2 amd64 1.18.4-1+b1 [130 kB]
#15 57.01 Get:112 http://deb.debian.org/debian trixie/main amd64 gir1.2-freedesktop amd64 1.84.0-1 [60.5 kB]
#15 57.27 Get:113 http://deb.debian.org/debian trixie/main amd64 libgdk-pixbuf2.0-common all 2.42.12+dfsg-4+deb13u1 [312 kB]
#15 57.58 Get:114 http://deb.debian.org/debian trixie/main amd64 shared-mime-info amd64 2.4-5+b2 [760 kB]
#15 58.29 Get:115 http://deb.debian.org/debian trixie/main amd64 libgdk-pixbuf-2.0-0 amd64 2.42.12+dfsg-4+deb13u1 [141 kB]
#15 58.36 Get:116 http://deb.debian.org/debian trixie/main amd64 gir1.2-gdkpixbuf-2.0 amd64 2.42.12+dfsg-4+deb13u1 [14.5 kB]
#15 58.36 Get:117 http://deb.debian.org/debian trixie/main amd64 librsvg2-2 amd64 2.60.0+dfsg-1 [1789 kB]
#15 59.46 Get:118 http://deb.debian.org/debian trixie/main amd64 gir1.2-rsvg-2.0 amd64 2.60.0+dfsg-1 [17.2 kB]
#15 59.46 Get:119 http://deb.debian.org/debian trixie/main amd64 liblzo2-2 amd64 2.10-3+b1 [55.1 kB]
#15 59.48 Get:120 http://deb.debian.org/debian trixie/main amd64 libcairo-script-interpreter2 amd64 1.18.4-1+b1 [59.3 kB]
#15 59.76 Get:121 http://deb.debian.org/debian-security trixie-security/main amd64 libexpat1-dev amd64 2.8.3-1~deb13u1 [179 kB]
#15 59.84 Get:122 http://deb.debian.org/debian-security trixie-security/main amd64 uuid-dev amd64 2.41.5-0+deb13u1 [49.1 kB]
#15 59.85 Get:123 http://deb.debian.org/debian trixie/main amd64 libfontconfig-dev amd64 2.15.0-2.3 [414 kB]
#15 60.12 Get:124 http://deb.debian.org/debian trixie/main amd64 native-architecture all 0.2.6 [2264 B]
#15 60.34 Get:125 http://deb.debian.org/debian trixie/main amd64 libgirepository-2.0-0 amd64 2.84.4-3~deb13u3 [144 kB]
#15 60.60 Get:126 http://deb.debian.org/debian trixie/main amd64 girepository-tools amd64 2.84.4-3~deb13u3 [151 kB]
#15 60.69 Get:127 http://deb.debian.org/debian trixie/main amd64 libffi-dev amd64 3.4.8-2 [61.1 kB]
#15 60.91 Get:128 http://deb.debian.org/debian-security trixie-security/main amd64 libblkid-dev amd64 2.41.5-0+deb13u1 [209 kB]
#15 61.23 Get:129 http://deb.debian.org/debian trixie/main amd64 libsepol-dev amd64 3.8.1-1 [373 kB]
#15 61.53 Get:130 http://deb.debian.org/debian trixie/main amd64 libpcre2-16-0 amd64 10.46-1~deb13u1 [281 kB]
#15 61.87 Get:131 http://deb.debian.org/debian trixie/main amd64 libpcre2-32-0 amd64 10.46-1~deb13u1 [268 kB]
#15 61.97 Get:132 http://deb.debian.org/debian trixie/main amd64 libpcre2-posix3 amd64 10.46-1~deb13u1 [63.9 kB]
#15 62.00 Get:133 http://deb.debian.org/debian trixie/main amd64 libpcre2-dev amd64 10.46-1~deb13u1 [853 kB]
#15 ...

#12 [freeswitch stage-0 2/6] RUN apt-get update && apt-get install -y --no-install-recommends         gnupg2 wget lsb-release software-properties-common apt-transport-https curl         ca-certificates git cmake pkg-config build-essential libssl-dev zlib1g-dev libevent-dev libspeexdsp-dev     && rm -rf /var/lib/apt/lists/*
#12 76.24 Get:49 http://deb.debian.org/debian bookworm/main amd64 bzip2 amd64 1.0.8-5+b1 [49.8 kB]
#12 76.30 Get:50 http://deb.debian.org/debian bookworm/main amd64 openssl amd64 3.0.20-1~deb12u2 [1439 kB]
#12 78.89 Get:51 http://deb.debian.org/debian-security bookworm-security/main amd64 ca-certificates all 20250419~deb12u1 [162 kB]
#12 79.37 Get:52 http://deb.debian.org/debian bookworm/main amd64 libpam-systemd amd64 252.39-1~deb12u2 [226 kB]
#12 79.72 Get:53 http://deb.debian.org/debian bookworm/main amd64 libpsl5 amd64 0.21.2-1 [58.7 kB]
#12 79.81 Get:54 http://deb.debian.org/debian bookworm/main amd64 wget amd64 1.21.3-1+deb12u1 [937 kB]
#12 81.72 Get:55 http://deb.debian.org/debian bookworm/main amd64 xz-utils amd64 5.4.1-1+deb12u1 [471 kB]
#12 82.46 Get:56 http://deb.debian.org/debian bookworm/main amd64 apt-transport-https all 2.6.1 [25.2 kB]
#12 82.50 Get:57 http://deb.debian.org/debian bookworm/main amd64 binutils-common amd64 2.40-2 [2487 kB]
#12 ...

#15 [heroescrm  4/13] RUN apt update && apt install -y         nodejs         npm         libpng-dev         libjpeg-dev         libfreetype6-dev         zlib1g-dev         libxml2-dev         libzip-dev         libonig-dev         zip         curl         unzip         libsodium-dev         cron         exiftool         libmagickwand-dev         imagemagick                   supervisor     && docker-php-ext-install -j$(nproc) gd         pdo_mysql         mysqli         zip         pcntl         sodium         exif     && pecl install imagick         redis     && docker-php-ext-enable exif         imagick     && docker-php-source delete
#15 62.70 Get:134 http://deb.debian.org/debian trixie/main amd64 libselinux1-dev amd64 3.8.1-1 [169 kB]
#15 62.74 Get:135 http://deb.debian.org/debian-security trixie-security/main amd64 libmount-dev amd64 2.41.5-0+deb13u1 [30.7 kB]
#15 62.75 Get:136 http://deb.debian.org/debian trixie/main amd64 libsysprof-capture-4-dev amd64 48.0-2 [49.9 kB]
#15 62.99 Get:137 http://deb.debian.org/debian trixie/main amd64 libgio-2.0-dev amd64 2.84.4-3~deb13u3 [1689 kB]
#15 64.10 Get:138 http://deb.debian.org/debian trixie/main amd64 libglib2.0-data all 2.84.4-3~deb13u3 [1287 kB]
#15 65.00 Get:139 http://deb.debian.org/debian trixie/main amd64 libelf1t64 amd64 0.192-4 [189 kB]
#15 65.29 Get:140 http://deb.debian.org/debian trixie/main amd64 libglib2.0-bin amd64 2.84.4-3~deb13u3 [131 kB]
#15 65.59 Get:141 http://deb.debian.org/debian trixie-updates/main amd64 libpython3.13-minimal amd64 3.13.5-2+deb13u4 [863 kB]
#15 66.28 Get:142 http://deb.debian.org/debian trixie-updates/main amd64 python3.13-minimal amd64 3.13.5-2+deb13u4 [2217 kB]
#15 67.62 Get:143 http://deb.debian.org/debian trixie/main amd64 python3-minimal amd64 3.13.5-1 [27.2 kB]
#15 67.63 Get:144 http://deb.debian.org/debian trixie/main amd64 media-types all 13.0.0 [29.3 kB]
#15 67.65 Get:145 http://deb.debian.org/debian trixie/main amd64 netbase all 6.5 [12.4 kB]
#15 67.88 Get:146 http://deb.debian.org/debian trixie/main amd64 libncursesw6 amd64 6.5+20250216-2 [135 kB]
#15 68.14 Get:147 http://deb.debian.org/debian trixie-updates/main amd64 libpython3.13-stdlib amd64 3.13.5-2+deb13u4 [1957 kB]
#15 69.70 Get:148 http://deb.debian.org/debian trixie-updates/main amd64 python3.13 amd64 3.13.5-2+deb13u4 [757 kB]
#15 70.29 Get:149 http://deb.debian.org/debian trixie/main amd64 libpython3-stdlib amd64 3.13.5-1 [10.2 kB]
#15 70.30 Get:150 http://deb.debian.org/debian trixie/main amd64 python3 amd64 3.13.5-1 [28.2 kB]
#15 70.31 Get:151 http://deb.debian.org/debian trixie/main amd64 python3-packaging all 25.0-1 [56.6 kB]
#15 70.59 Get:152 http://deb.debian.org/debian trixie/main amd64 libgio-2.0-dev-bin amd64 2.84.4-3~deb13u3 [167 kB]
#15 70.65 Get:153 http://deb.debian.org/debian trixie/main amd64 libglib2.0-dev-bin amd64 2.84.4-3~deb13u3 [55.6 kB]
#15 70.69 Get:154 http://deb.debian.org/debian trixie/main amd64 libglib2.0-dev amd64 2.84.4-3~deb13u3 [56.4 kB]
#15 70.73 Get:155 http://deb.debian.org/debian trixie/main amd64 libpixman-1-dev amd64 0.44.0-3 [11.4 kB]
#15 70.74 Get:156 http://deb.debian.org/debian trixie/main amd64 libice6 amd64 2:1.1.1-1 [65.4 kB]
#15 70.86 Get:157 http://deb.debian.org/debian trixie/main amd64 libsm6 amd64 2:1.2.6-1 [37.3 kB]
#15 70.88 Get:158 http://deb.debian.org/debian trixie/main amd64 xorg-sgml-doctools all 1:1.11-1.1 [22.1 kB]
#15 71.13 Get:159 http://deb.debian.org/debian trixie/main amd64 x11proto-dev all 2024.1-1 [603 kB]
#15 71.58 Get:160 http://deb.debian.org/debian trixie/main amd64 libice-dev amd64 2:1.1.1-1 [73.8 kB]
#15 71.61 Get:161 http://deb.debian.org/debian trixie/main amd64 libsm-dev amd64 2:1.2.6-1 [39.7 kB]
#15 71.69 Get:162 http://deb.debian.org/debian trixie/main amd64 libxau-dev amd64 1:1.0.11-1 [23.6 kB]
#15 71.70 Get:163 http://deb.debian.org/debian trixie/main amd64 libxdmcp-dev amd64 1:1.1.5-1 [44.3 kB]
#15 71.72 Get:164 http://deb.debian.org/debian trixie/main amd64 xtrans-dev all 1.4.0-1 [98.7 kB]
#15 72.09 Get:165 http://deb.debian.org/debian trixie/main amd64 libxcb1-dev amd64 1.17.0-2+b1 [181 kB]
#15 72.55 Get:166 http://deb.debian.org/debian trixie/main amd64 libx11-dev amd64 2:1.8.12-1 [894 kB]
#15 ...

#12 [freeswitch stage-0 2/6] RUN apt-get update && apt-get install -y --no-install-recommends         gnupg2 wget lsb-release software-properties-common apt-transport-https curl         ca-certificates git cmake pkg-config build-essential libssl-dev zlib1g-dev libevent-dev libspeexdsp-dev     && rm -rf /var/lib/apt/lists/*
#12 87.47 Get:58 http://deb.debian.org/debian bookworm/main amd64 libbinutils amd64 2.40-2 [572 kB]
#12 88.48 Get:59 http://deb.debian.org/debian bookworm/main amd64 libctf-nobfd0 amd64 2.40-2 [153 kB]
#12 88.74 Get:60 http://deb.debian.org/debian bookworm/main amd64 libctf0 amd64 2.40-2 [89.8 kB]
#12 89.12 Get:61 http://deb.debian.org/debian bookworm/main amd64 libgprofng0 amd64 2.40-2 [812 kB]
#12 90.45 Get:62 http://deb.debian.org/debian bookworm/main amd64 libjansson4 amd64 2.14-2 [40.8 kB]
#12 90.52 Get:63 http://deb.debian.org/debian bookworm/main amd64 binutils-x86-64-linux-gnu amd64 2.40-2 [2246 kB]
#12 ...

#15 [heroescrm  4/13] RUN apt update && apt install -y         nodejs         npm         libpng-dev         libjpeg-dev         libfreetype6-dev         zlib1g-dev         libxml2-dev         libzip-dev         libonig-dev         zip         curl         unzip         libsodium-dev         cron         exiftool         libmagickwand-dev         imagemagick                   supervisor     && docker-php-ext-install -j$(nproc) gd         pdo_mysql         mysqli         zip         pcntl         sodium         exif     && pecl install imagick         redis     && docker-php-ext-enable exif         imagick     && docker-php-source delete
#15 73.42 Get:167 http://deb.debian.org/debian trixie/main amd64 libxcb-render0-dev amd64 1.17.0-2+b1 [118 kB]
#15 73.70 Get:168 http://deb.debian.org/debian trixie/main amd64 libxcb-shm0-dev amd64 1.17.0-2+b1 [108 kB]
#15 73.97 Get:169 http://deb.debian.org/debian trixie/main amd64 libxext-dev amd64 2:1.3.4-1+b3 [104 kB]
#15 74.01 Get:170 http://deb.debian.org/debian trixie/main amd64 libxrender-dev amd64 1:0.9.12-1 [39.0 kB]
#15 74.04 Get:171 http://deb.debian.org/debian trixie/main amd64 libcairo2-dev amd64 1.18.4-1+b1 [43.4 kB]
#15 74.06 Get:172 http://deb.debian.org/debian trixie/main amd64 libgdk-pixbuf2.0-bin amd64 2.42.12+dfsg-4+deb13u1 [18.9 kB]
#15 74.07 Get:173 http://deb.debian.org/debian trixie/main amd64 libjbig-dev amd64 2.1-6.1+b2 [31.4 kB]
#15 74.32 Get:174 http://deb.debian.org/debian trixie/main amd64 liblzma-dev amd64 5.8.1-1+deb13u1 [348 kB]
#15 74.79 Get:175 http://deb.debian.org/debian trixie/main amd64 libzstd-dev amd64 1.5.7+dfsg-1 [371 kB]
#15 75.30 Get:176 http://deb.debian.org/debian trixie/main amd64 libwebpdecoder3 amd64 1.5.0-0.1 [208 kB]
#15 75.64 Get:177 http://deb.debian.org/debian trixie/main amd64 libsharpyuv-dev amd64 1.5.0-0.1 [120 kB]
#15 75.91 Get:178 http://deb.debian.org/debian trixie/main amd64 libwebp-dev amd64 1.5.0-0.1 [450 kB]
#15 76.45 Get:179 http://deb.debian.org/debian-security trixie-security/main amd64 libtiffxx6 amd64 4.7.0-3+deb13u3 [164 kB]
#15 76.54 Get:180 http://deb.debian.org/debian trixie/main amd64 libdeflate-dev amd64 1.23-2 [55.9 kB]
#15 76.56 Get:181 http://deb.debian.org/debian trixie/main amd64 liblerc-dev amd64 4.0.0+ds-5 [183 kB]
#15 76.99 Get:182 http://deb.debian.org/debian-security trixie-security/main amd64 libtiff-dev amd64 4.7.0-3+deb13u3 [488 kB]
#15 78.01 Get:183 http://deb.debian.org/debian trixie/main amd64 gir1.2-glib-2.0-dev amd64 2.84.4-3~deb13u3 [917 kB]
#15 78.85 Get:184 http://deb.debian.org/debian trixie/main amd64 libgdk-pixbuf-2.0-dev amd64 2.42.12+dfsg-4+deb13u1 [52.9 kB]
#15 78.90 Get:185 http://deb.debian.org/debian trixie/main amd64 libharfbuzz-gobject0 amd64 10.2.0-1+deb13u1 [32.9 kB]
#15 78.92 Get:186 http://deb.debian.org/debian trixie/main amd64 gir1.2-harfbuzz-0.0 amd64 10.2.0-1+deb13u1 [42.2 kB]
#15 78.94 Get:187 http://deb.debian.org/debian trixie/main amd64 libxft2 amd64 2.3.6-1+b4 [54.5 kB]
#15 79.03 Get:188 http://deb.debian.org/debian trixie/main amd64 libpangoxft-1.0-0 amd64 1.56.3-1 [27.6 kB]
#15 79.04 Get:189 http://deb.debian.org/debian trixie/main amd64 gir1.2-pango-1.0 amd64 1.56.3-1 [39.1 kB]
#15 79.08 Get:190 http://deb.debian.org/debian trixie/main amd64 libfribidi-dev amd64 1.0.16-1 [65.9 kB]
#15 79.17 Get:191 http://deb.debian.org/debian trixie/main amd64 gir1.2-freedesktop-dev amd64 1.84.0-1 [51.6 kB]
#15 79.41 Get:192 http://deb.debian.org/debian trixie/main amd64 libicu76 amd64 76.1-4 [9722 kB]
#15 ...

#12 [freeswitch stage-0 2/6] RUN apt-get update && apt-get install -y --no-install-recommends         gnupg2 wget lsb-release software-properties-common apt-transport-https curl         ca-certificates git cmake pkg-config build-essential libssl-dev zlib1g-dev libevent-dev libspeexdsp-dev     && rm -rf /var/lib/apt/lists/*
#12 94.91 Get:64 http://deb.debian.org/debian bookworm/main amd64 binutils amd64 2.40-2 [65.0 kB]
#12 95.03 Get:65 http://deb.debian.org/debian bookworm/main amd64 libc-dev-bin amd64 2.36-9+deb12u14 [48.1 kB]
#12 95.10 Get:66 http://deb.debian.org/debian-security bookworm-security/main amd64 linux-libc-dev amd64 6.1.180-1 [2332 kB]
#12 99.36 Get:67 http://deb.debian.org/debian bookworm/main amd64 libcrypt-dev amd64 1:4.4.33-2 [118 kB]
#12 99.76 Get:68 http://deb.debian.org/debian bookworm/main amd64 libtirpc-dev amd64 1.3.3+ds-1 [191 kB]
#12 100.1 Get:69 http://deb.debian.org/debian bookworm/main amd64 libnsl-dev amd64 1.3.0-2 [66.4 kB]
#12 100.2 Get:70 http://deb.debian.org/debian bookworm/main amd64 rpcsvc-proto amd64 1.4.3-1 [63.3 kB]
#12 100.4 Get:71 http://deb.debian.org/debian bookworm/main amd64 libc6-dev amd64 2.36-9+deb12u14 [1904 kB]
#12 ...

#15 [heroescrm  4/13] RUN apt update && apt install -y         nodejs         npm         libpng-dev         libjpeg-dev         libfreetype6-dev         zlib1g-dev         libxml2-dev         libzip-dev         libonig-dev         zip         curl         unzip         libsodium-dev         cron         exiftool         libmagickwand-dev         imagemagick                   supervisor     && docker-php-ext-install -j$(nproc) gd         pdo_mysql         mysqli         zip         pcntl         sodium         exif     && pecl install imagick         redis     && docker-php-ext-enable exif         imagick     && docker-php-source delete
#15 88.50 Get:193 http://deb.debian.org/debian trixie/main amd64 libharfbuzz-icu0 amd64 10.2.0-1+deb13u1 [15.5 kB]
#15 88.52 Get:194 http://deb.debian.org/debian trixie/main amd64 libharfbuzz-subset0 amd64 10.2.0-1+deb13u1 [560 kB]
#15 88.98 Get:195 http://deb.debian.org/debian trixie/main amd64 libharfbuzz-cairo0 amd64 10.2.0-1+deb13u1 [45.6 kB]
#15 89.01 Get:196 http://deb.debian.org/debian trixie/main amd64 libgraphite2-dev amd64 1.3.14-2+deb13u1 [20.1 kB]
#15 89.25 Get:197 http://deb.debian.org/debian trixie/main amd64 icu-devtools amd64 76.1-4 [215 kB]
#15 89.60 Get:198 http://deb.debian.org/debian trixie/main amd64 libicu-dev amd64 76.1-4 [10.8 MB]
#15 ...

#12 [freeswitch stage-0 2/6] RUN apt-get update && apt-get install -y --no-install-recommends         gnupg2 wget lsb-release software-properties-common apt-transport-https curl         ca-certificates git cmake pkg-config build-essential libssl-dev zlib1g-dev libevent-dev libspeexdsp-dev     && rm -rf /var/lib/apt/lists/*
#12 103.4 Get:72 http://deb.debian.org/debian bookworm/main amd64 libisl23 amd64 0.25-1.1 [683 kB]
#12 104.5 Get:73 http://deb.debian.org/debian bookworm/main amd64 libmpfr6 amd64 4.2.0-1 [701 kB]
#12 105.5 Get:74 http://deb.debian.org/debian bookworm/main amd64 libmpc3 amd64 1.3.1-1 [51.5 kB]
#12 105.9 Get:75 http://deb.debian.org/debian bookworm/main amd64 cpp-12 amd64 12.2.0-14+deb12u1 [9768 kB]
#12 ...

#15 [heroescrm  4/13] RUN apt update && apt install -y         nodejs         npm         libpng-dev         libjpeg-dev         libfreetype6-dev         zlib1g-dev         libxml2-dev         libzip-dev         libonig-dev         zip         curl         unzip         libsodium-dev         cron         exiftool         libmagickwand-dev         imagemagick                   supervisor     && docker-php-ext-install -j$(nproc) gd         pdo_mysql         mysqli         zip         pcntl         sodium         exif     && pecl install imagick         redis     && docker-php-ext-enable exif         imagick     && docker-php-source delete
#15 99.79 Get:199 http://deb.debian.org/debian trixie/main amd64 libharfbuzz-dev amd64 10.2.0-1+deb13u1 [145 kB]
#15 99.87 Get:200 http://deb.debian.org/debian trixie/main amd64 libdatrie-dev amd64 0.2.13-3+b1 [18.4 kB]
#15 99.88 Get:201 http://deb.debian.org/debian trixie/main amd64 libthai-dev amd64 0.1.29-2+b1 [24.5 kB]
#15 99.90 Get:202 http://deb.debian.org/debian trixie/main amd64 libxft-dev amd64 2.3.6-1+b4 [73.2 kB]
#15 99.95 Get:203 http://deb.debian.org/debian trixie/main amd64 pango1.0-tools amd64 1.56.3-1 [44.3 kB]
#15 100.3 Get:204 http://deb.debian.org/debian trixie/main amd64 libpango1.0-dev amd64 1.56.3-1 [156 kB]
#15 100.6 Get:205 http://deb.debian.org/debian trixie/main amd64 libxml2-dev amd64 2.12.7+dfsg+really2.9.14-2.1+deb13u3 [795 kB]
#15 101.5 Get:206 http://deb.debian.org/debian trixie/main amd64 librsvg2-common amd64 2.60.0+dfsg-1 [154 kB]
#15 101.6 Get:207 http://deb.debian.org/debian trixie/main amd64 libdav1d-dev amd64 1.5.1-1 [26.6 kB]
#15 101.6 Get:208 http://deb.debian.org/debian trixie/main amd64 librsvg2-dev amd64 2.60.0+dfsg-1 [39.9 kB]
#15 101.6 Get:209 http://deb.debian.org/debian trixie/main amd64 libwmf-0.2-7 amd64 0.2.13-1.1+b3 [119 kB]
#15 102.0 Get:210 http://deb.debian.org/debian trixie/main amd64 libwmf-dev amd64 0.2.13-1.1+b3 [208 kB]
#15 102.4 Get:211 http://deb.debian.org/debian trixie/main amd64 libxt6t64 amd64 1:1.2.1-1.2+b2 [188 kB]
#15 102.7 Get:212 http://deb.debian.org/debian trixie/main amd64 libxt-dev amd64 1:1.2.1-1.2+b2 [407 kB]
#15 103.3 Get:213 http://deb.debian.org/debian trixie/main amd64 libfftw3-long3 amd64 3.3.10-2+b1 [347 kB]
#15 103.8 Get:214 http://deb.debian.org/debian trixie/main amd64 libfftw3-quad3 amd64 3.3.10-2+b1 [618 kB]
#15 104.5 Get:215 http://deb.debian.org/debian trixie/main amd64 libfftw3-single3 amd64 3.3.10-2+b1 [809 kB]
#15 ...

#12 [freeswitch stage-0 2/6] RUN apt-get update && apt-get install -y --no-install-recommends         gnupg2 wget lsb-release software-properties-common apt-transport-https curl         ca-certificates git cmake pkg-config build-essential libssl-dev zlib1g-dev libevent-dev libspeexdsp-dev     && rm -rf /var/lib/apt/lists/*
#12 119.2 Get:76 http://deb.debian.org/debian bookworm/main amd64 cpp amd64 4:12.2.0-3 [6836 B]
#12 119.2 Get:77 http://deb.debian.org/debian bookworm/main amd64 libcc1-0 amd64 12.2.0-14+deb12u1 [41.7 kB]
#12 119.2 Get:78 http://deb.debian.org/debian bookworm/main amd64 libgomp1 amd64 12.2.0-14+deb12u1 [116 kB]
#12 119.2 Get:79 http://deb.debian.org/debian bookworm/main amd64 libitm1 amd64 12.2.0-14+deb12u1 [26.1 kB]
#12 119.3 Get:80 http://deb.debian.org/debian bookworm/main amd64 libatomic1 amd64 12.2.0-14+deb12u1 [9376 B]
#12 119.3 Get:81 http://deb.debian.org/debian bookworm/main amd64 libasan8 amd64 12.2.0-14+deb12u1 [2193 kB]
#12 121.3 Get:82 http://deb.debian.org/debian bookworm/main amd64 liblsan0 amd64 12.2.0-14+deb12u1 [969 kB]
#12 122.3 Get:83 http://deb.debian.org/debian bookworm/main amd64 libtsan2 amd64 12.2.0-14+deb12u1 [2197 kB]
#12 124.5 Get:84 http://deb.debian.org/debian bookworm/main amd64 libubsan1 amd64 12.2.0-14+deb12u1 [883 kB]
#12 125.4 Get:85 http://deb.debian.org/debian bookworm/main amd64 libquadmath0 amd64 12.2.0-14+deb12u1 [145 kB]
#12 125.5 Get:86 http://deb.debian.org/debian bookworm/main amd64 libgcc-12-dev amd64 12.2.0-14+deb12u1 [2437 kB]
#12 127.2 Get:87 http://deb.debian.org/debian bookworm/main amd64 gcc-12 amd64 12.2.0-14+deb12u1 [19.3 MB]
#12 ...

#15 [heroescrm  4/13] RUN apt update && apt install -y         nodejs         npm         libpng-dev         libjpeg-dev         libfreetype6-dev         zlib1g-dev         libxml2-dev         libzip-dev         libonig-dev         zip         curl         unzip         libsodium-dev         cron         exiftool         libmagickwand-dev         imagemagick                   supervisor     && docker-php-ext-install -j$(nproc) gd         pdo_mysql         mysqli         zip         pcntl         sodium         exif     && pecl install imagick         redis     && docker-php-ext-enable exif         imagick     && docker-php-source delete
#15 105.2 Get:216 http://deb.debian.org/debian trixie/main amd64 libfftw3-bin amd64 3.3.10-2+b1 [51.3 kB]
#15 105.2 Get:217 http://deb.debian.org/debian trixie/main amd64 libfftw3-dev amd64 3.3.10-2+b1 [2118 kB]
#15 107.9 Get:218 http://deb.debian.org/debian-security trixie-security/main amd64 libmagickcore-7.q16-dev amd64 8:7.1.1.43+dfsg1-1+deb13u11 [1119 kB]
#15 109.0 Get:219 http://deb.debian.org/debian-security trixie-security/main amd64 libmagickwand-7-headers all 8:7.1.1.43+dfsg1-1+deb13u11 [9864 B]
#15 109.1 Get:220 http://deb.debian.org/debian-security trixie-security/main amd64 libmagickwand-7.q16-dev amd64 8:7.1.1.43+dfsg1-1+deb13u11 [363 kB]
#15 109.5 Get:221 http://deb.debian.org/debian-security trixie-security/main amd64 libmagickwand-dev all 8:7.1.1.43+dfsg1-1+deb13u11 [1148 B]
#15 110.0 Get:222 http://deb.debian.org/debian trixie/main amd64 poppler-data all 0.4.12-1 [1601 kB]
#15 111.9 Get:223 http://deb.debian.org/debian trixie/main amd64 python3-autocommand all 2.2.2-3 [13.6 kB]
#15 111.9 Get:224 http://deb.debian.org/debian trixie/main amd64 python3-more-itertools all 10.7.0-1 [67.4 kB]
#15 112.0 Get:225 http://deb.debian.org/debian trixie/main amd64 python3-typing-extensions all 4.13.2-1 [90.5 kB]
#15 112.0 Get:226 http://deb.debian.org/debian trixie/main amd64 python3-typeguard all 4.4.2-1 [37.3 kB]
#15 112.1 Get:227 http://deb.debian.org/debian trixie/main amd64 python3-inflect all 7.3.1-2 [32.4 kB]
#15 112.1 Get:228 http://deb.debian.org/debian trixie/main amd64 python3-jaraco.context all 6.0.1-1+deb13u1 [8492 B]
#15 112.1 Get:229 http://deb.debian.org/debian trixie/main amd64 python3-jaraco.functools all 4.1.0-1 [12.0 kB]
#15 112.4 Get:230 http://deb.debian.org/debian trixie/main amd64 python3-pkg-resources all 78.1.1-0.1 [224 kB]
#15 112.7 Get:231 http://deb.debian.org/debian trixie/main amd64 supervisor all 4.2.5-3 [311 kB]
#15 113.3 Get:232 http://deb.debian.org/debian trixie/main amd64 libudev1 amd64 257.13-1~deb13u1 [152 kB]
#15 113.6 Get:233 http://deb.debian.org/debian trixie/main amd64 less amd64 668-1 [161 kB]
#15 113.7 Get:234 http://deb.debian.org/debian trixie/main amd64 linux-sysctl-defaults all 4.12.1 [5724 B]
#15 113.7 Get:235 http://deb.debian.org/debian trixie/main amd64 liblockfile-bin amd64 1.17-2 [15.8 kB]
#15 113.7 Get:236 http://deb.debian.org/debian trixie/main amd64 libedit2 amd64 3.1-20250104-1 [93.8 kB]
#15 113.8 Get:237 http://deb.debian.org/debian trixie/main amd64 libcbor0.10 amd64 0.10.2-2 [28.3 kB]
#15 113.8 Get:238 http://deb.debian.org/debian trixie/main amd64 libfido2-1 amd64 1.15.0-1+b1 [78.7 kB]
#15 113.9 Get:239 http://deb.debian.org/debian trixie/main amd64 openssh-client amd64 1:10.0p1-7+deb13u4 [990 kB]
#15 114.8 Get:240 http://deb.debian.org/debian trixie/main amd64 systemd-timesyncd amd64 257.13-1~deb13u1 [93.3 kB]
#15 115.1 Get:241 http://deb.debian.org/debian trixie/main amd64 xz-utils amd64 5.8.1-1+deb13u1 [659 kB]
#15 115.9 Get:242 http://deb.debian.org/debian-security trixie-security/main amd64 exim4-config all 4.98.2-1+deb13u4 [250 kB]
#15 116.2 Get:243 http://deb.debian.org/debian trixie/main amd64 libfile-fcntllock-perl amd64 0.22-4+b4 [34.6 kB]
#15 116.2 Get:244 http://deb.debian.org/debian-security trixie-security/main amd64 exim4-base amd64 4.98.2-1+deb13u4 [1143 kB]
#15 117.5 Get:245 http://deb.debian.org/debian trixie/main amd64 libgnutls30t64 amd64 3.8.9-3+deb13u4 [1469 kB]
#15 119.3 Get:246 http://deb.debian.org/debian trixie/main amd64 libevent-2.1-7t64 amd64 2.1.12-stable-10+b1 [182 kB]
#15 119.7 Get:247 http://deb.debian.org/debian trixie/main amd64 libunbound8 amd64 1.22.0-2+deb13u3 [599 kB]
#15 120.3 Get:248 http://deb.debian.org/debian trixie/main amd64 libgnutls-dane0t64 amd64 3.8.9-3+deb13u4 [456 kB]
#15 120.9 Get:249 http://deb.debian.org/debian trixie/main amd64 libidn12 amd64 1.43-1 [47.7 kB]
#15 120.9 Get:250 http://deb.debian.org/debian trixie/main amd64 libtirpc-common all 1.3.6+ds-1 [11.0 kB]
#15 120.9 Get:251 http://deb.debian.org/debian trixie/main amd64 libtirpc3t64 amd64 1.3.6+ds-1 [83.3 kB]
#15 121.1 Get:252 http://deb.debian.org/debian trixie/main amd64 libnsl2 amd64 1.3.0-3+b3 [40.6 kB]
#15 121.4 Get:253 http://deb.debian.org/debian-security trixie-security/main amd64 exim4-daemon-light amd64 4.98.2-1+deb13u4 [631 kB]
#15 122.0 Get:254 http://deb.debian.org/debian trixie/main amd64 liblockfile1 amd64 1.17-2 [11.9 kB]
#15 122.0 Get:255 http://deb.debian.org/debian trixie/main amd64 bsd-mailx amd64 8.1.2-0.20220412cvs-1.1 [82.2 kB]
#15 122.2 Get:256 http://deb.debian.org/debian trixie/main amd64 build-essential amd64 12.12 [4624 B]
#15 122.4 Get:257 http://deb.debian.org/debian trixie/main amd64 bzip2-doc all 1.0.8-6 [505 kB]
#15 123.2 Get:258 http://deb.debian.org/debian trixie/main amd64 curl amd64 8.14.1-2+deb13u4 [270 kB]
#15 123.4 Get:259 http://deb.debian.org/debian trixie/main amd64 libcurl4t64 amd64 8.14.1-2+deb13u4 [392 kB]
#15 124.2 Get:260 http://deb.debian.org/debian trixie/main amd64 libdevmapper1.02.1 amd64 2:1.02.205-2 [135 kB]
#15 124.4 Get:261 http://deb.debian.org/debian trixie/main amd64 dmsetup amd64 2:1.02.205-2 [82.3 kB]
#15 124.6 Get:262 http://deb.debian.org/debian trixie/main amd64 node-fast-deep-equal all 3.1.3-3 [5768 B]
#15 124.6 Get:263 http://deb.debian.org/debian trixie/main amd64 node-json-schema-traverse all 1.0.0-3 [6308 B]
#15 124.6 Get:264 http://deb.debian.org/debian trixie/main amd64 node-jsonify all 0.0.1-1 [8704 B]
#15 124.6 Get:265 http://deb.debian.org/debian trixie/main amd64 node-json-stable-stringify all 1.0.2+repack1+~cs1.0.34-2 [9496 B]
#15 124.6 Get:266 http://deb.debian.org/debian trixie/main amd64 node-punycode all 2.3.1+~2.1.4-1 [10.8 kB]
#15 124.6 Get:267 http://deb.debian.org/debian trixie/main amd64 node-uri-js all 4.4.0+dfsg-8 [47.3 kB]
#15 124.6 Get:268 http://deb.debian.org/debian trixie/main amd64 libcares2 amd64 1.34.5-1+deb13u1 [98.3 kB]
#15 124.9 Get:269 http://deb.debian.org/debian trixie/main amd64 libuv1t64 amd64 1.50.0-2 [154 kB]
#15 125.1 Get:270 http://deb.debian.org/debian trixie/main amd64 node-xtend all 4.0.2-3 [3932 B]
#15 125.1 Get:271 http://deb.debian.org/debian trixie/main amd64 node-acorn all 8.8.1+ds+~cs25.17.7-2 [128 kB]
#15 125.3 Get:272 http://deb.debian.org/debian trixie/main amd64 node-cjs-module-lexer all 1.2.3+dfsg-1 [30.6 kB]
#15 125.3 Get:273 http://deb.debian.org/debian trixie/main amd64 node-balanced-match all 2.0.0-1 [4872 B]
#15 125.3 Get:274 http://deb.debian.org/debian trixie/main amd64 node-brace-expansion all 2.0.1+~1.1.0-2 [8012 B]
#15 125.4 Get:275 http://deb.debian.org/debian trixie/main amd64 node-minimatch all 9.0.3-6 [76.8 kB]
#15 ...

#12 [freeswitch stage-0 2/6] RUN apt-get update && apt-get install -y --no-install-recommends         gnupg2 wget lsb-release software-properties-common apt-transport-https curl         ca-certificates git cmake pkg-config build-essential libssl-dev zlib1g-dev libevent-dev libspeexdsp-dev     && rm -rf /var/lib/apt/lists/*
#12 139.8 Get:88 http://deb.debian.org/debian bookworm/main amd64 gcc amd64 4:12.2.0-3 [5216 B]
#12 139.8 Get:89 http://deb.debian.org/debian bookworm/main amd64 libstdc++-12-dev amd64 12.2.0-14+deb12u1 [2047 kB]
#12 141.3 Get:90 http://deb.debian.org/debian bookworm/main amd64 g++-12 amd64 12.2.0-14+deb12u1 [10.7 MB]
#12 147.9 Get:91 http://deb.debian.org/debian bookworm/main amd64 g++ amd64 4:12.2.0-3 [1356 B]
#12 147.9 Get:92 http://deb.debian.org/debian bookworm/main amd64 make amd64 4.3-4.1 [396 kB]
#12 148.2 Get:93 http://deb.debian.org/debian bookworm/main amd64 libdpkg-perl all 1.21.23 [604 kB]
#12 148.9 Get:94 http://deb.debian.org/debian bookworm/main amd64 patch amd64 2.7.6-7 [128 kB]
#12 149.1 Get:95 http://deb.debian.org/debian bookworm/main amd64 dpkg-dev all 1.21.23 [1354 kB]
#12 149.9 Get:96 http://deb.debian.org/debian bookworm/main amd64 build-essential amd64 12.9 [7704 B]
#12 ...

#15 [heroescrm  4/13] RUN apt update && apt install -y         nodejs         npm         libpng-dev         libjpeg-dev         libfreetype6-dev         zlib1g-dev         libxml2-dev         libzip-dev         libonig-dev         zip         curl         unzip         libsodium-dev         cron         exiftool         libmagickwand-dev         imagemagick                   supervisor     && docker-php-ext-install -j$(nproc) gd         pdo_mysql         mysqli         zip         pcntl         sodium         exif     && pecl install imagick         redis     && docker-php-ext-enable exif         imagick     && docker-php-source delete
#15 125.6 Get:276 http://deb.debian.org/debian trixie/main amd64 node-undici all 7.3.0+dfsg1+~cs24.12.11-1 [333 kB]
#15 126.3 Get:277 http://deb.debian.org/debian trixie/main amd64 libnode115 amd64 20.19.2+dfsg-1+deb13u2 [12.1 MB]
#15 ...

#12 [freeswitch stage-0 2/6] RUN apt-get update && apt-get install -y --no-install-recommends         gnupg2 wget lsb-release software-properties-common apt-transport-https curl         ca-certificates git cmake pkg-config build-essential libssl-dev zlib1g-dev libevent-dev libspeexdsp-dev     && rm -rf /var/lib/apt/lists/*
#12 149.9 Get:97 http://deb.debian.org/debian bookworm/main amd64 libicu72 amd64 72.1-3+deb12u1 [9376 kB]
#12 ...

#15 [heroescrm  4/13] RUN apt update && apt install -y         nodejs         npm         libpng-dev         libjpeg-dev         libfreetype6-dev         zlib1g-dev         libxml2-dev         libzip-dev         libonig-dev         zip         curl         unzip         libsodium-dev         cron         exiftool         libmagickwand-dev         imagemagick                   supervisor     && docker-php-ext-install -j$(nproc) gd         pdo_mysql         mysqli         zip         pcntl         sodium         exif     && pecl install imagick         redis     && docker-php-ext-enable exif         imagick     && docker-php-source delete
#15 142.0 Get:278 http://deb.debian.org/debian trixie/main amd64 node-corepack all 0.24.0-5 [712 kB]
#15 142.9 Get:279 http://deb.debian.org/debian trixie/main amd64 nodejs amd64 20.19.2+dfsg-1+deb13u2 [353 kB]
#15 143.4 Get:280 http://deb.debian.org/debian trixie/main amd64 node-ajv all 8.12.0~ds+~2.1.1-5 [182 kB]
#15 143.5 Get:281 http://deb.debian.org/debian trixie/main amd64 libjs-inherits all 2.0.4-6 [3548 B]
#15 143.5 Get:282 http://deb.debian.org/debian trixie/main amd64 node-inherits all 2.0.4-6 [4548 B]
#15 143.6 Get:283 http://deb.debian.org/debian trixie/main amd64 node-core-util-is all 1.0.3-1 [4072 B]
#15 143.6 Get:284 http://deb.debian.org/debian trixie/main amd64 node-safe-buffer all 5.2.1+~cs2.1.2-3 [15.5 kB]
#15 143.6 Get:285 http://deb.debian.org/debian trixie/main amd64 node-string-decoder all 1.3.0-6 [7180 B]
#15 143.6 Get:286 http://deb.debian.org/debian trixie/main amd64 node-process-nextick-args all 2.0.1-3 [3816 B]
#15 143.6 Get:287 http://deb.debian.org/debian trixie/main amd64 node-util-deprecate all 1.0.2-3 [4436 B]
#15 143.6 Get:288 http://deb.debian.org/debian trixie/main amd64 node-isarray all 2.0.5-4 [4040 B]
#15 143.6 Get:289 http://deb.debian.org/debian trixie/main amd64 node-readable-stream all 3.6.0+~cs3.0.0-4 [32.0 kB]
#15 143.9 Get:290 http://deb.debian.org/debian trixie/main amd64 node-typedarray all 0.0.7-1 [11.4 kB]
#15 143.9 Get:291 http://deb.debian.org/debian trixie/main amd64 node-concat-stream all 2.0.0+~2.0.0-2 [6388 B]
#15 143.9 Get:292 http://deb.debian.org/debian trixie/main amd64 node-ms all 2.1.3+~cs0.7.31-3 [5648 B]
#15 143.9 Get:293 http://deb.debian.org/debian trixie/main amd64 node-debug all 4.3.4+~cs4.1.7-1 [18.1 kB]
#15 143.9 Get:294 http://deb.debian.org/debian trixie/main amd64 node-esutils all 2.0.3+~2.0.0-1 [12.4 kB]
#15 143.9 Get:295 http://deb.debian.org/debian trixie/main amd64 node-doctrine all 3.0.0-4 [19.9 kB]
#15 144.0 Get:296 http://deb.debian.org/debian trixie/main amd64 node-eslint-visitor-keys all 3.3.0+~1.0.0-1 [17.1 kB]
#15 144.0 Get:297 http://deb.debian.org/debian trixie/main amd64 node-estraverse all 5.3.0+ds+~5.1.1-1 [11.6 kB]
#15 144.1 Get:298 http://deb.debian.org/debian trixie/main amd64 node-object-assign all 4.1.1-7 [4684 B]
#15 144.1 Get:299 http://deb.debian.org/debian trixie/main amd64 node-esrecurse all 4.3.0-2 [6048 B]
#15 144.1 Get:300 http://deb.debian.org/debian trixie/main amd64 node-eslint-scope all 7.1.1+~3.7.4-1 [35.6 kB]
#15 144.2 Get:301 http://deb.debian.org/debian trixie/main amd64 node-espree all 9.4.1~dfsg-2 [41.1 kB]
#15 144.3 Get:302 http://deb.debian.org/debian trixie/main amd64 node-esquery all 1.4.2~ds-1 [24.9 kB]
#15 144.3 Get:303 http://deb.debian.org/debian trixie/main amd64 node-eslint-utils all 3.0.0-3 [15.5 kB]
#15 144.3 Get:304 http://deb.debian.org/debian trixie/main amd64 node-flatted all 3.2.7~ds-1+deb13u1 [10.3 kB]
#15 144.3 Get:305 http://deb.debian.org/debian trixie/main amd64 node-fs.realpath all 1.0.0-3 [6172 B]
#15 144.3 Get:306 http://deb.debian.org/debian trixie/main amd64 node-wrappy all 1.0.2-3 [3776 B]
#15 144.3 Get:307 http://deb.debian.org/debian trixie/main amd64 node-once all 1.4.1-1 [4624 B]
#15 144.4 Get:308 http://deb.debian.org/debian trixie/main amd64 node-inflight all 1.0.6-2 [3952 B]
#15 144.6 Get:309 http://deb.debian.org/debian trixie/main amd64 node-glob all 8.1.0+~cs8.5.15-1 [134 kB]
#15 144.7 Get:310 http://deb.debian.org/debian trixie/main amd64 node-rimraf all 3.0.2-2 [11.1 kB]
#15 144.7 Get:311 http://deb.debian.org/debian trixie/main amd64 node-write all 2.0.0~6.0.1+~3.0.4+~2.0.0+~1.0.0+~2.0.1-1 [17.9 kB]
#15 144.8 Get:312 http://deb.debian.org/debian trixie/main amd64 node-flat-cache all 3.0.4~6.0.1+~3.0.4+~2.0.0+~1.0.0+~2.0.1-1 [20.2 kB]
#15 144.8 Get:313 http://deb.debian.org/debian trixie/main amd64 node-file-entry-cache all 6.0.1+~3.0.4+~2.0.0+~1.0.0+~2.0.1-1 [15.3 kB]
#15 144.8 Get:314 http://deb.debian.org/debian trixie/main amd64 node-functional-red-black-tree all 1.0.1+20181105-7 [14.1 kB]
#15 144.8 Get:315 http://deb.debian.org/debian trixie/main amd64 node-is-extglob all 2.1.1-5 [4612 B]
#15 144.8 Get:316 http://deb.debian.org/debian trixie/main amd64 node-is-glob all 4.0.3-2 [6620 B]
#15 144.8 Get:317 http://deb.debian.org/debian trixie/main amd64 node-path-dirname all 1.0.2-2 [4312 B]
#15 144.8 Get:318 http://deb.debian.org/debian trixie/main amd64 node-glob-parent all 6.0.2+~5.1.1-2 [8784 B]
#15 145.0 Get:319 http://deb.debian.org/debian trixie/main amd64 node-globals all 13.23.0-1 [11.3 kB]
#15 145.0 Get:320 http://deb.debian.org/debian trixie/main amd64 node-resolve-from all 5.0.0+~3.1.0+~3.3.0+~2.0.0-1 [7292 B]
#15 145.0 Get:321 http://deb.debian.org/debian trixie/main amd64 node-imurmurhash all 0.1.4+dfsg+~0.1.1-2 [8412 B]
#15 145.1 Get:322 http://deb.debian.org/debian trixie/main amd64 node-ignore all 5.2.1-1 [26.4 kB]
#15 145.2 Get:323 http://deb.debian.org/debian trixie/main amd64 node-prelude-ls all 1.2.1+dfsg-3 [11.3 kB]
#15 145.2 Get:324 http://deb.debian.org/debian trixie/main amd64 node-type-check all 0.4.0+dfsg-3 [9184 B]
#15 145.2 Get:325 http://deb.debian.org/debian trixie/main amd64 node-levn all 0.4.1+dfsg-2 [10.2 kB]
#15 145.4 Get:326 http://deb.debian.org/debian trixie/main amd64 node-lodash all 4.17.21+dfsg+~cs8.31.198.20210220-9 [462 kB]
#15 145.8 Get:327 http://deb.debian.org/debian trixie/main amd64 node-memfs all 3.4.12+~cs1.0.3-1 [46.8 kB]
#15 145.8 Get:328 http://deb.debian.org/debian trixie/main amd64 node-mkdirp all 2.1.6+~cs5.2.1-2 [24.1 kB]
#15 145.9 Get:329 http://deb.debian.org/debian trixie/main amd64 node-deep-is all 0.1.4-1 [5136 B]
#15 145.9 Get:330 http://deb.debian.org/debian trixie/main amd64 node-fast-levenshtein all 2.0.6+ds-3 [6040 B]
#15 145.9 Get:331 http://deb.debian.org/debian trixie/main amd64 node-optionator all 0.9.1+dfsg+~cs1.2.3-1 [17.6 kB]
#15 146.0 Get:332 http://deb.debian.org/debian trixie/main amd64 node-progress all 2.0.3-2 [8256 B]
#15 146.0 Get:333 http://deb.debian.org/debian trixie/main amd64 libjs-regenerate all 1.4.2-3 [14.3 kB]
#15 146.0 Get:334 http://deb.debian.org/debian trixie/main amd64 node-regenerate all 1.4.2-3 [7388 B]
#15 146.0 Get:335 http://deb.debian.org/debian trixie/main amd64 node-regenerate-unicode-properties all 10.1.0+ds-1 [50.7 kB]
#15 146.0 Get:336 http://deb.debian.org/debian trixie/main amd64 node-regexpp all 3.2.0-5 [27.0 kB]
#15 146.1 Get:337 http://deb.debian.org/debian trixie/main amd64 node-lru-cache all 10.0.1-3 [62.6 kB]
#15 146.2 Get:338 http://deb.debian.org/debian trixie/main amd64 node-semver all 7.6.1+~7.5.8-2 [49.5 kB]
#15 146.2 Get:339 http://deb.debian.org/debian trixie/main amd64 node-strip-json-comments all 4.0.0-4 [5668 B]
#15 146.2 Get:340 http://deb.debian.org/debian trixie/main amd64 node-json-schema all 0.4.0+~7.0.11-1 [13.1 kB]
#15 146.3 Get:341 http://deb.debian.org/debian trixie/main amd64 node-v8-compile-cache all 2.4.0-2 [8544 B]
#15 146.5 Get:342 http://deb.debian.org/debian trixie/main amd64 eslint all 6.4.0~dfsg+~6.1.9-12 [606 kB]
#15 147.2 Get:343 http://deb.debian.org/debian trixie/main amd64 fonts-droid-fallback all 1:8.1.0r7-1~1.gbp36536b [1807 kB]
#15 149.4 Get:344 http://deb.debian.org/debian trixie/main amd64 fonts-noto-mono all 20201225-2 [398 kB]
#15 150.1 Get:345 http://deb.debian.org/debian trixie/main amd64 libgs-common all 10.05.1~dfsg-1+deb13u1 [148 kB]
#15 150.5 Get:346 http://deb.debian.org/debian trixie/main amd64 libgs10-common all 10.05.1~dfsg-1+deb13u1 [479 kB]
#15 151.3 Get:347 http://deb.debian.org/debian trixie/main amd64 libavahi-common-data amd64 0.8-16 [112 kB]
#15 151.3 Get:348 http://deb.debian.org/debian trixie/main amd64 libavahi-common3 amd64 0.8-16 [44.2 kB]
#15 151.4 Get:349 http://deb.debian.org/debian trixie/main amd64 libavahi-client3 amd64 0.8-16 [48.4 kB]
#15 151.4 Get:350 http://deb.debian.org/debian trixie/main amd64 libcups2t64 amd64 2.4.10-3+deb13u2 [252 kB]
#15 151.8 Get:351 http://deb.debian.org/debian trixie/main amd64 libijs-0.35 amd64 0.35-15.2 [14.8 kB]
#15 151.8 Get:352 http://deb.debian.org/debian trixie/main amd64 libjbig2dec0 amd64 0.20-1+b3 [65.1 kB]
#15 151.8 Get:353 http://deb.debian.org/debian trixie/main amd64 libpaper2 amd64 2.2.5-0.3+b2 [16.7 kB]
#15 152.1 Get:354 http://deb.debian.org/debian trixie/main amd64 libgs10 amd64 10.05.1~dfsg-1+deb13u1 [2566 kB]
#15 ...

#12 [freeswitch stage-0 2/6] RUN apt-get update && apt-get install -y --no-install-recommends         gnupg2 wget lsb-release software-properties-common apt-transport-https curl         ca-certificates git cmake pkg-config build-essential libssl-dev zlib1g-dev libevent-dev libspeexdsp-dev     && rm -rf /var/lib/apt/lists/*
#12 156.9 Get:98 http://deb.debian.org/debian bookworm/main amd64 libxml2 amd64 2.9.14+dfsg-1.3~deb12u6 [689 kB]
#12 157.5 Get:99 http://deb.debian.org/debian bookworm/main amd64 libarchive13 amd64 3.6.2-1+deb12u4 [345 kB]
#12 157.9 Get:100 http://deb.debian.org/debian bookworm/main amd64 libbrotli1 amd64 1.0.9-2+b6 [275 kB]
#12 158.2 Get:101 http://deb.debian.org/debian bookworm/main amd64 libsasl2-modules-db amd64 2.1.28+dfsg-10 [20.3 kB]
#12 158.3 Get:102 http://deb.debian.org/debian bookworm/main amd64 libsasl2-2 amd64 2.1.28+dfsg-10 [59.7 kB]
#12 158.3 Get:103 http://deb.debian.org/debian bookworm/main amd64 libldap-2.5-0 amd64 2.5.13+dfsg-5 [183 kB]
#12 158.4 Get:104 http://deb.debian.org/debian bookworm/main amd64 libnghttp2-14 amd64 1.52.0-1+deb12u3 [72.4 kB]
#12 158.5 Get:105 http://deb.debian.org/debian bookworm/main amd64 librtmp1 amd64 2.4+20151223.gitfa8646d.1-2+b2 [60.8 kB]
#12 158.5 Get:106 http://deb.debian.org/debian bookworm/main amd64 libssh2-1 amd64 1.10.0-3+b1 [179 kB]
#12 158.7 Get:107 http://deb.debian.org/debian bookworm/main amd64 libcurl4 amd64 7.88.1-10+deb12u15 [392 kB]
#12 158.9 Get:108 http://deb.debian.org/debian bookworm/main amd64 libjsoncpp25 amd64 1.9.5-4 [78.6 kB]
#12 159.0 Get:109 http://deb.debian.org/debian bookworm/main amd64 librhash0 amd64 1.4.3-3 [134 kB]
#12 159.1 Get:110 http://deb.debian.org/debian bookworm/main amd64 libuv1 amd64 1.44.2-1+deb12u1 [136 kB]
#12 159.2 Get:111 http://deb.debian.org/debian bookworm/main amd64 cmake-data all 3.25.1-1 [2026 kB]
#12 160.2 Get:112 http://deb.debian.org/debian bookworm/main amd64 cmake amd64 3.25.1-1 [8692 kB]
#12 165.8 Get:113 http://deb.debian.org/debian bookworm/main amd64 curl amd64 7.88.1-10+deb12u15 [316 kB]
#12 166.1 Get:114 http://deb.debian.org/debian bookworm/main amd64 libassuan0 amd64 2.5.5-5 [48.5 kB]
#12 166.1 Get:115 http://deb.debian.org/debian bookworm/main amd64 gpgconf amd64 2.2.40-1.1+deb12u2 [565 kB]
#12 166.9 Get:116 http://deb.debian.org/debian bookworm/main amd64 libksba8 amd64 1.6.3-2 [128 kB]
#12 166.9 Get:117 http://deb.debian.org/debian bookworm/main amd64 libnpth0 amd64 1.6-3 [19.0 kB]
#12 166.9 Get:118 http://deb.debian.org/debian bookworm/main amd64 dirmngr amd64 2.2.40-1.1+deb12u2 [793 kB]
#12 167.7 Get:119 http://deb.debian.org/debian bookworm/main amd64 distro-info-data all 0.58+deb12u7 [6584 B]
#12 167.9 Get:120 http://deb.debian.org/debian bookworm/main amd64 libglib2.0-0 amd64 2.74.6-2+deb12u9 [1403 kB]
#12 ...

#15 [heroescrm  4/13] RUN apt update && apt install -y         nodejs         npm         libpng-dev         libjpeg-dev         libfreetype6-dev         zlib1g-dev         libxml2-dev         libzip-dev         libonig-dev         zip         curl         unzip         libsodium-dev         cron         exiftool         libmagickwand-dev         imagemagick                   supervisor     && docker-php-ext-install -j$(nproc) gd         pdo_mysql         mysqli         zip         pcntl         sodium         exif     && pecl install imagick         redis     && docker-php-ext-enable exif         imagick     && docker-php-source delete
#15 154.7 Get:355 http://deb.debian.org/debian trixie/main amd64 ghostscript amd64 10.05.1~dfsg-1+deb13u1 [50.4 kB]
#15 154.7 Get:356 http://deb.debian.org/debian trixie/main amd64 libngtcp2-16 amd64 1.11.0-1+deb13u1 [132 kB]
#15 154.8 Get:357 http://deb.debian.org/debian trixie/main amd64 libngtcp2-crypto-gnutls8 amd64 1.11.0-1+deb13u1 [29.5 kB]
#15 155.1 Get:358 http://deb.debian.org/debian trixie/main amd64 libcurl3t64-gnutls amd64 8.14.1-2+deb13u4 [384 kB]
#15 155.5 Get:359 http://deb.debian.org/debian trixie/main amd64 liberror-perl all 0.17030-1 [26.9 kB]
#15 155.5 Get:360 http://deb.debian.org/debian trixie/main amd64 git-man all 1:2.47.3-0+deb13u1 [2205 kB]
#15 157.7 Get:361 http://deb.debian.org/debian trixie/main amd64 git amd64 1:2.47.3-0+deb13u1 [8862 kB]
#15 ...

#12 [freeswitch stage-0 2/6] RUN apt-get update && apt-get install -y --no-install-recommends         gnupg2 wget lsb-release software-properties-common apt-transport-https curl         ca-certificates git cmake pkg-config build-essential libssl-dev zlib1g-dev libevent-dev libspeexdsp-dev     && rm -rf /var/lib/apt/lists/*
#12 169.4 Get:121 http://deb.debian.org/debian bookworm/main amd64 libgirepository-1.0-1 amd64 1.74.0-3 [101 kB]
#12 169.6 Get:122 http://deb.debian.org/debian bookworm/main amd64 gir1.2-glib-2.0 amd64 1.74.0-3 [159 kB]
#12 170.0 Get:123 http://deb.debian.org/debian bookworm/main amd64 libpackagekit-glib2-18 amd64 1.2.6-5+deb12u1 [113 kB]
#12 170.0 Get:124 http://deb.debian.org/debian bookworm/main amd64 gir1.2-packagekitglib-1.0 amd64 1.2.6-5+deb12u1 [26.0 kB]
#12 170.0 Get:125 http://deb.debian.org/debian bookworm/main amd64 libcurl3-gnutls amd64 7.88.1-10+deb12u15 [386 kB]
#12 170.4 Get:126 http://deb.debian.org/debian bookworm/main amd64 liberror-perl all 0.17029-2 [29.0 kB]
#12 170.5 Get:127 http://deb.debian.org/debian bookworm/main amd64 git-man all 1:2.39.5-0+deb12u3 [2053 kB]
#12 172.7 Get:128 http://deb.debian.org/debian bookworm/main amd64 git amd64 1:2.39.5-0+deb12u3 [7264 kB]
#12 ...

#15 [heroescrm  4/13] RUN apt update && apt install -y         nodejs         npm         libpng-dev         libjpeg-dev         libfreetype6-dev         zlib1g-dev         libxml2-dev         libzip-dev         libonig-dev         zip         curl         unzip         libsodium-dev         cron         exiftool         libmagickwand-dev         imagemagick                   supervisor     && docker-php-ext-install -j$(nproc) gd         pdo_mysql         mysqli         zip         pcntl         sodium         exif     && pecl install imagick         redis     && docker-php-ext-enable exif         imagick     && docker-php-source delete
#15 166.7 Get:362 http://deb.debian.org/debian trixie/main amd64 gyp all 0.16.2-2 [255 kB]
#15 166.9 Get:363 http://deb.debian.org/debian trixie/main amd64 node-neo-async all 2.6.2+~cs3.0.0-3 [41.8 kB]
#15 167.1 Get:364 http://deb.debian.org/debian trixie/main amd64 node-arrify all 2.0.1-3 [3700 B]
#15 167.1 Get:365 http://deb.debian.org/debian trixie/main amd64 node-is-plain-obj all 3.0.0-2 [3972 B]
#15 167.1 Get:366 http://deb.debian.org/debian trixie/main amd64 node-is-buffer all 2.0.5-2 [4112 B]
#15 167.2 Get:367 http://deb.debian.org/debian trixie/main amd64 node-kind-of all 6.0.3+dfsg-2 [10.2 kB]
#15 167.2 Get:368 http://deb.debian.org/debian trixie/main amd64 node-minimist all 1.2.8+~cs5.3.5-1 [15.9 kB]
#15 167.2 Get:369 http://deb.debian.org/debian trixie/main amd64 node-wordwrap all 1.0.0-4 [4628 B]
#15 167.2 Get:370 http://deb.debian.org/debian trixie/main amd64 node-optimist all 0.6.1+~0.0.30-2 [13.5 kB]
#15 167.2 Get:371 http://deb.debian.org/debian trixie/main amd64 libjs-source-map all 0.7.0++dfsg2+really.0.6.1-15 [29.6 kB]
#15 167.3 Get:372 http://deb.debian.org/debian trixie/main amd64 node-source-map all 0.7.0++dfsg2+really.0.6.1-15 [41.7 kB]
#15 167.4 Get:373 http://deb.debian.org/debian trixie/main amd64 handlebars all 3:4.7.7+~4.1.0-1 [199 kB]
#15 167.6 Get:374 http://deb.debian.org/debian trixie/main amd64 hicolor-icon-theme all 0.18-2 [11.8 kB]
#15 167.8 Get:375 http://deb.debian.org/debian-security trixie-security/main amd64 imagemagick-7.q16 amd64 8:7.1.1.43+dfsg1-1+deb13u11 [736 kB]
#15 168.4 Get:376 http://deb.debian.org/debian-security trixie-security/main amd64 imagemagick amd64 8:7.1.1.43+dfsg1-1+deb13u11 [29.4 kB]
#15 168.5 Get:377 http://deb.debian.org/debian trixie/main amd64 javascript-common all 12+nmu1 [4864 B]
#15 168.7 Get:378 http://deb.debian.org/debian trixie/main amd64 libabsl20240722 amd64 20240722.0-4 [492 kB]
#15 169.2 Get:379 http://deb.debian.org/debian-security trixie-security/main amd64 libaom3 amd64 3.12.1-1+deb13u1 [1872 kB]
#15 171.5 Get:380 http://deb.debian.org/debian trixie/main amd64 libarchive-zip-perl all 1.68-1 [104 kB]
#15 171.5 Get:381 http://deb.debian.org/debian trixie/main amd64 libauthen-sasl-perl all 2.1700-1 [44.8 kB]
#15 171.5 Get:382 http://deb.debian.org/debian trixie/main amd64 libclone-perl amd64 0.47-1+b1 [13.9 kB]
#15 171.5 Get:383 http://deb.debian.org/debian trixie/main amd64 libcompress-raw-lzma-perl amd64 2.213-1+b1 [38.2 kB]
#15 171.6 Get:384 http://deb.debian.org/debian trixie/main amd64 libjson-c5 amd64 0.18+ds-1 [46.0 kB]
#15 171.9 Get:385 http://deb.debian.org/debian trixie/main amd64 libcryptsetup12 amd64 2:2.7.5-2 [254 kB]
#15 172.1 Get:386 http://deb.debian.org/debian trixie/main amd64 libdata-dump-perl all 1.25-1 [28.4 kB]
#15 172.1 Get:387 http://deb.debian.org/debian trixie/main amd64 libdrm-common all 2.4.124-2 [8288 B]
#15 172.1 Get:388 http://deb.debian.org/debian trixie/main amd64 libdrm2 amd64 2.4.124-2 [39.0 kB]
#15 172.2 Get:389 http://deb.debian.org/debian trixie/main amd64 libdrm-amdgpu1 amd64 2.4.124-2 [22.6 kB]
#15 172.2 Get:390 http://deb.debian.org/debian trixie/main amd64 libpciaccess0 amd64 0.17-3+b3 [51.9 kB]
#15 172.2 Get:391 http://deb.debian.org/debian trixie/main amd64 libdrm-intel1 amd64 2.4.124-2 [64.1 kB]
#15 172.3 Get:392 http://deb.debian.org/debian trixie/main amd64 libwayland-server0 amd64 1.23.1-3 [34.4 kB]
#15 172.5 Get:393 http://deb.debian.org/debian trixie/main amd64 libz3-4 amd64 4.13.3-1 [8560 kB]
#15 ...

#12 [freeswitch stage-0 2/6] RUN apt-get update && apt-get install -y --no-install-recommends         gnupg2 wget lsb-release software-properties-common apt-transport-https curl         ca-certificates git cmake pkg-config build-essential libssl-dev zlib1g-dev libevent-dev libspeexdsp-dev     && rm -rf /var/lib/apt/lists/*
#12 182.5 Get:129 http://deb.debian.org/debian bookworm/main amd64 gnupg-l10n all 2.2.40-1.1+deb12u2 [1093 kB]
#12 184.5 Get:130 http://deb.debian.org/debian bookworm/main amd64 gnupg-utils amd64 2.2.40-1.1+deb12u2 [927 kB]
#12 186.4 Get:131 http://deb.debian.org/debian bookworm/main amd64 gpg amd64 2.2.40-1.1+deb12u2 [950 kB]
#12 187.9 Get:132 http://deb.debian.org/debian bookworm/main amd64 pinentry-curses amd64 1.2.1-1 [77.4 kB]
#12 188.0 Get:133 http://deb.debian.org/debian bookworm/main amd64 gpg-agent amd64 2.2.40-1.1+deb12u2 [695 kB]
#12 189.5 Get:134 http://deb.debian.org/debian bookworm/main amd64 gpg-wks-client amd64 2.2.40-1.1+deb12u2 [541 kB]
#12 190.8 Get:135 http://deb.debian.org/debian bookworm/main amd64 gpg-wks-server amd64 2.2.40-1.1+deb12u2 [531 kB]
#12 191.8 Get:136 http://deb.debian.org/debian bookworm/main amd64 gpgsm amd64 2.2.40-1.1+deb12u2 [671 kB]
#12 193.0 Get:137 http://deb.debian.org/debian bookworm/main amd64 gnupg all 2.2.40-1.1+deb12u2 [846 kB]
#12 194.5 Get:138 http://deb.debian.org/debian bookworm/main amd64 gnupg2 all 2.2.40-1.1+deb12u2 [446 kB]
#12 ...

#15 [heroescrm  4/13] RUN apt update && apt install -y         nodejs         npm         libpng-dev         libjpeg-dev         libfreetype6-dev         zlib1g-dev         libxml2-dev         libzip-dev         libonig-dev         zip         curl         unzip         libsodium-dev         cron         exiftool         libmagickwand-dev         imagemagick                   supervisor     && docker-php-ext-install -j$(nproc) gd         pdo_mysql         mysqli         zip         pcntl         sodium         exif     && pecl install imagick         redis     && docker-php-ext-enable exif         imagick     && docker-php-source delete
#15 181.1 Get:394 http://deb.debian.org/debian trixie/main amd64 libllvm19 amd64 1:19.1.7-3+b1 [26.0 MB]
#15 ...

#12 [freeswitch stage-0 2/6] RUN apt-get update && apt-get install -y --no-install-recommends         gnupg2 wget lsb-release software-properties-common apt-transport-https curl         ca-certificates git cmake pkg-config build-essential libssl-dev zlib1g-dev libevent-dev libspeexdsp-dev     && rm -rf /var/lib/apt/lists/*
#12 195.4 Get:139 http://deb.debian.org/debian bookworm/main amd64 iso-codes all 4.15.0-1 [2906 kB]
#12 200.3 Get:140 http://deb.debian.org/debian bookworm/main amd64 libstemmer0d amd64 2.2.0-2 [118 kB]
#12 200.4 Get:141 http://deb.debian.org/debian bookworm/main amd64 libxmlb2 amd64 0.3.22-1~deb12u1 [61.0 kB]
#12 200.6 Get:142 http://deb.debian.org/debian bookworm/main amd64 libyaml-0-2 amd64 0.2.5-1 [53.6 kB]
#12 200.7 Get:143 http://deb.debian.org/debian bookworm/main amd64 libappstream4 amd64 0.16.1-2+b1 [198 kB]
#12 200.9 Get:144 http://deb.debian.org/debian bookworm/main amd64 libcap2-bin amd64 1:2.66-4+deb12u3+b1 [35.2 kB]
#12 201.3 Get:145 http://deb.debian.org/debian bookworm/main amd64 libduktape207 amd64 2.7.0-2 [134 kB]
#12 201.9 Get:146 http://deb.debian.org/debian bookworm/main amd64 libelf1 amd64 0.188-2.1 [174 kB]
#12 202.4 Get:147 http://deb.debian.org/debian bookworm/main amd64 libdw1 amd64 0.188-2.1 [235 kB]
#12 203.1 Get:148 http://deb.debian.org/debian bookworm/main amd64 libevent-2.1-7 amd64 2.1.12-stable-8 [180 kB]
#12 203.7 Get:149 http://deb.debian.org/debian bookworm/main amd64 libevent-core-2.1-7 amd64 2.1.12-stable-8 [131 kB]
#12 204.1 Get:150 http://deb.debian.org/debian bookworm/main amd64 libevent-extra-2.1-7 amd64 2.1.12-stable-8 [107 kB]
#12 204.3 Get:151 http://deb.debian.org/debian bookworm/main amd64 libevent-pthreads-2.1-7 amd64 2.1.12-stable-8 [53.6 kB]
#12 204.4 Get:152 http://deb.debian.org/debian bookworm/main amd64 libevent-openssl-2.1-7 amd64 2.1.12-stable-8 [60.6 kB]
#12 204.8 Get:153 http://deb.debian.org/debian bookworm/main amd64 libevent-dev amd64 2.1.12-stable-8 [305 kB]
#12 205.5 Get:154 http://deb.debian.org/debian bookworm/main amd64 libglib2.0-data all 2.74.6-2+deb12u9 [1211 kB]
#12 207.7 Get:155 http://deb.debian.org/debian bookworm/main amd64 libglib2.0-bin amd64 2.74.6-2+deb12u9 [112 kB]
#12 207.9 Get:156 http://deb.debian.org/debian bookworm/main amd64 libunwind8 amd64 1.6.2-3 [51.2 kB]
#12 208.0 Get:157 http://deb.debian.org/debian bookworm/main amd64 libgstreamer1.0-0 amd64 1.22.0-2+deb12u1 [1170 kB]
#12 209.9 Get:158 http://deb.debian.org/debian bookworm/main amd64 libpkgconf3 amd64 1.8.1-1 [36.1 kB]
#12 209.9 Get:159 http://deb.debian.org/debian bookworm/main amd64 libpolkit-gobject-1-0 amd64 122-3 [43.9 kB]
#12 210.0 Get:160 http://deb.debian.org/debian bookworm/main amd64 libpolkit-agent-1-0 amd64 122-3 [24.4 kB]
#12 210.0 Get:161 http://deb.debian.org/debian bookworm/main amd64 libspeexdsp1 amd64 1.2.1-1 [40.9 kB]
#12 210.1 Get:162 http://deb.debian.org/debian bookworm/main amd64 libspeexdsp-dev amd64 1.2.1-1 [50.6 kB]
#12 210.4 Get:163 http://deb.debian.org/debian bookworm/main amd64 libssl-dev amd64 3.0.20-1~deb12u2 [2443 kB]
#12 215.2 Get:164 http://deb.debian.org/debian bookworm/main amd64 lsb-release all 12.0-1 [6416 B]
#12 215.2 Get:165 http://deb.debian.org/debian bookworm/main amd64 xml-core all 0.18+nmu1 [23.8 kB]
#12 215.5 Get:166 http://deb.debian.org/debian bookworm/main amd64 polkitd amd64 122-3 [112 kB]
#12 215.9 Get:167 http://deb.debian.org/debian bookworm/main amd64 packagekit amd64 1.2.6-5+deb12u1 [610 kB]
#12 216.9 Get:168 http://deb.debian.org/debian bookworm/main amd64 pkgconf-bin amd64 1.8.1-1 [29.5 kB]
#12 217.0 Get:169 http://deb.debian.org/debian bookworm/main amd64 pkgconf amd64 1.8.1-1 [25.9 kB]
#12 217.0 Get:170 http://deb.debian.org/debian bookworm/main amd64 pkg-config amd64 1.8.1-1 [13.7 kB]
#12 217.0 Get:171 http://deb.debian.org/debian bookworm/main amd64 python-apt-common all 2.6.0 [64.3 kB]
#12 217.4 Get:172 http://deb.debian.org/debian bookworm/main amd64 python3-apt amd64 2.6.0 [159 kB]
#12 217.6 Get:173 http://deb.debian.org/debian bookworm/main amd64 python3-blinker all 1.5-1 [14.7 kB]
#12 217.6 Get:174 http://deb.debian.org/debian bookworm/main amd64 python3-cffi-backend amd64 1.15.1-5+b1 [84.6 kB]
#12 217.7 Get:175 http://deb.debian.org/debian bookworm/main amd64 python3-cryptography amd64 38.0.4-3+deb12u1 [665 kB]
#12 ...

#15 [heroescrm  4/13] RUN apt update && apt install -y         nodejs         npm         libpng-dev         libjpeg-dev         libfreetype6-dev         zlib1g-dev         libxml2-dev         libzip-dev         libonig-dev         zip         curl         unzip         libsodium-dev         cron         exiftool         libmagickwand-dev         imagemagick                   supervisor     && docker-php-ext-install -j$(nproc) gd         pdo_mysql         mysqli         zip         pcntl         sodium         exif     && pecl install imagick         redis     && docker-php-ext-enable exif         imagick     && docker-php-source delete
#15 204.2 Get:395 http://deb.debian.org/debian trixie/main amd64 libsensors-config all 1:3.6.2-2 [16.2 kB]
#15 204.2 Get:396 http://deb.debian.org/debian trixie/main amd64 libsensors5 amd64 1:3.6.2-2 [37.5 kB]
#15 204.2 Get:397 http://deb.debian.org/debian trixie/main amd64 libx11-xcb1 amd64 2:1.8.12-1 [247 kB]
#15 204.4 Get:398 http://deb.debian.org/debian trixie/main amd64 libxcb-dri3-0 amd64 1.17.0-2+b1 [107 kB]
#15 204.4 Get:399 http://deb.debian.org/debian trixie/main amd64 libxcb-present0 amd64 1.17.0-2+b1 [106 kB]
#15 204.5 Get:400 http://deb.debian.org/debian trixie/main amd64 libxcb-randr0 amd64 1.17.0-2+b1 [117 kB]
#15 204.6 Get:401 http://deb.debian.org/debian trixie/main amd64 libxcb-sync1 amd64 1.17.0-2+b1 [109 kB]
#15 204.6 Get:402 http://deb.debian.org/debian trixie/main amd64 libxcb-xfixes0 amd64 1.17.0-2+b1 [109 kB]
#15 204.8 Get:403 http://deb.debian.org/debian trixie/main amd64 libxshmfence1 amd64 1.3.3-1 [10.9 kB]
#15 204.8 Get:404 http://deb.debian.org/debian trixie/main amd64 mesa-libgallium amd64 25.0.7-2+deb13u1 [9630 kB]
#15 ...

#12 [freeswitch stage-0 2/6] RUN apt-get update && apt-get install -y --no-install-recommends         gnupg2 wget lsb-release software-properties-common apt-transport-https curl         ca-certificates git cmake pkg-config build-essential libssl-dev zlib1g-dev libevent-dev libspeexdsp-dev     && rm -rf /var/lib/apt/lists/*
#12 218.9 Get:176 http://deb.debian.org/debian bookworm/main amd64 python3-dbus amd64 1.3.2-4+b1 [95.1 kB]
#12 219.1 Get:177 http://deb.debian.org/debian bookworm/main amd64 python3-distro all 1.8.0-1 [20.5 kB]
#12 219.3 Get:178 http://deb.debian.org/debian bookworm/main amd64 python3-gi amd64 3.42.2-3+b1 [219 kB]
#12 219.7 Get:179 http://deb.debian.org/debian bookworm/main amd64 python3-pyparsing all 3.0.9-1 [138 kB]
#12 219.9 Get:180 http://deb.debian.org/debian-security bookworm-security/main amd64 python3-httplib2 all 0.20.4-3+deb12u1 [39.0 kB]
#12 219.9 Get:181 http://deb.debian.org/debian bookworm/main amd64 python3-jwt all 2.6.0-1+deb12u1 [27.1 kB]
#12 220.0 Get:182 http://deb.debian.org/debian bookworm/main amd64 python3-pkg-resources all 66.1.1-1+deb12u2 [297 kB]
#12 220.6 Get:183 http://deb.debian.org/debian bookworm/main amd64 python3-lazr.uri all 1.0.6-3 [13.7 kB]
#12 220.7 Get:184 http://deb.debian.org/debian bookworm/main amd64 python3-wadllib all 1.3.6-4 [37.2 kB]
#12 220.7 Get:185 http://deb.debian.org/debian bookworm/main amd64 python3-oauthlib all 3.2.2-1 [95.4 kB]
#12 220.9 Get:186 http://deb.debian.org/debian bookworm/main amd64 python3-six all 1.16.0-4 [17.5 kB]
#12 220.9 Get:187 http://deb.debian.org/debian bookworm/main amd64 python3-lazr.restfulclient all 0.14.5-1 [50.4 kB]
#12 221.0 Get:188 http://deb.debian.org/debian bookworm/main amd64 python3-software-properties all 0.99.30-4.1~deb12u1 [32.9 kB]
#12 221.0 Get:189 http://deb.debian.org/debian bookworm/main amd64 software-properties-common all 0.99.30-4.1~deb12u1 [62.1 kB]
#12 221.3 Get:190 http://deb.debian.org/debian bookworm/main amd64 zlib1g-dev amd64 1:1.2.13.dfsg-1 [916 kB]
#12 224.0 debconf: delaying package configuration, since apt-utils is not installed
#12 224.2 Fetched 150 MB in 3min 12s (780 kB/s)
#12 224.3 Selecting previously unselected package libssl3:amd64.
#12 224.3 (Reading database ... (Reading database ... 5%(Reading database ... 10%(Reading database ... 15%(Reading database ... 20%(Reading database ... 25%(Reading database ... 30%(Reading database ... 35%(Reading database ... 40%(Reading database ... 45%(Reading database ... 50%(Reading database ... 55%(Reading database ... 60%(Reading database ... 65%(Reading database ... 70%(Reading database ... 75%(Reading database ... 80%(Reading database ... 85%(Reading database ... 90%(Reading database ... 95%(Reading database ... 100%(Reading database ... 6096 files and directories currently installed.)
#12 224.5 Preparing to unpack .../00-libssl3_3.0.20-1~deb12u2_amd64.deb ...
#12 224.5 Unpacking libssl3:amd64 (3.0.20-1~deb12u2) ...
#12 225.1 Selecting previously unselected package libargon2-1:amd64.
#12 225.1 Preparing to unpack .../01-libargon2-1_0~20171227-0.3+deb12u1_amd64.deb ...
#12 225.1 Unpacking libargon2-1:amd64 (0~20171227-0.3+deb12u1) ...
#12 225.3 Selecting previously unselected package dmsetup.
#12 225.3 Preparing to unpack .../02-dmsetup_2%3a1.02.185-2_amd64.deb ...
#12 225.3 Unpacking dmsetup (2:1.02.185-2) ...
#12 225.4 Selecting previously unselected package libdevmapper1.02.1:amd64.
#12 225.4 Preparing to unpack .../03-libdevmapper1.02.1_2%3a1.02.185-2_amd64.deb ...
#12 225.4 Unpacking libdevmapper1.02.1:amd64 (2:1.02.185-2) ...
#12 225.6 Selecting previously unselected package libjson-c5:amd64.
#12 225.6 Preparing to unpack .../04-libjson-c5_0.16-2_amd64.deb ...
#12 225.6 Unpacking libjson-c5:amd64 (0.16-2) ...
#12 225.8 Selecting previously unselected package libcryptsetup12:amd64.
#12 225.8 Preparing to unpack .../05-libcryptsetup12_2%3a2.6.1-4~deb12u2_amd64.deb ...
#12 225.8 Unpacking libcryptsetup12:amd64 (2:2.6.1-4~deb12u2) ...
#12 ...

#15 [heroescrm  4/13] RUN apt update && apt install -y         nodejs         npm         libpng-dev         libjpeg-dev         libfreetype6-dev         zlib1g-dev         libxml2-dev         libzip-dev         libonig-dev         zip         curl         unzip         libsodium-dev         cron         exiftool         libmagickwand-dev         imagemagick                   supervisor     && docker-php-ext-install -j$(nproc) gd         pdo_mysql         mysqli         zip         pcntl         sodium         exif     && pecl install imagick         redis     && docker-php-ext-enable exif         imagick     && docker-php-source delete
#15 211.6 Get:405 http://deb.debian.org/debian trixie/main amd64 libgbm1 amd64 25.0.7-2+deb13u1 [44.6 kB]
#15 211.6 Get:406 http://deb.debian.org/debian trixie/main amd64 libwayland-client0 amd64 1.23.1-3 [26.8 kB]
#15 211.7 Get:407 http://deb.debian.org/debian trixie/main amd64 libegl-mesa0 amd64 25.0.7-2+deb13u1 [128 kB]
#15 211.7 Get:408 http://deb.debian.org/debian trixie/main amd64 libencode-locale-perl all 1.05-3 [12.9 kB]
#15 212.1 Get:409 http://deb.debian.org/debian trixie/main amd64 libexif-doc all 0.6.25-1+deb13u1 [166 kB]
#15 212.1 Get:410 http://deb.debian.org/debian trixie/main amd64 libipc-system-simple-perl all 1.30-2 [26.8 kB]
#15 212.1 Get:411 http://deb.debian.org/debian trixie/main amd64 libfile-basedir-perl all 0.09-2 [15.1 kB]
#15 212.3 Get:412 http://deb.debian.org/debian trixie/main amd64 liburi-perl all 5.30-1 [105 kB]
#15 212.4 Get:413 http://deb.debian.org/debian trixie/main amd64 libfile-desktopentry-perl all 0.22-3 [17.6 kB]
#15 212.4 Get:414 http://deb.debian.org/debian trixie/main amd64 libtimedate-perl all 2.3300-2 [39.3 kB]
#15 212.4 Get:415 http://deb.debian.org/debian trixie/main amd64 libhttp-date-perl all 6.06-1 [10.7 kB]
#15 212.4 Get:416 http://deb.debian.org/debian trixie/main amd64 libfile-listing-perl all 6.16-1 [12.4 kB]
#15 212.4 Get:417 http://deb.debian.org/debian trixie/main amd64 libfile-mimeinfo-perl all 0.35-1 [44.4 kB]
#15 212.4 Get:418 http://deb.debian.org/debian trixie/main amd64 libfont-afm-perl all 1.20-4 [13.1 kB]
#15 213.0 Get:419 http://deb.debian.org/debian trixie/main amd64 libglvnd0 amd64 1.7.0-1+b2 [52.0 kB]
#15 213.4 Get:420 http://deb.debian.org/debian trixie/main amd64 libxcb-glx0 amd64 1.17.0-2+b1 [122 kB]
#15 213.4 Get:421 http://deb.debian.org/debian trixie/main amd64 libxxf86vm1 amd64 1:1.1.4-1+b4 [19.3 kB]
#15 213.5 Get:422 http://deb.debian.org/debian trixie/main amd64 libvulkan1 amd64 1.4.309.0-1 [130 kB]
#15 213.5 Get:423 http://deb.debian.org/debian trixie/main amd64 libgl1-mesa-dri amd64 25.0.7-2+deb13u1 [46.2 kB]
#15 213.9 Get:424 http://deb.debian.org/debian trixie/main amd64 libglx-mesa0 amd64 25.0.7-2+deb13u1 [143 kB]
#15 213.9 Get:425 http://deb.debian.org/debian trixie/main amd64 libglx0 amd64 1.7.0-1+b2 [34.9 kB]
#15 213.9 Get:426 http://deb.debian.org/debian trixie/main amd64 libgl1 amd64 1.7.0-1+b2 [89.5 kB]
#15 214.0 Get:427 http://deb.debian.org/debian trixie/main amd64 libgles2 amd64 1.7.0-1+b2 [17.3 kB]
#15 214.0 Get:428 http://deb.debian.org/debian trixie/main amd64 libgpm2 amd64 1.20.7-11+b2 [14.4 kB]
#15 214.0 Get:429 http://deb.debian.org/debian-security trixie-security/main amd64 libheif-plugin-aomenc amd64 1.19.8-1+deb13u1 [24.1 kB]
#15 214.0 Get:430 http://deb.debian.org/debian trixie/main amd64 libnuma1 amd64 2.0.19-1 [22.2 kB]
#15 214.2 Get:431 http://deb.debian.org/debian trixie/main amd64 libx265-215 amd64 4.1-2 [1237 kB]
#15 215.0 Get:432 http://deb.debian.org/debian-security trixie-security/main amd64 libheif-plugin-x265 amd64 1.19.8-1+deb13u1 [22.2 kB]
#15 215.0 Get:433 http://deb.debian.org/debian trixie/main amd64 libhtml-tagset-perl all 3.24-1 [14.7 kB]
#15 215.0 Get:434 http://deb.debian.org/debian trixie/main amd64 libhtml-parser-perl amd64 3.83-2~deb13u1 [99.6 kB]
#15 215.0 Get:435 http://deb.debian.org/debian trixie/main amd64 libio-html-perl all 1.004-3 [16.2 kB]
#15 215.0 Get:436 http://deb.debian.org/debian trixie/main amd64 liblwp-mediatypes-perl all 6.04-2 [20.2 kB]
#15 215.1 Get:437 http://deb.debian.org/debian trixie/main amd64 libhttp-message-perl all 7.00-2 [79.8 kB]
#15 215.1 Get:438 http://deb.debian.org/debian trixie/main amd64 libhtml-form-perl all 6.12-1 [32.3 kB]
#15 215.4 Get:439 http://deb.debian.org/debian trixie/main amd64 libhtml-tree-perl all 5.07-3 [211 kB]
#15 215.5 Get:440 http://deb.debian.org/debian trixie/main amd64 libhtml-format-perl all 2.16-2 [38.8 kB]
#15 215.5 Get:441 http://deb.debian.org/debian trixie/main amd64 libhttp-cookies-perl all 6.11-1 [19.1 kB]
#15 215.5 Get:442 http://deb.debian.org/debian trixie/main amd64 libhttp-daemon-perl all 6.16-1+deb13u1 [23.8 kB]
#15 215.5 Get:443 http://deb.debian.org/debian trixie/main amd64 libhttp-negotiate-perl all 6.01-2 [13.1 kB]
#15 215.8 Get:444 http://deb.debian.org/debian trixie/main amd64 libimage-exiftool-perl all 13.25+dfsg-1 [5736 kB]
#15 ...

#12 [freeswitch stage-0 2/6] RUN apt-get update && apt-get install -y --no-install-recommends         gnupg2 wget lsb-release software-properties-common apt-transport-https curl         ca-certificates git cmake pkg-config build-essential libssl-dev zlib1g-dev libevent-dev libspeexdsp-dev     && rm -rf /var/lib/apt/lists/*
#12 226.0 Selecting previously unselected package libfdisk1:amd64.
#12 226.0 Preparing to unpack .../06-libfdisk1_2.38.1-5+deb12u3_amd64.deb ...
#12 226.0 Unpacking libfdisk1:amd64 (2.38.1-5+deb12u3) ...
#12 226.2 Selecting previously unselected package libkmod2:amd64.
#12 226.2 Preparing to unpack .../07-libkmod2_30+20221128-1_amd64.deb ...
#12 226.2 Unpacking libkmod2:amd64 (30+20221128-1) ...
#12 226.3 Selecting previously unselected package libapparmor1:amd64.
#12 226.3 Preparing to unpack .../08-libapparmor1_3.0.8-3_amd64.deb ...
#12 226.3 Unpacking libapparmor1:amd64 (3.0.8-3) ...
#12 226.4 Selecting previously unselected package libip4tc2:amd64.
#12 226.4 Preparing to unpack .../09-libip4tc2_1.8.9-2_amd64.deb ...
#12 226.4 Unpacking libip4tc2:amd64 (1.8.9-2) ...
#12 226.5 Selecting previously unselected package libsystemd-shared:amd64.
#12 226.5 Preparing to unpack .../10-libsystemd-shared_252.39-1~deb12u2_amd64.deb ...
#12 226.5 Unpacking libsystemd-shared:amd64 (252.39-1~deb12u2) ...
#12 226.9 Setting up libssl3:amd64 (3.0.20-1~deb12u2) ...
#12 227.0 Selecting previously unselected package systemd.
#12 227.0 (Reading database ... (Reading database ... 5%(Reading database ... 10%(Reading database ... 15%(Reading database ... 20%(Reading database ... 25%(Reading database ... 30%(Reading database ... 35%(Reading database ... 40%(Reading database ... 45%(Reading database ... 50%(Reading database ... 55%(Reading database ... 60%(Reading database ... 65%(Reading database ... 70%(Reading database ... 75%(Reading database ... 80%(Reading database ... 85%(Reading database ... 90%(Reading database ... 95%(Reading database ... 100%(Reading database ... 6182 files and directories currently installed.)
#12 227.1 Preparing to unpack .../systemd_252.39-1~deb12u2_amd64.deb ...
#12 227.1 Unpacking systemd (252.39-1~deb12u2) ...
#12 227.6 Setting up libargon2-1:amd64 (0~20171227-0.3+deb12u1) ...
#12 227.7 Setting up libjson-c5:amd64 (0.16-2) ...
#12 227.7 Setting up libfdisk1:amd64 (2.38.1-5+deb12u3) ...
#12 227.8 Setting up libkmod2:amd64 (30+20221128-1) ...
#12 227.9 Setting up libapparmor1:amd64 (3.0.8-3) ...
#12 227.9 Setting up libip4tc2:amd64 (1.8.9-2) ...
#12 227.9 Setting up libsystemd-shared:amd64 (252.39-1~deb12u2) ...
#12 228.0 Setting up libdevmapper1.02.1:amd64 (2:1.02.185-2) ...
#12 228.0 Setting up libcryptsetup12:amd64 (2:2.6.1-4~deb12u2) ...
#12 228.0 Setting up systemd (252.39-1~deb12u2) ...
#12 228.2 Created symlink /etc/systemd/system/getty.target.wants/getty@tty1.service → /lib/systemd/system/getty@.service.
#12 228.2 Created symlink /etc/systemd/system/multi-user.target.wants/remote-fs.target → /lib/systemd/system/remote-fs.target.
#12 228.3 Created symlink /etc/systemd/system/sysinit.target.wants/systemd-pstore.service → /lib/systemd/system/systemd-pstore.service.
#12 228.3 Initializing machine ID from random generator.
#12 228.4 Creating group 'systemd-journal' with GID 999.
#12 228.4 Creating group 'systemd-network' with GID 998.
#12 228.4 Creating user 'systemd-network' (systemd Network Management) with UID 998 and GID 998.
#12 228.5 Setting up dmsetup (2:1.02.185-2) ...
#12 228.7 Selecting previously unselected package systemd-sysv.
#12 228.7 (Reading database ... (Reading database ... 5%(Reading database ... 10%(Reading database ... 15%(Reading database ... 20%(Reading database ... 25%(Reading database ... 30%(Reading database ... 35%(Reading database ... 40%(Reading database ... 45%(Reading database ... 50%(Reading database ... 55%(Reading database ... 60%(Reading database ... 65%(Reading database ... 70%(Reading database ... 75%(Reading database ... 80%(Reading database ... 85%(Reading database ... 90%(Reading database ... 95%(Reading database ... 100%(Reading database ... 7031 files and directories currently installed.)
#12 228.7 Preparing to unpack .../00-systemd-sysv_252.39-1~deb12u2_amd64.deb ...
#12 228.7 Unpacking systemd-sysv (252.39-1~deb12u2) ...
#12 228.9 Selecting previously unselected package libdbus-1-3:amd64.
#12 228.9 Preparing to unpack .../01-libdbus-1-3_1.14.10-1~deb12u1_amd64.deb ...
#12 228.9 Unpacking libdbus-1-3:amd64 (1.14.10-1~deb12u1) ...
#12 229.0 Selecting previously unselected package dbus-bin.
#12 229.0 Preparing to unpack .../02-dbus-bin_1.14.10-1~deb12u1_amd64.deb ...
#12 229.0 Unpacking dbus-bin (1.14.10-1~deb12u1) ...
#12 229.1 Selecting previously unselected package dbus-session-bus-common.
#12 229.1 Preparing to unpack .../03-dbus-session-bus-common_1.14.10-1~deb12u1_all.deb ...
#12 229.1 Unpacking dbus-session-bus-common (1.14.10-1~deb12u1) ...
#12 229.3 Selecting previously unselected package libexpat1:amd64.
#12 229.3 Preparing to unpack .../04-libexpat1_2.5.0-1+deb12u2_amd64.deb ...
#12 229.3 Unpacking libexpat1:amd64 (2.5.0-1+deb12u2) ...
#12 229.4 Selecting previously unselected package dbus-daemon.
#12 229.4 Preparing to unpack .../05-dbus-daemon_1.14.10-1~deb12u1_amd64.deb ...
#12 229.4 Unpacking dbus-daemon (1.14.10-1~deb12u1) ...
#12 229.5 Selecting previously unselected package dbus-system-bus-common.
#12 229.5 Preparing to unpack .../06-dbus-system-bus-common_1.14.10-1~deb12u1_all.deb ...
#12 229.5 Unpacking dbus-system-bus-common (1.14.10-1~deb12u1) ...
#12 229.6 Selecting previously unselected package dbus.
#12 229.6 Preparing to unpack .../07-dbus_1.14.10-1~deb12u1_amd64.deb ...
#12 229.6 Unpacking dbus (1.14.10-1~deb12u1) ...
#12 229.8 Selecting previously unselected package perl-modules-5.36.
#12 229.8 Preparing to unpack .../08-perl-modules-5.36_5.36.0-7+deb12u3_all.deb ...
#12 229.8 Unpacking perl-modules-5.36 (5.36.0-7+deb12u3) ...
#12 231.0 Selecting previously unselected package libgdbm6:amd64.
#12 231.0 Preparing to unpack .../09-libgdbm6_1.23-3_amd64.deb ...
#12 231.0 Unpacking libgdbm6:amd64 (1.23-3) ...
#12 231.1 Selecting previously unselected package libgdbm-compat4:amd64.
#12 231.1 Preparing to unpack .../10-libgdbm-compat4_1.23-3_amd64.deb ...
#12 231.1 Unpacking libgdbm-compat4:amd64 (1.23-3) ...
#12 231.3 Selecting previously unselected package libperl5.36:amd64.
#12 231.4 Preparing to unpack .../11-libperl5.36_5.36.0-7+deb12u3_amd64.deb ...
#12 231.4 Unpacking libperl5.36:amd64 (5.36.0-7+deb12u3) ...
#12 232.9 Selecting previously unselected package perl.
#12 232.9 Preparing to unpack .../12-perl_5.36.0-7+deb12u3_amd64.deb ...
#12 233.0 Unpacking perl (5.36.0-7+deb12u3) ...
#12 233.3 Selecting previously unselected package libpython3.11-minimal:amd64.
#12 233.3 Preparing to unpack .../13-libpython3.11-minimal_3.11.2-6+deb12u8_amd64.deb ...
#12 233.4 Unpacking libpython3.11-minimal:amd64 (3.11.2-6+deb12u8) ...
#12 233.9 Selecting previously unselected package python3.11-minimal.
#12 233.9 Preparing to unpack .../14-python3.11-minimal_3.11.2-6+deb12u8_amd64.deb ...
#12 233.9 Unpacking python3.11-minimal (3.11.2-6+deb12u8) ...
#12 234.4 Setting up libpython3.11-minimal:amd64 (3.11.2-6+deb12u8) ...
#12 234.4 Setting up libexpat1:amd64 (2.5.0-1+deb12u2) ...
#12 234.5 Setting up python3.11-minimal (3.11.2-6+deb12u8) ...
#12 ...

#15 [heroescrm  4/13] RUN apt update && apt install -y         nodejs         npm         libpng-dev         libjpeg-dev         libfreetype6-dev         zlib1g-dev         libxml2-dev         libzip-dev         libonig-dev         zip         curl         unzip         libsodium-dev         cron         exiftool         libmagickwand-dev         imagemagick                   supervisor     && docker-php-ext-install -j$(nproc) gd         pdo_mysql         mysqli         zip         pcntl         sodium         exif     && pecl install imagick         redis     && docker-php-ext-enable exif         imagick     && docker-php-source delete
#15 220.4 Get:445 http://deb.debian.org/debian trixie/main amd64 libio-compress-brotli-perl amd64 0.004001-2+b3 [16.9 kB]
#15 220.4 Get:446 http://deb.debian.org/debian trixie/main amd64 perl-openssl-defaults amd64 7+b2 [6724 B]
#15 220.7 Get:447 http://deb.debian.org/debian trixie/main amd64 libnet-ssleay-perl amd64 1.94-3 [339 kB]
#15 221.1 Get:448 http://deb.debian.org/debian trixie/main amd64 libio-socket-ssl-perl all 2.089-1 [223 kB]
#15 221.3 Get:449 http://deb.debian.org/debian trixie/main amd64 libio-stringy-perl all 2.113-2 [48.3 kB]
#15 221.3 Get:450 http://deb.debian.org/debian trixie/main amd64 libjs-events all 3.3.0+~3.0.0-3 [11.3 kB]
#15 221.3 Get:451 http://deb.debian.org/debian trixie/main amd64 libjs-is-typedarray all 1.0.0-4 [3816 B]
#15 221.3 Get:452 http://deb.debian.org/debian trixie/main amd64 libjs-prettify all 2015.12.04+dfsg-1.1 [41.7 kB]
#15 221.4 Get:453 http://deb.debian.org/debian trixie/main amd64 libjs-sprintf-js all 1.1.2+ds1+~1.1.2-1 [12.8 kB]
#15 221.4 Get:454 http://deb.debian.org/debian trixie/main amd64 libjs-typedarray-to-buffer all 4.0.0-2 [4668 B]
#15 221.6 Get:455 http://deb.debian.org/debian trixie/main amd64 node-lodash-packages all 4.17.21+dfsg+~cs8.31.198.20210220-9 [179 kB]
#15 221.6 Get:456 http://deb.debian.org/debian trixie/main amd64 node-function-bind all 1.1.2+~cs2.1.14-1 [24.6 kB]
#15 221.7 Get:457 http://deb.debian.org/debian trixie/main amd64 node-object-inspect all 1.12.2+~cs1.8.1-1 [20.8 kB]
#15 222.0 Get:458 http://deb.debian.org/debian trixie/main amd64 node-es-abstract all 1.20.4+~cs26.27.47-2 [137 kB]
#15 222.0 Get:459 http://deb.debian.org/debian trixie/main amd64 node-resolve all 1.22.8+~cs5.34.15-2 [29.8 kB]
#15 222.0 Get:460 http://deb.debian.org/debian trixie/main amd64 node-define-properties all 1.2.1+~cs2.2.3-1 [9080 B]
#15 222.0 Get:461 http://deb.debian.org/debian trixie/main amd64 node-debbundle-es-to-primitive all 1.2.1+~cs9.7.25-2 [39.9 kB]
#15 222.1 Get:462 http://deb.debian.org/debian trixie/main amd64 node-isobject all 4.0.0-2 [5332 B]
#15 222.1 Get:463 http://deb.debian.org/debian trixie/main amd64 node-is-descriptor all 3.0.0-2 [5556 B]
#15 222.1 Get:464 http://deb.debian.org/debian trixie/main amd64 node-define-property all 2.0.2+really+2.0.2-3 [6820 B]
#15 222.1 Get:465 http://deb.debian.org/debian trixie/main amd64 node-defined all 1.0.1+~1.0.0-1 [6776 B]
#15 222.1 Get:466 http://deb.debian.org/debian trixie/main amd64 node-abbrev all 1.1.1+~1.1.2-1 [5692 B]
#15 222.1 Get:467 http://deb.debian.org/debian trixie/main amd64 node-archy all 1.0.0-6 [4556 B]
#15 222.3 Get:468 http://deb.debian.org/debian trixie/main amd64 node-async all 3.2.6+dfsg-2 [96.4 kB]
#15 222.3 Get:469 http://deb.debian.org/debian trixie/main amd64 node-convert-source-map all 1.9.0+~1.5.2-1 [8176 B]
#15 222.3 Get:470 http://deb.debian.org/debian trixie/main amd64 node-decamelize all 4.0.0-2 [4080 B]
#15 222.4 Get:471 http://deb.debian.org/debian trixie/main amd64 node-es6-error all 4.1.1-5 [6148 B]
#15 222.4 Get:472 http://deb.debian.org/debian trixie/main amd64 node-esprima all 4.0.1+ds+~4.0.3-2 [69.3 kB]
#15 222.4 Get:473 http://deb.debian.org/debian trixie/main amd64 node-escodegen all 2.1.0+dfsg+~0.0.8-1 [23.0 kB]
#15 222.5 Get:474 http://deb.debian.org/debian trixie/main amd64 node-commondir all 1.0.1+~1.0.0-1 [4388 B]
#15 222.5 Get:475 http://deb.debian.org/debian trixie/main amd64 node-is-number all 7.0.0-4 [6020 B]
#15 222.5 Get:476 http://deb.debian.org/debian trixie/main amd64 node-repeat-string all 1.6.1+repack-1 [5600 B]
#15 222.5 Get:477 http://deb.debian.org/debian trixie/main amd64 node-to-regex-range all 5.0.1-4 [10.5 kB]
#15 222.7 Get:478 http://deb.debian.org/debian trixie/main amd64 node-fill-range all 7.1.1+~7.0.3-1 [8768 B]
#15 222.7 Get:479 http://deb.debian.org/debian trixie/main amd64 node-braces all 3.0.3+~3.0.5-1 [20.6 kB]
#15 222.7 Get:480 http://deb.debian.org/debian trixie/main amd64 node-normalize-path all 3.0.0+~3.0.0-1 [6608 B]
#15 222.7 Get:481 http://deb.debian.org/debian trixie/main amd64 node-anymatch all 3.1.3+~cs4.6.1-2 [33.4 kB]
#15 222.8 Get:482 http://deb.debian.org/debian trixie/main amd64 node-micromatch all 4.0.7+~4.0.9-1 [26.0 kB]
#15 222.8 Get:483 http://deb.debian.org/debian trixie/main amd64 node-pify all 5.0.0+~cs5.0.1-1 [7072 B]
#15 222.8 Get:484 http://deb.debian.org/debian trixie/main amd64 node-path-type all 4.0.0-3 [3944 B]
#15 222.8 Get:485 http://deb.debian.org/debian trixie/main amd64 node-n3 all 1.16.3+~1.2.3+~1.10.4-1 [37.0 kB]
#15 222.9 Get:486 http://deb.debian.org/debian trixie/main amd64 node-slash all 4.0.0-3 [4292 B]
#15 222.9 Get:487 http://deb.debian.org/debian trixie/main amd64 node-globby all 13.1.3+~cs16.25.40-3 [40.5 kB]
#15 222.9 Get:488 http://deb.debian.org/debian trixie/main amd64 node-graceful-fs all 4.2.10-1 [14.4 kB]
#15 222.9 Get:489 http://deb.debian.org/debian trixie/main amd64 node-is-path-cwd all 2.2.0-2 [3672 B]
#15 223.0 Get:490 http://deb.debian.org/debian trixie/main amd64 node-path-is-inside all 1.0.2+~1.0.0-1 [5072 B]
#15 223.0 Get:491 http://deb.debian.org/debian trixie/main amd64 node-is-path-inside all 3.0.3-2 [3980 B]
#15 223.1 Get:492 http://deb.debian.org/debian trixie/main amd64 node-escape-string-regexp all 4.0.0-2 [4296 B]
#15 223.1 Get:493 http://deb.debian.org/debian trixie/main amd64 node-indent-string all 4.0.0-2 [4144 B]
#15 223.1 Get:494 http://deb.debian.org/debian trixie/main amd64 node-p-map all 4.0.0+~3.1.0+~3.0.1-2 [7904 B]
#15 223.2 Get:495 http://deb.debian.org/debian trixie/main amd64 node-del all 7.1.0-1 [8020 B]
#15 223.2 Get:496 http://deb.debian.org/debian trixie/main amd64 node-make-dir all 3.1.0-3 [6040 B]
#15 223.3 Get:497 http://deb.debian.org/debian trixie/main amd64 node-p-limit all 4.0.0+~cs4.0.0-5 [7576 B]
#15 223.3 Get:498 http://deb.debian.org/debian trixie/main amd64 node-p-locate all 6.0.0-12 [5752 B]
#15 223.3 Get:499 http://deb.debian.org/debian trixie/main amd64 node-locate-path all 7.1.1-2 [5584 B]
#15 223.3 Get:500 http://deb.debian.org/debian trixie/main amd64 node-path-exists all 5.0.0-8 [4732 B]
#15 223.3 Get:501 http://deb.debian.org/debian trixie/main amd64 node-find-up all 6.3.0-7 [9388 B]
#15 223.4 Get:502 http://deb.debian.org/debian trixie/main amd64 node-pkg-dir all 5.0.0-2 [4260 B]
#15 223.4 Get:503 http://deb.debian.org/debian trixie/main amd64 node-find-cache-dir all 3.3.2+~3.2.1-1 [6152 B]
#15 223.4 Get:504 http://deb.debian.org/debian trixie/main amd64 node-signal-exit all 4.1.0-7 [14.4 kB]
#15 223.5 Get:505 http://deb.debian.org/debian trixie/main amd64 node-foreground-child all 3.1.1-2 [13.3 kB]
#15 223.5 Get:506 http://deb.debian.org/debian trixie/main amd64 node-is-stream all 3.0.0-4 [5076 B]
#15 223.6 Get:507 http://deb.debian.org/debian trixie/main amd64 node-is-windows all 1.0.2+~cs1.0.0-1 [5936 B]
#15 223.6 Get:508 http://deb.debian.org/debian trixie/main amd64 node-ampproject-remapping all 2.2.0+~cs5.15.37-1 [59.4 kB]
#15 223.7 Get:509 http://deb.debian.org/debian trixie/main amd64 node-sprintf-js all 1.1.2+ds1+~1.1.2-1 [4024 B]
#15 223.7 Get:510 http://deb.debian.org/debian trixie/main amd64 node-argparse all 2.0.1-2 [34.6 kB]
#15 223.7 Get:511 http://deb.debian.org/debian trixie/main amd64 node-js-yaml all 4.1.0+dfsg+~4.0.5-7 [66.6 kB]
#15 223.7 Get:512 http://deb.debian.org/debian trixie/main amd64 node-nopt all 5.0.0-4 [12.1 kB]
#15 223.7 Get:513 http://deb.debian.org/debian trixie/main amd64 node-npm-run-path all 5.1.0+~4.0.0-8 [6276 B]
#15 223.7 Get:514 http://deb.debian.org/debian trixie/main amd64 node-shebang-regex all 3.0.0-2 [3528 B]
#15 223.8 Get:515 http://deb.debian.org/debian trixie/main amd64 node-shebang-command all 2.0.0-1 [3500 B]
#15 223.8 Get:516 http://deb.debian.org/debian trixie/main amd64 node-strip-bom all 4.0.0-2 [4144 B]
#15 223.9 Get:517 http://deb.debian.org/debian trixie/main amd64 node-has-flag all 5.0.1-1 [4404 B]
#15 224.0 Get:518 http://deb.debian.org/debian trixie/main amd64 node-supports-color all 8.1.1+~8.1.1-1 [6920 B]
#15 224.0 Get:519 http://deb.debian.org/debian trixie/main amd64 node-util all 0.12.5+~1.0.10-1 [5700 B]
#15 224.0 Get:520 http://deb.debian.org/debian trixie/main amd64 node-assert all 2.0.0+~cs3.9.8-2 [26.8 kB]
#15 224.0 Get:521 http://deb.debian.org/debian trixie/main amd64 node-babel-plugin-add-module-exports all 1.0.4+dfsg1~cs5.8.0-4 [8672 B]
#15 224.0 Get:522 http://deb.debian.org/debian trixie/main amd64 node-regenerator-runtime all 0.15.2+~0.10.8-1 [10.7 kB]
#15 224.3 Get:523 http://deb.debian.org/debian trixie/main amd64 node-babel7-runtime all 7.20.15+ds1+~cs214.269.168-8 [116 kB]
#15 224.3 Get:524 http://deb.debian.org/debian trixie/main amd64 node-babel-helper-define-polyfill-provider all 0.3.3~0~20220913+ds1-1 [27.4 kB]
#15 224.3 Get:525 http://deb.debian.org/debian trixie/main amd64 node-babel-plugin-polyfill-corejs2 all 0.3.3~0~20220913+ds1-1 [17.1 kB]
#15 224.4 Get:526 http://deb.debian.org/debian trixie/main amd64 node-caniuse-lite all 1.0.30001723+dfsg+~1.0.5-1 [255 kB]
#15 224.6 Get:527 http://deb.debian.org/debian trixie/main amd64 node-electron-to-chromium all 1.5.166-1 [20.9 kB]
#15 225.1 Get:528 http://deb.debian.org/debian trixie/main amd64 node-picocolors all 1.0.0-4 [6652 B]
#15 225.1 Get:529 http://deb.debian.org/debian trixie/main amd64 node-browserslist all 4.25.0+~cs6.3.22-1 [72.3 kB]
#15 225.2 Get:530 http://deb.debian.org/debian trixie/main amd64 node-core-js-compat all 3.33.2-1 [78.5 kB]
#15 225.2 Get:531 http://deb.debian.org/debian trixie/main amd64 node-babel-plugin-polyfill-corejs3 all 0.6.0~0~20220913+ds1-1 [29.5 kB]
#15 225.3 Get:532 http://deb.debian.org/debian trixie/main amd64 node-babel-plugin-polyfill-regenerator all 0.4.1~0~20220913+ds1-1 [5036 B]
#15 225.3 Get:533 http://deb.debian.org/debian trixie/main amd64 node-color-name all 1.1.4+~1.1.1-2 [5920 B]
#15 225.3 Get:534 http://deb.debian.org/debian trixie/main amd64 node-color-convert all 2.0.1+~cs2.0.0-2 [13.1 kB]
#15 225.3 Get:535 http://deb.debian.org/debian trixie/main amd64 node-ansi-styles all 6.2.1-3 [8716 B]
#15 225.3 Get:536 http://deb.debian.org/debian trixie/main amd64 node-chalk all 5.3.0-1 [18.2 kB]
#15 225.3 Get:537 http://deb.debian.org/debian trixie/main amd64 node-for-in all 1.0.2-4 [4840 B]
#15 225.5 Get:538 http://deb.debian.org/debian trixie/main amd64 node-for-own all 1.0.0-3 [4800 B]
#15 225.6 Get:539 http://deb.debian.org/debian trixie/main amd64 node-is-plain-object all 5.0.0-7 [6108 B]
#15 225.7 Get:540 http://deb.debian.org/debian trixie/main amd64 node-is-extendable all 1.0.1-3 [5228 B]
#15 225.7 Get:541 http://deb.debian.org/debian trixie/main amd64 node-clone-deep all 4.0.1+~cs7.0.2-1 [6720 B]
#15 225.8 Get:542 http://deb.debian.org/debian trixie/main amd64 node-commander all 9.4.1-1 [65.3 kB]
#15 226.0 Get:543 http://deb.debian.org/debian trixie/main amd64 node-core-js all 3.33.2-1 [301 kB]
#15 226.4 Get:544 http://deb.debian.org/debian trixie/main amd64 node-core-js-pure all 3.33.2-1 [282 kB]
#15 226.5 Get:545 http://deb.debian.org/debian trixie/main amd64 node-fs-readdir-recursive all 1.1.0+~1.1.0-1 [4540 B]
#15 226.5 Get:546 http://deb.debian.org/debian trixie/main amd64 node-js-tokens all 8.0.0-2 [14.9 kB]
#15 226.5 Get:547 http://deb.debian.org/debian trixie/main amd64 node-jsesc all 3.0.2+~3.0.1-1 [17.6 kB]
#15 226.6 Get:548 http://deb.debian.org/debian trixie/main amd64 node-json5 all 2.2.3+dfsg-1 [25.6 kB]
#15 227.3 Get:549 http://deb.debian.org/debian trixie/main amd64 node-quick-lru all 6.1.1-4 [8076 B]
#15 227.3 Get:550 http://deb.debian.org/debian trixie/main amd64 node-regenerator-transform all 0.15.2+~0.10.8-1 [24.9 kB]
#15 227.3 Get:551 http://deb.debian.org/debian trixie/main amd64 node-regjsgen all 0.7.1+ds-1 [6968 B]
#15 227.3 Get:552 http://deb.debian.org/debian trixie/main amd64 node-regjsparser all 0.9.1+ds-2 [22.1 kB]
#15 227.3 Get:553 http://deb.debian.org/debian trixie/main amd64 node-unicode-canonical-property-names-ecmascript all 2.0.0-2 [4540 B]
#15 227.3 Get:554 http://deb.debian.org/debian trixie/main amd64 node-unicode-property-aliases-ecmascript all 2.1.0+ds-1 [5256 B]
#15 227.3 Get:555 http://deb.debian.org/debian trixie/main amd64 node-unicode-match-property-ecmascript all 2.0.0-2 [4440 B]
#15 227.4 Get:556 http://deb.debian.org/debian trixie/main amd64 node-unicode-match-property-value-ecmascript all 2.1.0+ds-1 [7272 B]
#15 227.4 Get:557 http://deb.debian.org/debian trixie/main amd64 node-regexpu-core all 5.2.2-3 [13.9 kB]
#15 227.4 Get:558 http://deb.debian.org/debian trixie/main amd64 node-source-map-support all 0.5.21+ds+~0.5.10-1 [15.3 kB]
#15 227.9 Get:559 http://deb.debian.org/debian trixie/main amd64 node-to-fast-properties all 3.0.1-3 [4332 B]
#15 227.9 Get:560 http://deb.debian.org/debian trixie/main amd64 node-v8flags all 3.2.0+~3.1.1-1 [7612 B]
#15 228.1 Get:561 http://deb.debian.org/debian trixie/main amd64 node-babel7 all 7.20.15+ds1+~cs214.269.168-8 [709 kB]
#15 228.7 Get:562 http://deb.debian.org/debian trixie/main amd64 node-is-arrayish all 0.3.2-3 [3960 B]
#15 228.7 Get:563 http://deb.debian.org/debian trixie/main amd64 node-error-ex all 1.3.2-4 [5656 B]
#15 228.7 Get:564 http://deb.debian.org/debian trixie/main amd64 node-json-parse-better-errors all 1.0.2+~cs3.3.1-3 [7724 B]
#15 228.7 Get:565 http://deb.debian.org/debian trixie/main amd64 node-parse-json all 5.2.0+~cs5.1.7-2 [7304 B]
#15 228.7 Get:566 http://deb.debian.org/debian trixie/main amd64 node-hosted-git-info all 6.1.1-2 [12.6 kB]
#15 228.7 Get:567 http://deb.debian.org/debian trixie/main amd64 node-spdx-license-ids all 3.0.12-1 [6276 B]
#15 228.7 Get:568 http://deb.debian.org/debian trixie/main amd64 node-spdx-exceptions all 2.3.0-2 [3992 B]
#15 228.7 Get:569 http://deb.debian.org/debian trixie/main amd64 node-spdx-expression-parse all 3.0.1+~3.0.1-1 [7532 B]
#15 228.7 Get:570 http://deb.debian.org/debian trixie/main amd64 node-spdx-correct all 3.1.1-2 [5464 B]
#15 229.3 Get:571 http://deb.debian.org/debian trixie/main amd64 node-validate-npm-package-license all 3.0.4-2 [4280 B]
#15 229.4 Get:572 http://deb.debian.org/debian trixie/main amd64 node-normalize-package-data all 4.0.1+~2.4.1-1 [13.6 kB]
#15 229.4 Get:573 http://deb.debian.org/debian trixie/main amd64 node-read-pkg all 5.2.0-2 [24.0 kB]
#15 229.4 Get:574 http://deb.debian.org/debian trixie/main amd64 node-uuid all 8.3.2+~8.3.4-1 [44.5 kB]
#15 229.4 Get:575 http://deb.debian.org/debian trixie/main amd64 node-isexe all 2.0.0+~2.0.1-5 [6084 B]
#15 229.4 Get:576 http://deb.debian.org/debian trixie/main amd64 node-which all 2.0.2+~cs1.3.2-3 [8368 B]
#15 229.4 Get:577 http://deb.debian.org/debian trixie/main amd64 node-is-typedarray all 1.0.0-4 [3292 B]
#15 229.4 Get:578 http://deb.debian.org/debian trixie/main amd64 node-typedarray-to-buffer all 4.0.0-2 [3380 B]
#15 229.4 Get:579 http://deb.debian.org/debian trixie/main amd64 node-write-file-atomic all 4.0.2+~4.0.0-2 [9308 B]
#15 229.4 Get:580 http://deb.debian.org/debian trixie/main amd64 node-slice-ansi all 5.0.0+~cs9.0.0-5 [8788 B]
#15 229.7 Get:581 http://deb.debian.org/debian trixie/main amd64 node-ansi-regex all 5.0.1-1 [4912 B]
#15 229.7 Get:582 http://deb.debian.org/debian trixie/main amd64 node-strip-ansi all 6.0.1-2 [4120 B]
#15 229.7 Get:583 http://deb.debian.org/debian trixie/main amd64 node-clone all 2.1.2+~2.1.2-1 [9140 B]
#15 229.7 Get:584 http://deb.debian.org/debian trixie/main amd64 node-defaults all 1.0.4+~1.0.3-1 [4400 B]
#15 229.7 Get:585 http://deb.debian.org/debian trixie/main amd64 node-wcwidth.js all 1.0.2-2 [7088 B]
#15 229.7 Get:586 http://deb.debian.org/debian trixie/main amd64 node-string-width all 4.2.3+~cs13.2.3-1 [10.7 kB]
#15 229.7 Get:587 http://deb.debian.org/debian trixie/main amd64 node-wrap-ansi all 8.0.1+~8.0.1-3 [11.8 kB]
#15 229.7 Get:588 http://deb.debian.org/debian trixie/main amd64 node-cliui all 7.0.4+repack+1+~cs1.4.2-2 [21.6 kB]
#15 229.8 Get:589 http://deb.debian.org/debian trixie/main amd64 node-get-caller-file all 2.0.5+~cs1.1.1-4 [5728 B]
#15 229.8 Get:590 http://deb.debian.org/debian trixie/main amd64 node-require-directory all 2.1.1+~2.1.2-1 [7092 B]
#15 229.9 Get:591 http://deb.debian.org/debian trixie/main amd64 node-y18n all 5.0.8+~5.0.0-3 [10.2 kB]
#15 229.9 Get:592 http://deb.debian.org/debian trixie/main amd64 node-camelcase all 7.0.0-3 [6032 B]
#15 230.0 Get:593 http://deb.debian.org/debian trixie/main amd64 node-yargs-parser all 21.1.1+~21.0.0-4 [28.4 kB]
#15 230.0 Get:594 http://deb.debian.org/debian trixie/main amd64 node-yargs all 16.2.0+~16.0.4-7 [128 kB]
#15 230.3 Get:595 http://deb.debian.org/debian trixie/main amd64 node-istanbul all 0.4.5+repack10+~cs98.25.59-3 [211 kB]
#15 230.4 Get:596 http://deb.debian.org/debian trixie/main amd64 node-through all 2.3.8+~cs0.0.30-1 [5452 B]
#15 230.4 Get:597 http://deb.debian.org/debian trixie/main amd64 node-resumer all 0.0.0-6 [4144 B]
#15 230.5 Get:598 http://deb.debian.org/debian trixie/main amd64 node-tape all 5.6.1+~cs8.20.19-3 [71.0 kB]
#15 230.6 Get:599 http://deb.debian.org/debian trixie/main amd64 node-deep-equal all 2.2.3+~cs43.15.94-1 [131 kB]
#15 230.7 Get:600 http://deb.debian.org/debian trixie/main amd64 libjs-util all 0.12.5+~1.0.10-1 [16.0 kB]
#15 230.9 Get:601 http://deb.debian.org/debian trixie/main amd64 libjxr0t64 amd64 1.2~git20170615.f752187-5.3 [171 kB]
#15 231.0 Get:602 http://deb.debian.org/debian trixie/main amd64 libjxr-tools amd64 1.2~git20170615.f752187-5.3 [16.9 kB]
#15 231.0 Get:603 http://deb.debian.org/debian trixie/main amd64 libkmod2 amd64 34.2-2 [63.2 kB]
#15 231.1 Get:604 http://deb.debian.org/debian trixie/main amd64 libnet-http-perl all 6.23-1 [23.9 kB]
#15 231.2 Get:605 http://deb.debian.org/debian trixie/main amd64 libtry-tiny-perl all 0.32-1 [22.9 kB]
#15 231.2 Get:606 http://deb.debian.org/debian trixie/main amd64 libwww-robotrules-perl all 6.02-1 [12.9 kB]
#15 231.5 Get:607 http://deb.debian.org/debian trixie/main amd64 libwww-perl all 6.78-1 [183 kB]
#15 231.6 Get:608 http://deb.debian.org/debian trixie/main amd64 liblwp-protocol-https-perl all 6.14-1 [10.8 kB]
#15 231.6 Get:609 http://deb.debian.org/debian trixie/main amd64 libnet-smtp-ssl-perl all 1.04-2 [6548 B]
#15 231.7 Get:610 http://deb.debian.org/debian trixie/main amd64 libmailtools-perl all 2.22-1 [88.8 kB]
#15 231.8 Get:611 http://deb.debian.org/debian trixie/main amd64 libmime-charset-perl all 1.013.1-2 [34.0 kB]
#15 ...

#12 [freeswitch stage-0 2/6] RUN apt-get update && apt-get install -y --no-install-recommends         gnupg2 wget lsb-release software-properties-common apt-transport-https curl         ca-certificates git cmake pkg-config build-essential libssl-dev zlib1g-dev libevent-dev libspeexdsp-dev     && rm -rf /var/lib/apt/lists/*
#12 236.2 Selecting previously unselected package python3-minimal.
#12 236.2 (Reading database ... (Reading database ... 5%(Reading database ... 10%(Reading database ... 15%(Reading database ... 20%(Reading database ... 25%(Reading database ... 30%(Reading database ... 35%(Reading database ... 40%(Reading database ... 45%(Reading database ... 50%(Reading database ... 55%(Reading database ... 60%(Reading database ... 65%(Reading database ... 70%(Reading database ... 75%(Reading database ... 80%(Reading database ... 85%(Reading database ... 90%(Reading database ... 95%(Reading database ... 100%(Reading database ... 9442 files and directories currently installed.)
#12 236.2 Preparing to unpack .../00-python3-minimal_3.11.2-1+b1_amd64.deb ...
#12 236.2 Unpacking python3-minimal (3.11.2-1+b1) ...
#12 236.4 Selecting previously unselected package media-types.
#12 236.4 Preparing to unpack .../01-media-types_10.0.0_all.deb ...
#12 236.4 Unpacking media-types (10.0.0) ...
#12 236.5 Selecting previously unselected package libncursesw6:amd64.
#12 236.5 Preparing to unpack .../02-libncursesw6_6.4-4_amd64.deb ...
#12 236.5 Unpacking libncursesw6:amd64 (6.4-4) ...
#12 236.7 Selecting previously unselected package libkrb5support0:amd64.
#12 236.7 Preparing to unpack .../03-libkrb5support0_1.20.1-2+deb12u5_amd64.deb ...
#12 236.7 Unpacking libkrb5support0:amd64 (1.20.1-2+deb12u5) ...
#12 236.9 Selecting previously unselected package libk5crypto3:amd64.
#12 236.9 Preparing to unpack .../04-libk5crypto3_1.20.1-2+deb12u5_amd64.deb ...
#12 236.9 Unpacking libk5crypto3:amd64 (1.20.1-2+deb12u5) ...
#12 237.1 Selecting previously unselected package libkeyutils1:amd64.
#12 237.1 Preparing to unpack .../05-libkeyutils1_1.6.3-2_amd64.deb ...
#12 237.2 Unpacking libkeyutils1:amd64 (1.6.3-2) ...
#12 237.4 Selecting previously unselected package libkrb5-3:amd64.
#12 237.4 Preparing to unpack .../06-libkrb5-3_1.20.1-2+deb12u5_amd64.deb ...
#12 237.4 Unpacking libkrb5-3:amd64 (1.20.1-2+deb12u5) ...
#12 237.7 Selecting previously unselected package libgssapi-krb5-2:amd64.
#12 237.7 Preparing to unpack .../07-libgssapi-krb5-2_1.20.1-2+deb12u5_amd64.deb ...
#12 237.7 Unpacking libgssapi-krb5-2:amd64 (1.20.1-2+deb12u5) ...
#12 238.0 Selecting previously unselected package libtirpc-common.
#12 238.0 Preparing to unpack .../08-libtirpc-common_1.3.3+ds-1_all.deb ...
#12 238.0 Unpacking libtirpc-common (1.3.3+ds-1) ...
#12 238.2 Selecting previously unselected package libtirpc3:amd64.
#12 238.2 Preparing to unpack .../09-libtirpc3_1.3.3+ds-1_amd64.deb ...
#12 238.2 Unpacking libtirpc3:amd64 (1.3.3+ds-1) ...
#12 238.4 Selecting previously unselected package libnsl2:amd64.
#12 238.4 Preparing to unpack .../10-libnsl2_1.3.0-2_amd64.deb ...
#12 238.4 Unpacking libnsl2:amd64 (1.3.0-2) ...
#12 238.7 Selecting previously unselected package readline-common.
#12 238.7 Preparing to unpack .../11-readline-common_8.2-1.3_all.deb ...
#12 238.7 Unpacking readline-common (8.2-1.3) ...
#12 238.9 Selecting previously unselected package libreadline8:amd64.
#12 238.9 Preparing to unpack .../12-libreadline8_8.2-1.3_amd64.deb ...
#12 238.9 Unpacking libreadline8:amd64 (8.2-1.3) ...
#12 239.1 Selecting previously unselected package libsqlite3-0:amd64.
#12 239.1 Preparing to unpack .../13-libsqlite3-0_3.40.1-2+deb12u2_amd64.deb ...
#12 239.1 Unpacking libsqlite3-0:amd64 (3.40.1-2+deb12u2) ...
#12 239.3 Selecting previously unselected package libpython3.11-stdlib:amd64.
#12 239.3 Preparing to unpack .../14-libpython3.11-stdlib_3.11.2-6+deb12u8_amd64.deb ...
#12 239.3 Unpacking libpython3.11-stdlib:amd64 (3.11.2-6+deb12u8) ...
#12 239.8 Selecting previously unselected package python3.11.
#12 239.8 Preparing to unpack .../15-python3.11_3.11.2-6+deb12u8_amd64.deb ...
#12 239.9 Unpacking python3.11 (3.11.2-6+deb12u8) ...
#12 240.0 Selecting previously unselected package libpython3-stdlib:amd64.
#12 240.0 Preparing to unpack .../16-libpython3-stdlib_3.11.2-1+b1_amd64.deb ...
#12 240.0 Unpacking libpython3-stdlib:amd64 (3.11.2-1+b1) ...
#12 240.2 Setting up python3-minimal (3.11.2-1+b1) ...
#12 240.8 Selecting previously unselected package python3.
#12 240.8 (Reading database ... (Reading database ... 5%(Reading database ... 10%(Reading database ... 15%(Reading database ... 20%(Reading database ... 25%(Reading database ... 30%(Reading database ... 35%(Reading database ... 40%(Reading database ... 45%(Reading database ... 50%(Reading database ... 55%(Reading database ... 60%(Reading database ... 65%(Reading database ... 70%(Reading database ... 75%(Reading database ... 80%(Reading database ... 85%(Reading database ... 90%(Reading database ... 95%(Reading database ... 100%(Reading database ... 9950 files and directories currently installed.)
#12 240.9 Preparing to unpack .../000-python3_3.11.2-1+b1_amd64.deb ...
#12 240.9 Unpacking python3 (3.11.2-1+b1) ...
#12 241.1 Selecting previously unselected package sgml-base.
#12 241.1 Preparing to unpack .../001-sgml-base_1.31_all.deb ...
#12 241.1 Unpacking sgml-base (1.31) ...
#12 241.3 Selecting previously unselected package libproc2-0:amd64.
#12 241.3 Preparing to unpack .../002-libproc2-0_2%3a4.0.2-3_amd64.deb ...
#12 241.3 Unpacking libproc2-0:amd64 (2:4.0.2-3) ...
#12 241.6 Selecting previously unselected package procps.
#12 241.6 Preparing to unpack .../003-procps_2%3a4.0.2-3_amd64.deb ...
#12 241.7 Unpacking procps (2:4.0.2-3) ...
#12 242.0 Selecting previously unselected package bzip2.
#12 242.0 Preparing to unpack .../004-bzip2_1.0.8-5+b1_amd64.deb ...
#12 242.0 Unpacking bzip2 (1.0.8-5+b1) ...
#12 242.2 Selecting previously unselected package openssl.
#12 242.2 Preparing to unpack .../005-openssl_3.0.20-1~deb12u2_amd64.deb ...
#12 242.2 Unpacking openssl (3.0.20-1~deb12u2) ...
#12 242.7 Selecting previously unselected package ca-certificates.
#12 242.7 Preparing to unpack .../006-ca-certificates_20250419~deb12u1_all.deb ...
#12 242.7 Unpacking ca-certificates (20250419~deb12u1) ...
#12 243.2 Selecting previously unselected package libpam-systemd:amd64.
#12 243.2 Preparing to unpack .../007-libpam-systemd_252.39-1~deb12u2_amd64.deb ...
#12 243.2 Unpacking libpam-systemd:amd64 (252.39-1~deb12u2) ...
#12 243.3 Selecting previously unselected package libpsl5:amd64.
#12 243.3 Preparing to unpack .../008-libpsl5_0.21.2-1_amd64.deb ...
#12 243.3 Unpacking libpsl5:amd64 (0.21.2-1) ...
#12 243.4 Selecting previously unselected package wget.
#12 243.4 Preparing to unpack .../009-wget_1.21.3-1+deb12u1_amd64.deb ...
#12 243.5 Unpacking wget (1.21.3-1+deb12u1) ...
#12 243.8 Selecting previously unselected package xz-utils.
#12 243.8 Preparing to unpack .../010-xz-utils_5.4.1-1+deb12u1_amd64.deb ...
#12 243.8 Unpacking xz-utils (5.4.1-1+deb12u1) ...
#12 244.1 Selecting previously unselected package apt-transport-https.
#12 244.1 Preparing to unpack .../011-apt-transport-https_2.6.1_all.deb ...
#12 244.1 Unpacking apt-transport-https (2.6.1) ...
#12 244.3 Selecting previously unselected package binutils-common:amd64.
#12 244.3 Preparing to unpack .../012-binutils-common_2.40-2_amd64.deb ...
#12 244.3 Unpacking binutils-common:amd64 (2.40-2) ...
#12 244.8 Selecting previously unselected package libbinutils:amd64.
#12 244.8 Preparing to unpack .../013-libbinutils_2.40-2_amd64.deb ...
#12 244.8 Unpacking libbinutils:amd64 (2.40-2) ...
#12 245.0 Selecting previously unselected package libctf-nobfd0:amd64.
#12 245.0 Preparing to unpack .../014-libctf-nobfd0_2.40-2_amd64.deb ...
#12 245.0 Unpacking libctf-nobfd0:amd64 (2.40-2) ...
#12 245.1 Selecting previously unselected package libctf0:amd64.
#12 245.1 Preparing to unpack .../015-libctf0_2.40-2_amd64.deb ...
#12 245.1 Unpacking libctf0:amd64 (2.40-2) ...
#12 245.3 Selecting previously unselected package libgprofng0:amd64.
#12 245.3 Preparing to unpack .../016-libgprofng0_2.40-2_amd64.deb ...
#12 245.3 Unpacking libgprofng0:amd64 (2.40-2) ...
#12 245.6 Selecting previously unselected package libjansson4:amd64.
#12 245.6 Preparing to unpack .../017-libjansson4_2.14-2_amd64.deb ...
#12 245.6 Unpacking libjansson4:amd64 (2.14-2) ...
#12 245.7 Selecting previously unselected package binutils-x86-64-linux-gnu.
#12 245.7 Preparing to unpack .../018-binutils-x86-64-linux-gnu_2.40-2_amd64.deb ...
#12 245.7 Unpacking binutils-x86-64-linux-gnu (2.40-2) ...
#12 246.3 Selecting previously unselected package binutils.
#12 246.3 Preparing to unpack .../019-binutils_2.40-2_amd64.deb ...
#12 246.3 Unpacking binutils (2.40-2) ...
#12 246.5 Selecting previously unselected package libc-dev-bin.
#12 246.5 Preparing to unpack .../020-libc-dev-bin_2.36-9+deb12u14_amd64.deb ...
#12 246.5 Unpacking libc-dev-bin (2.36-9+deb12u14) ...
#12 246.6 Selecting previously unselected package linux-libc-dev:amd64.
#12 246.6 Preparing to unpack .../021-linux-libc-dev_6.1.180-1_amd64.deb ...
#12 246.6 Unpacking linux-libc-dev:amd64 (6.1.180-1) ...
#12 247.1 Selecting previously unselected package libcrypt-dev:amd64.
#12 247.2 Preparing to unpack .../022-libcrypt-dev_1%3a4.4.33-2_amd64.deb ...
#12 247.2 Unpacking libcrypt-dev:amd64 (1:4.4.33-2) ...
#12 247.4 Selecting previously unselected package libtirpc-dev:amd64.
#12 247.4 Preparing to unpack .../023-libtirpc-dev_1.3.3+ds-1_amd64.deb ...
#12 247.4 Unpacking libtirpc-dev:amd64 (1.3.3+ds-1) ...
#12 247.6 Selecting previously unselected package libnsl-dev:amd64.
#12 247.6 Preparing to unpack .../024-libnsl-dev_1.3.0-2_amd64.deb ...
#12 247.6 Unpacking libnsl-dev:amd64 (1.3.0-2) ...
#12 247.8 Selecting previously unselected package rpcsvc-proto.
#12 247.8 Preparing to unpack .../025-rpcsvc-proto_1.4.3-1_amd64.deb ...
#12 247.8 Unpacking rpcsvc-proto (1.4.3-1) ...
#12 247.9 Selecting previously unselected package libc6-dev:amd64.
#12 248.0 Preparing to unpack .../026-libc6-dev_2.36-9+deb12u14_amd64.deb ...
#12 248.0 Unpacking libc6-dev:amd64 (2.36-9+deb12u14) ...
#12 248.5 Selecting previously unselected package libisl23:amd64.
#12 248.5 Preparing to unpack .../027-libisl23_0.25-1.1_amd64.deb ...
#12 248.5 Unpacking libisl23:amd64 (0.25-1.1) ...
#12 248.7 Selecting previously unselected package libmpfr6:amd64.
#12 248.7 Preparing to unpack .../028-libmpfr6_4.2.0-1_amd64.deb ...
#12 248.7 Unpacking libmpfr6:amd64 (4.2.0-1) ...
#12 248.9 Selecting previously unselected package libmpc3:amd64.
#12 248.9 Preparing to unpack .../029-libmpc3_1.3.1-1_amd64.deb ...
#12 248.9 Unpacking libmpc3:amd64 (1.3.1-1) ...
#12 249.0 Selecting previously unselected package cpp-12.
#12 249.0 Preparing to unpack .../030-cpp-12_12.2.0-14+deb12u1_amd64.deb ...
#12 249.0 Unpacking cpp-12 (12.2.0-14+deb12u1) ...
#12 250.8 Selecting previously unselected package cpp.
#12 250.8 Preparing to unpack .../031-cpp_4%3a12.2.0-3_amd64.deb ...
#12 250.8 Unpacking cpp (4:12.2.0-3) ...
#12 250.9 Selecting previously unselected package libcc1-0:amd64.
#12 250.9 Preparing to unpack .../032-libcc1-0_12.2.0-14+deb12u1_amd64.deb ...
#12 250.9 Unpacking libcc1-0:amd64 (12.2.0-14+deb12u1) ...
#12 251.0 Selecting previously unselected package libgomp1:amd64.
#12 251.0 Preparing to unpack .../033-libgomp1_12.2.0-14+deb12u1_amd64.deb ...
#12 251.0 Unpacking libgomp1:amd64 (12.2.0-14+deb12u1) ...
#12 251.3 Selecting previously unselected package libitm1:amd64.
#12 251.3 Preparing to unpack .../034-libitm1_12.2.0-14+deb12u1_amd64.deb ...
#12 251.4 Unpacking libitm1:amd64 (12.2.0-14+deb12u1) ...
#12 251.7 Selecting previously unselected package libatomic1:amd64.
#12 251.7 Preparing to unpack .../035-libatomic1_12.2.0-14+deb12u1_amd64.deb ...
#12 251.7 Unpacking libatomic1:amd64 (12.2.0-14+deb12u1) ...
#12 251.9 Selecting previously unselected package libasan8:amd64.
#12 251.9 Preparing to unpack .../036-libasan8_12.2.0-14+deb12u1_amd64.deb ...
#12 252.0 Unpacking libasan8:amd64 (12.2.0-14+deb12u1) ...
#12 252.7 Selecting previously unselected package liblsan0:amd64.
#12 252.7 Preparing to unpack .../037-liblsan0_12.2.0-14+deb12u1_amd64.deb ...
#12 252.7 Unpacking liblsan0:amd64 (12.2.0-14+deb12u1) ...
#12 253.1 Selecting previously unselected package libtsan2:amd64.
#12 253.1 Preparing to unpack .../038-libtsan2_12.2.0-14+deb12u1_amd64.deb ...
#12 253.1 Unpacking libtsan2:amd64 (12.2.0-14+deb12u1) ...
#12 253.7 Selecting previously unselected package libubsan1:amd64.
#12 253.7 Preparing to unpack .../039-libubsan1_12.2.0-14+deb12u1_amd64.deb ...
#12 253.7 Unpacking libubsan1:amd64 (12.2.0-14+deb12u1) ...
#12 254.0 Selecting previously unselected package libquadmath0:amd64.
#12 254.0 Preparing to unpack .../040-libquadmath0_12.2.0-14+deb12u1_amd64.deb ...
#12 254.0 Unpacking libquadmath0:amd64 (12.2.0-14+deb12u1) ...
#12 254.1 Selecting previously unselected package libgcc-12-dev:amd64.
#12 254.1 Preparing to unpack .../041-libgcc-12-dev_12.2.0-14+deb12u1_amd64.deb ...
#12 254.1 Unpacking libgcc-12-dev:amd64 (12.2.0-14+deb12u1) ...
#12 254.8 Selecting previously unselected package gcc-12.
#12 254.8 Preparing to unpack .../042-gcc-12_12.2.0-14+deb12u1_amd64.deb ...
#12 254.8 Unpacking gcc-12 (12.2.0-14+deb12u1) ...
#12 ...

#15 [heroescrm  4/13] RUN apt update && apt install -y         nodejs         npm         libpng-dev         libjpeg-dev         libfreetype6-dev         zlib1g-dev         libxml2-dev         libzip-dev         libonig-dev         zip         curl         unzip         libsodium-dev         cron         exiftool         libmagickwand-dev         imagemagick                   supervisor     && docker-php-ext-install -j$(nproc) gd         pdo_mysql         mysqli         zip         pcntl         sodium         exif     && pecl install imagick         redis     && docker-php-ext-enable exif         imagick     && docker-php-source delete
#15 232.1 Get:612 http://deb.debian.org/debian trixie/main amd64 libxml-parser-perl amd64 2.47-2~deb13u1 [198 kB]
#15 232.5 Get:613 http://deb.debian.org/debian trixie/main amd64 libxml-twig-perl all 1:3.52-3 [177 kB]
#15 232.7 Get:614 http://deb.debian.org/debian trixie/main amd64 libnet-dbus-perl amd64 1.2.0-2+b3 [168 kB]
#15 233.1 Get:615 http://deb.debian.org/debian trixie/main amd64 libnetpbm11t64 amd64 2:11.10.02-1 [184 kB]
#15 233.4 Get:616 http://deb.debian.org/debian-security trixie-security/main amd64 libssl-dev amd64 3.5.7-1~deb13u2 [2965 kB]
#15 237.0 Get:617 http://deb.debian.org/debian trixie/main amd64 libuv1-dev amd64 1.50.0-2 [189 kB]
#15 237.6 Get:618 http://deb.debian.org/debian trixie/main amd64 libnode-dev amd64 20.19.2+dfsg-1+deb13u2 [537 kB]
#15 238.1 Get:619 http://deb.debian.org/debian trixie/main amd64 libnotify4 amd64 0.8.6-1 [26.6 kB]
#15 238.1 Get:620 http://deb.debian.org/debian trixie/main amd64 libnotify-bin amd64 0.8.6-1 [12.8 kB]
#15 238.1 Get:621 http://deb.debian.org/debian trixie/main amd64 libonig-dev amd64 6.9.9-1+b1 [95.5 kB]
#15 238.3 Get:622 http://deb.debian.org/debian trixie/main amd64 libpaper-utils amd64 2.2.5-0.3+b2 [16.5 kB]
#15 238.5 Get:623 http://deb.debian.org/debian trixie/main amd64 libpng-tools amd64 1.6.48-1+deb13u5 [130 kB]
#15 238.9 Get:624 http://deb.debian.org/debian trixie/main amd64 libre2-11 amd64 20240702-3+b1 [169 kB]
#15 239.2 Get:625 http://deb.debian.org/debian trixie/main amd64 libsodium23 amd64 1.0.18-1+deb13u1 [165 kB]
#15 239.5 Get:626 http://deb.debian.org/debian trixie/main amd64 libsodium-dev amd64 1.0.18-1+deb13u1 [185 kB]
#15 239.6 Get:627 http://deb.debian.org/debian trixie/main amd64 libsombok3 amd64 2.4.0-2+b2 [31.8 kB]
#15 239.6 Get:628 http://deb.debian.org/debian trixie/main amd64 libtext-iconv-perl amd64 1.7-8+b4 [14.4 kB]
#15 239.6 Get:629 http://deb.debian.org/debian trixie/main amd64 libtie-ixhash-perl all 1.23-4 [11.7 kB]
#15 239.9 Get:630 http://deb.debian.org/debian trixie/main amd64 libtool all 2.5.4-4 [539 kB]
#15 240.4 Get:631 http://deb.debian.org/debian trixie/main amd64 libunicode-linebreak-perl amd64 0.0.20190101-1+b9 [96.1 kB]
#15 240.4 Get:632 http://deb.debian.org/debian trixie/main amd64 libx11-protocol-perl all 0.56-9 [120 kB]
#15 240.5 Get:633 http://deb.debian.org/debian trixie/main amd64 libxmu6 amd64 2:1.1.3-3+b4 [59.0 kB]
#15 240.6 Get:634 http://deb.debian.org/debian trixie/main amd64 libxpm4 amd64 1:3.5.17-1+deb13u1 [55.9 kB]
#15 240.9 Get:635 http://deb.debian.org/debian trixie/main amd64 libxaw7 amd64 2:1.0.16-1 [212 kB]
#15 241.2 Get:636 http://deb.debian.org/debian trixie/main amd64 libxcb-shape0 amd64 1.17.0-2+b1 [106 kB]
#15 241.3 Get:637 http://deb.debian.org/debian trixie/main amd64 libxcomposite1 amd64 1:0.4.6-1 [16.3 kB]
#15 241.3 Get:638 http://deb.debian.org/debian trixie/main amd64 libxfixes3 amd64 1:6.0.0-2+b4 [20.2 kB]
#15 241.4 Get:639 http://deb.debian.org/debian trixie/main amd64 libxcursor1 amd64 1:1.2.3-1 [39.7 kB]
#15 241.4 Get:640 http://deb.debian.org/debian trixie/main amd64 libxi6 amd64 2:1.8.2-1 [78.9 kB]
#15 241.4 Get:641 http://deb.debian.org/debian trixie/main amd64 libxinerama1 amd64 2:1.1.4-3+b4 [16.0 kB]
#15 241.5 Get:642 http://deb.debian.org/debian trixie/main amd64 libxkbfile1 amd64 1:1.1.0-1+b4 [76.5 kB]
#15 241.5 Get:643 http://deb.debian.org/debian trixie/main amd64 libxml-xpathengine-perl all 0.14-2 [33.5 kB]
#15 241.6 Get:644 http://deb.debian.org/debian trixie/main amd64 libxmuu1 amd64 2:1.1.3-3+b4 [21.9 kB]
#15 241.6 Get:645 http://deb.debian.org/debian trixie/main amd64 libxrandr2 amd64 2:1.5.4-1+b3 [36.3 kB]
#15 241.6 Get:646 http://deb.debian.org/debian trixie/main amd64 libxtst6 amd64 2:1.2.5-1 [25.8 kB]
#15 241.7 Get:647 http://deb.debian.org/debian trixie/main amd64 libxv1 amd64 2:1.0.11-1.1+b3 [23.4 kB]
#15 241.7 Get:648 http://deb.debian.org/debian trixie/main amd64 libxxf86dga1 amd64 2:1.1.5-1+b3 [20.8 kB]
#15 241.7 Get:649 http://deb.debian.org/debian trixie/main amd64 libzip5 amd64 1.11.3-2 [62.6 kB]
#15 241.8 Get:650 http://deb.debian.org/debian trixie/main amd64 zipcmp amd64 1.11.3-2 [19.8 kB]
#15 241.8 Get:651 http://deb.debian.org/debian trixie/main amd64 zipmerge amd64 1.11.3-2 [14.5 kB]
#15 241.8 Get:652 http://deb.debian.org/debian trixie/main amd64 ziptool amd64 1.11.3-2 [22.6 kB]
#15 242.1 Get:653 http://deb.debian.org/debian trixie/main amd64 libzip-dev amd64 1.11.3-2 [181 kB]
#15 242.3 Get:654 http://deb.debian.org/debian trixie/main amd64 luit amd64 2.0.20240910-1 [55.1 kB]
#15 242.6 Get:655 http://deb.debian.org/debian trixie/main amd64 mesa-vulkan-drivers amd64 25.0.7-2+deb13u1 [14.2 MB]
#15 ...

#12 [freeswitch stage-0 2/6] RUN apt-get update && apt-get install -y --no-install-recommends         gnupg2 wget lsb-release software-properties-common apt-transport-https curl         ca-certificates git cmake pkg-config build-essential libssl-dev zlib1g-dev libevent-dev libspeexdsp-dev     && rm -rf /var/lib/apt/lists/*
#12 257.3 Selecting previously unselected package gcc.
#12 257.3 Preparing to unpack .../043-gcc_4%3a12.2.0-3_amd64.deb ...
#12 257.3 Unpacking gcc (4:12.2.0-3) ...
#12 257.4 Selecting previously unselected package libstdc++-12-dev:amd64.
#12 257.4 Preparing to unpack .../044-libstdc++-12-dev_12.2.0-14+deb12u1_amd64.deb ...
#12 257.4 Unpacking libstdc++-12-dev:amd64 (12.2.0-14+deb12u1) ...
#12 258.1 Selecting previously unselected package g++-12.
#12 258.1 Preparing to unpack .../045-g++-12_12.2.0-14+deb12u1_amd64.deb ...
#12 258.1 Unpacking g++-12 (12.2.0-14+deb12u1) ...
#12 259.8 Selecting previously unselected package g++.
#12 259.8 Preparing to unpack .../046-g++_4%3a12.2.0-3_amd64.deb ...
#12 259.9 Unpacking g++ (4:12.2.0-3) ...
#12 260.0 Selecting previously unselected package make.
#12 260.0 Preparing to unpack .../047-make_4.3-4.1_amd64.deb ...
#12 260.0 Unpacking make (4.3-4.1) ...
#12 260.4 Selecting previously unselected package libdpkg-perl.
#12 260.4 Preparing to unpack .../048-libdpkg-perl_1.21.23_all.deb ...
#12 260.4 Unpacking libdpkg-perl (1.21.23) ...
#12 260.7 Selecting previously unselected package patch.
#12 260.7 Preparing to unpack .../049-patch_2.7.6-7_amd64.deb ...
#12 260.7 Unpacking patch (2.7.6-7) ...
#12 261.0 Selecting previously unselected package dpkg-dev.
#12 261.0 Preparing to unpack .../050-dpkg-dev_1.21.23_all.deb ...
#12 261.0 Unpacking dpkg-dev (1.21.23) ...
#12 261.5 Selecting previously unselected package build-essential.
#12 261.5 Preparing to unpack .../051-build-essential_12.9_amd64.deb ...
#12 261.6 Unpacking build-essential (12.9) ...
#12 261.7 Selecting previously unselected package libicu72:amd64.
#12 261.7 Preparing to unpack .../052-libicu72_72.1-3+deb12u1_amd64.deb ...
#12 261.7 Unpacking libicu72:amd64 (72.1-3+deb12u1) ...
#12 263.4 Selecting previously unselected package libxml2:amd64.
#12 263.4 Preparing to unpack .../053-libxml2_2.9.14+dfsg-1.3~deb12u6_amd64.deb ...
#12 263.4 Unpacking libxml2:amd64 (2.9.14+dfsg-1.3~deb12u6) ...
#12 263.7 Selecting previously unselected package libarchive13:amd64.
#12 263.7 Preparing to unpack .../054-libarchive13_3.6.2-1+deb12u4_amd64.deb ...
#12 263.7 Unpacking libarchive13:amd64 (3.6.2-1+deb12u4) ...
#12 263.9 Selecting previously unselected package libbrotli1:amd64.
#12 263.9 Preparing to unpack .../055-libbrotli1_1.0.9-2+b6_amd64.deb ...
#12 263.9 Unpacking libbrotli1:amd64 (1.0.9-2+b6) ...
#12 264.1 Selecting previously unselected package libsasl2-modules-db:amd64.
#12 264.1 Preparing to unpack .../056-libsasl2-modules-db_2.1.28+dfsg-10_amd64.deb ...
#12 264.1 Unpacking libsasl2-modules-db:amd64 (2.1.28+dfsg-10) ...
#12 264.2 Selecting previously unselected package libsasl2-2:amd64.
#12 264.2 Preparing to unpack .../057-libsasl2-2_2.1.28+dfsg-10_amd64.deb ...
#12 264.2 Unpacking libsasl2-2:amd64 (2.1.28+dfsg-10) ...
#12 264.4 Selecting previously unselected package libldap-2.5-0:amd64.
#12 264.4 Preparing to unpack .../058-libldap-2.5-0_2.5.13+dfsg-5_amd64.deb ...
#12 264.4 Unpacking libldap-2.5-0:amd64 (2.5.13+dfsg-5) ...
#12 264.6 Selecting previously unselected package libnghttp2-14:amd64.
#12 264.6 Preparing to unpack .../059-libnghttp2-14_1.52.0-1+deb12u3_amd64.deb ...
#12 264.6 Unpacking libnghttp2-14:amd64 (1.52.0-1+deb12u3) ...
#12 264.7 Selecting previously unselected package librtmp1:amd64.
#12 264.7 Preparing to unpack .../060-librtmp1_2.4+20151223.gitfa8646d.1-2+b2_amd64.deb ...
#12 264.7 Unpacking librtmp1:amd64 (2.4+20151223.gitfa8646d.1-2+b2) ...
#12 264.9 Selecting previously unselected package libssh2-1:amd64.
#12 264.9 Preparing to unpack .../061-libssh2-1_1.10.0-3+b1_amd64.deb ...
#12 264.9 Unpacking libssh2-1:amd64 (1.10.0-3+b1) ...
#12 265.1 Selecting previously unselected package libcurl4:amd64.
#12 265.1 Preparing to unpack .../062-libcurl4_7.88.1-10+deb12u15_amd64.deb ...
#12 265.1 Unpacking libcurl4:amd64 (7.88.1-10+deb12u15) ...
#12 265.3 Selecting previously unselected package libjsoncpp25:amd64.
#12 265.3 Preparing to unpack .../063-libjsoncpp25_1.9.5-4_amd64.deb ...
#12 265.4 Unpacking libjsoncpp25:amd64 (1.9.5-4) ...
#12 265.6 Selecting previously unselected package librhash0:amd64.
#12 265.6 Preparing to unpack .../064-librhash0_1.4.3-3_amd64.deb ...
#12 265.6 Unpacking librhash0:amd64 (1.4.3-3) ...
#12 265.8 Selecting previously unselected package libuv1:amd64.
#12 265.8 Preparing to unpack .../065-libuv1_1.44.2-1+deb12u1_amd64.deb ...
#12 265.9 Unpacking libuv1:amd64 (1.44.2-1+deb12u1) ...
#12 266.1 Selecting previously unselected package cmake-data.
#12 266.1 Preparing to unpack .../066-cmake-data_3.25.1-1_all.deb ...
#12 266.1 Unpacking cmake-data (3.25.1-1) ...
#12 267.9 Selecting previously unselected package cmake.
#12 267.9 Preparing to unpack .../067-cmake_3.25.1-1_amd64.deb ...
#12 267.9 Unpacking cmake (3.25.1-1) ...
#12 269.4 Selecting previously unselected package curl.
#12 269.4 Preparing to unpack .../068-curl_7.88.1-10+deb12u15_amd64.deb ...
#12 269.4 Unpacking curl (7.88.1-10+deb12u15) ...
#12 269.6 Selecting previously unselected package libassuan0:amd64.
#12 269.6 Preparing to unpack .../069-libassuan0_2.5.5-5_amd64.deb ...
#12 269.6 Unpacking libassuan0:amd64 (2.5.5-5) ...
#12 269.7 Selecting previously unselected package gpgconf.
#12 269.7 Preparing to unpack .../070-gpgconf_2.2.40-1.1+deb12u2_amd64.deb ...
#12 269.7 Unpacking gpgconf (2.2.40-1.1+deb12u2) ...
#12 269.9 Selecting previously unselected package libksba8:amd64.
#12 269.9 Preparing to unpack .../071-libksba8_1.6.3-2_amd64.deb ...
#12 269.9 Unpacking libksba8:amd64 (1.6.3-2) ...
#12 270.1 Selecting previously unselected package libnpth0:amd64.
#12 270.1 Preparing to unpack .../072-libnpth0_1.6-3_amd64.deb ...
#12 270.1 Unpacking libnpth0:amd64 (1.6-3) ...
#12 270.4 Selecting previously unselected package dirmngr.
#12 270.4 Preparing to unpack .../073-dirmngr_2.2.40-1.1+deb12u2_amd64.deb ...
#12 270.5 Unpacking dirmngr (2.2.40-1.1+deb12u2) ...
#12 270.8 Selecting previously unselected package distro-info-data.
#12 270.8 Preparing to unpack .../074-distro-info-data_0.58+deb12u7_all.deb ...
#12 270.8 Unpacking distro-info-data (0.58+deb12u7) ...
#12 271.1 Selecting previously unselected package libglib2.0-0:amd64.
#12 271.1 Preparing to unpack .../075-libglib2.0-0_2.74.6-2+deb12u9_amd64.deb ...
#12 271.1 Unpacking libglib2.0-0:amd64 (2.74.6-2+deb12u9) ...
#12 ...

#15 [heroescrm  4/13] RUN apt update && apt install -y         nodejs         npm         libpng-dev         libjpeg-dev         libfreetype6-dev         zlib1g-dev         libxml2-dev         libzip-dev         libonig-dev         zip         curl         unzip         libsodium-dev         cron         exiftool         libmagickwand-dev         imagemagick                   supervisor     && docker-php-ext-install -j$(nproc) gd         pdo_mysql         mysqli         zip         pcntl         sodium         exif     && pecl install imagick         redis     && docker-php-ext-enable exif         imagick     && docker-php-source delete
#15 255.5 Get:656 http://deb.debian.org/debian trixie/main amd64 netpbm amd64 2:11.10.02-1 [2083 kB]
#15 257.0 Get:657 http://deb.debian.org/debian trixie/main amd64 node-agent-base all 7.1.1~0~2024040606-6+deb13u1 [11.6 kB]
#15 257.0 Get:658 http://deb.debian.org/debian trixie/main amd64 node-ajv-keywords all 5.1.0-4 [32.3 kB]
#15 257.0 Get:659 http://deb.debian.org/debian trixie/main amd64 node-ansi-escapes all 5.0.0+really.4.3.1-1 [8896 B]
#15 257.0 Get:660 http://deb.debian.org/debian trixie/main amd64 node-aproba all 2.0.0-3 [5844 B]
#15 257.0 Get:661 http://deb.debian.org/debian trixie/main amd64 node-delegates all 1.0.0-3 [4528 B]
#15 257.0 Get:662 http://deb.debian.org/debian trixie/main amd64 node-are-we-there-yet all 3.0.1+~1.1.0-1 [10.0 kB]
#15 257.0 Get:663 http://deb.debian.org/debian trixie/main amd64 node-async-each all 1.0.3-3 [4292 B]
#15 257.0 Get:664 http://deb.debian.org/debian trixie/main amd64 node-auto-bind all 4.0.0-2 [4816 B]
#15 257.0 Get:665 http://deb.debian.org/debian trixie/main amd64 node-babel-plugin-lodash all 3.3.4+~cs2.0.1-7 [11.0 kB]
#15 257.3 Get:666 http://deb.debian.org/debian trixie/main amd64 node-object-visit all 1.0.1-5 [4868 B]
#15 257.3 Get:667 http://deb.debian.org/debian trixie/main amd64 node-map-visit all 1.0.0-4 [6208 B]
#15 257.3 Get:668 http://deb.debian.org/debian trixie/main amd64 node-collection-visit all 1.0.0-4 [4924 B]
#15 257.3 Get:669 http://deb.debian.org/debian trixie/main amd64 node-get-value all 1:3.0.1-4 [5248 B]
#15 257.3 Get:670 http://deb.debian.org/debian trixie/main amd64 node-sellside-emitter all 1.2.1-3 [4440 B]
#15 257.3 Get:671 http://deb.debian.org/debian trixie/main amd64 node-is-primitive all 3.0.1-3 [4892 B]
#15 257.3 Get:672 http://deb.debian.org/debian trixie/main amd64 node-set-value all 4.1.0+~4.0.1-2 [10.4 kB]
#15 257.3 Get:673 http://deb.debian.org/debian trixie/main amd64 node-union-value all 2.0.1-4 [5352 B]
#15 257.3 Get:674 http://deb.debian.org/debian trixie/main amd64 node-has-values all 2.0.1-4 [5628 B]
#15 257.3 Get:675 http://deb.debian.org/debian trixie/main amd64 node-has-value all 2.0.2-4 [6000 B]
#15 257.5 Get:676 http://deb.debian.org/debian trixie/main amd64 node-unset-value all 2.0.1-1 [5928 B]
#15 257.5 Get:677 http://deb.debian.org/debian trixie/main amd64 node-cache-base all 4.0.2-1 [12.4 kB]
#15 257.6 Get:678 http://deb.debian.org/debian trixie/main amd64 node-mixin-deep all 2.0.1-3 [5428 B]
#15 257.6 Get:679 http://deb.debian.org/debian trixie/main amd64 node-pascalcase all 1.0.0-1 [5004 B]
#15 257.6 Get:680 http://deb.debian.org/debian trixie/main amd64 node-base all 3.0.0-3 [12.9 kB]
#15 257.6 Get:681 http://deb.debian.org/debian trixie/main amd64 node-base64-js all 1.5.1+dfsg+~1.3.0-2 [7140 B]
#15 257.6 Get:682 http://deb.debian.org/debian trixie/main amd64 node-binary-extensions all 2.2.0-2 [4408 B]
#15 257.6 Get:683 http://deb.debian.org/debian trixie/main amd64 node-builtins all 5.0.1-1 [4072 B]
#15 257.6 Get:684 http://deb.debian.org/debian trixie/main amd64 node-chownr all 2.0.0-3 [4312 B]
#15 257.8 Get:685 http://deb.debian.org/debian trixie/main amd64 node-iconv-lite all 0.6.3-3 [115 kB]
#15 257.9 Get:686 http://deb.debian.org/debian trixie/main amd64 node-encoding all 0.1.13-2 [4400 B]
#15 257.9 Get:687 http://deb.debian.org/debian trixie/main amd64 node-jsonparse all 1.3.1-10 [8020 B]
#15 257.9 Get:688 http://deb.debian.org/debian trixie/main amd64 node-yallist all 4.0.0+~4.0.1-1 [8172 B]
#15 257.9 Get:689 http://deb.debian.org/debian trixie/main amd64 node-minipass all 5.0.0+~cs10.3.21-3 [46.9 kB]
#15 257.9 Get:690 http://deb.debian.org/debian trixie/main amd64 node-iferr all 1.0.2+~1.0.2-1 [4588 B]
#15 257.9 Get:691 http://deb.debian.org/debian trixie/main amd64 node-fs-write-stream-atomic all 1.0.10-6 [5316 B]
#15 257.9 Get:692 http://deb.debian.org/debian trixie/main amd64 node-run-queue all 2.0.0-3 [5156 B]
#15 257.9 Get:693 http://deb.debian.org/debian trixie/main amd64 node-copy-concurrently all 1.0.5-9 [7100 B]
#15 257.9 Get:694 http://deb.debian.org/debian trixie/main amd64 node-move-concurrently all 1.0.1-5 [5152 B]
#15 258.2 Get:695 http://deb.debian.org/debian trixie/main amd64 node-promise-inflight all 1.0.1+~1.0.0-1 [4864 B]
#15 258.2 Get:696 http://deb.debian.org/debian trixie/main amd64 node-ssri all 9.0.1-3 [18.1 kB]
#15 258.2 Get:697 http://deb.debian.org/debian trixie/main amd64 node-unique-filename all 1.1.1+ds-2 [4032 B]
#15 258.2 Get:698 http://deb.debian.org/debian trixie/main amd64 node-cacache all 17.0.3+~cs10.3.7-2 [45.2 kB]
#15 258.2 Get:699 http://deb.debian.org/debian trixie/main amd64 node-is-binary-path all 2.1.0-5 [3684 B]
#15 258.2 Get:700 http://deb.debian.org/debian trixie/main amd64 node-path-is-absolute all 2.0.0-2 [4068 B]
#15 258.2 Get:701 http://deb.debian.org/debian trixie/main amd64 node-set-immediate-shim all 2.0.0-2 [3740 B]
#15 258.2 Get:702 http://deb.debian.org/debian trixie/main amd64 node-readdirp all 3.6.0-1 [11.5 kB]
#15 258.2 Get:703 http://deb.debian.org/debian trixie/main amd64 node-chokidar all 3.6.0-3 [32.4 kB]
#15 258.2 Get:704 http://deb.debian.org/debian trixie/main amd64 node-tslib all 2.4.1-1 [19.5 kB]
#15 258.5 Get:705 http://deb.debian.org/debian trixie/main amd64 node-chrome-trace-event all 1.0.3-2 [6984 B]
#15 258.5 Get:706 http://deb.debian.org/debian trixie/main amd64 node-ci-info all 4.0.0+~cs1.1.0-1 [12.5 kB]
#15 258.5 Get:707 http://deb.debian.org/debian trixie/main amd64 node-cli-boxes all 3.0.0-1 [4796 B]
#15 258.5 Get:708 http://deb.debian.org/debian trixie/main amd64 node-restore-cursor all 4.0.0-4 [4444 B]
#15 258.5 Get:709 http://deb.debian.org/debian trixie/main amd64 node-cli-cursor all 4.0.0-3 [7880 B]
#15 258.5 Get:710 http://deb.debian.org/debian trixie/main amd64 node-colors all 1.4.0-4 [11.9 kB]
#15 258.5 Get:711 http://deb.debian.org/debian trixie/main amd64 node-cli-table all 0.3.11+~cs0.13.4-3 [23.6 kB]
#15 258.5 Get:712 http://deb.debian.org/debian trixie/main amd64 node-cli-truncate all 2.1.0-5 [5628 B]
#15 258.5 Get:713 http://deb.debian.org/debian trixie/main amd64 node-columnify all 1.6.0+~1.5.1-1 [12.4 kB]
#15 258.5 Get:714 http://deb.debian.org/debian trixie/main amd64 node-console-control-strings all 1.1.0-3 [5564 B]
#15 258.7 Get:715 http://deb.debian.org/debian trixie/main amd64 node-growl all 1.10.5-4 [7684 B]
#15 258.8 Get:716 http://deb.debian.org/debian trixie/main amd64 node-lcov-parse all 1.0.0+20170612git80d039574ed9-6 [5116 B]
#15 258.8 Get:717 http://deb.debian.org/debian trixie/main amd64 node-log-driver all 1.2.7+git+20180219+bba1761737-7 [5396 B]
#15 258.8 Get:718 http://deb.debian.org/debian trixie/main amd64 node-data-uri-to-buffer all 6.0.2~0~2024040606-6+deb13u1 [9180 B]
#15 259.1 Get:719 http://deb.debian.org/debian trixie/main amd64 node-fetch all 3.3.2+~cs11.4.11-3 [213 kB]
#15 259.2 Get:720 http://deb.debian.org/debian trixie/main amd64 node-coveralls all 3.1.1-4 [13.9 kB]
#15 259.2 Get:721 http://deb.debian.org/debian trixie/main amd64 node-css-selector-tokenizer all 0.8.0+~cs4.8.3-1 [13.0 kB]
#15 259.4 Get:722 http://deb.debian.org/debian trixie/main amd64 node-postcss all 8.4.49+~cs9.2.32-1 [189 kB]
#15 259.4 Get:723 http://deb.debian.org/debian trixie/main amd64 node-icss-utils all 5.1.0+~5.1.0-1 [7564 B]
#15 259.4 Get:724 http://deb.debian.org/debian trixie/main amd64 node-postcss-modules-extract-imports all 3.0.0-2 [6584 B]
#15 259.4 Get:725 http://deb.debian.org/debian trixie/main amd64 node-postcss-modules-values all 4.0.0+~4.0.0-1 [7180 B]
#15 259.4 Get:726 http://deb.debian.org/debian trixie/main amd64 node-postcss-value-parser all 4.2.0-1 [10.4 kB]
#15 259.5 Get:727 http://deb.debian.org/debian trixie/main amd64 node-prr all 1.0.1-3 [4352 B]
#15 259.5 Get:728 http://deb.debian.org/debian trixie/main amd64 node-errno all 1.0.0-3 [7736 B]
#15 259.5 Get:729 http://deb.debian.org/debian trixie/main amd64 node-memory-fs all 0.5.0+~0.3.3-2 [7676 B]
#15 259.5 Get:730 http://deb.debian.org/debian trixie/main amd64 node-tapable all 2.2.1-3 [13.5 kB]
#15 259.5 Get:731 http://deb.debian.org/debian trixie/main amd64 node-enhanced-resolve all 5.15.0-1 [36.4 kB]
#15 259.7 Get:732 http://deb.debian.org/debian trixie/main amd64 node-es-module-lexer all 1.1.0+dfsg-3 [19.8 kB]
#15 259.7 Get:733 http://deb.debian.org/debian trixie/main amd64 node-events all 3.3.0+~3.0.0-3 [5888 B]
#15 259.7 Get:734 http://deb.debian.org/debian trixie/main amd64 node-resolve-cwd all 3.0.0-2 [4212 B]
#15 259.9 Get:735 http://deb.debian.org/debian trixie/main amd64 node-jest-debbundle all 29.6.2~ds1+~cs73.45.28-5 [135 kB]
#15 260.1 Get:736 http://deb.debian.org/debian trixie/main amd64 node-interpret all 2.2.0-3 [7660 B]
#15 260.1 Get:737 http://deb.debian.org/debian trixie/main amd64 node-merge-stream all 2.0.0+~1.1.2-2 [5124 B]
#15 260.1 Get:738 http://deb.debian.org/debian trixie/main amd64 node-jest-worker all 29.6.2~ds1+~cs73.45.28-5 [116 kB]
#15 260.1 Get:739 http://deb.debian.org/debian trixie/main amd64 node-loader-runner all 4.3.0-1 [7644 B]
#15 260.1 Get:740 http://deb.debian.org/debian trixie/main amd64 node-mime all 3.0.0+dfsg+~cs6.97.2-2 [40.3 kB]
#15 260.1 Get:741 http://deb.debian.org/debian trixie/main amd64 node-mime-types all 2.1.35-2 [8752 B]
#15 260.1 Get:742 http://deb.debian.org/debian trixie/main amd64 node-rechoir all 0.8.0+~0.6.1-2 [6628 B]
#15 260.1 Get:743 http://deb.debian.org/debian trixie/main amd64 node-schema-utils all 4.2.0~ds-3 [22.0 kB]
#15 260.1 Get:744 http://deb.debian.org/debian trixie/main amd64 node-randombytes all 2.1.0+~2.0.0-2 [4852 B]
#15 260.3 Get:745 http://deb.debian.org/debian trixie/main amd64 node-serialize-javascript all 6.0.2-1 [13.0 kB]
#15 260.3 Get:746 http://deb.debian.org/debian trixie/main amd64 node-watchpack all 2.4.0+~cs2.8.1-1 [20.2 kB]
#15 260.6 Get:747 http://deb.debian.org/debian trixie/main amd64 node-webassemblyjs all 1.11.4+dfsg+~cs10.11.17-2 [139 kB]
#15 260.6 Get:748 http://deb.debian.org/debian trixie/main amd64 node-source-list-map all 2.0.1+dfsg+~0.1.2-1 [10.1 kB]
#15 260.6 Get:749 http://deb.debian.org/debian trixie/main amd64 node-webpack-sources all 3.2.3+~3.2.0-2 [23.2 kB]
#15 260.9 Get:750 http://deb.debian.org/debian trixie/main amd64 node-terser all 5.38.0-1 [220 kB]
#15 261.0 Get:751 http://deb.debian.org/debian trixie/main amd64 terser all 5.38.0-1 [19.4 kB]
#15 261.0 Get:752 http://deb.debian.org/debian trixie/main amd64 node-get-stream all 8.0.1-11 [11.6 kB]
#15 261.0 Get:753 http://deb.debian.org/debian trixie/main amd64 node-mimic-fn all 4.0.0-5 [5492 B]
#15 261.0 Get:754 http://deb.debian.org/debian trixie/main amd64 node-strip-eof all 3.0.0-5 [4656 B]
#15 261.0 Get:755 http://deb.debian.org/debian trixie/main amd64 node-execa all 8.0.1+dfsg1+~cs12.0.0-1 [43.9 kB]
#15 261.0 Get:756 http://deb.debian.org/debian trixie/main amd64 node-envinfo all 7.11.0+~cs14.3.0-3 [32.6 kB]
#15 261.4 Get:757 http://deb.debian.org/debian trixie/main amd64 webpack all 5.97.1+dfsg1+~cs11.18.27-3 [810 kB]
#15 261.9 Get:758 http://deb.debian.org/debian trixie/main amd64 node-css-loader all 6.8.1+~cs14.0.17-1 [74.5 kB]
#15 262.0 Get:759 http://deb.debian.org/debian trixie/main amd64 node-mimic-response all 3.1.0-9 [5424 B]
#15 262.0 Get:760 http://deb.debian.org/debian trixie/main amd64 node-decompress-response all 6.0.0-3 [4656 B]
#15 262.0 Get:761 http://deb.debian.org/debian trixie/main amd64 node-depd all 2.0.0-2 [11.2 kB]
#15 262.0 Get:762 http://deb.debian.org/debian trixie/main amd64 node-diff all 5.0.0~dfsg+~5.0.1-4 [69.7 kB]
#15 262.1 Get:763 http://deb.debian.org/debian trixie/main amd64 node-err-code all 2.0.3+dfsg-3 [4884 B]
#15 262.1 Get:764 http://deb.debian.org/debian trixie/main amd64 node-time-stamp all 2.2.0-2 [6016 B]
#15 262.1 Get:765 http://deb.debian.org/debian trixie/main amd64 node-fancy-log all 1.3.3+~cs1.3.1-2 [7940 B]
#15 262.1 Get:766 http://deb.debian.org/debian trixie/main amd64 node-has-unicode all 2.0.1-5 [3992 B]
#15 262.1 Get:767 http://deb.debian.org/debian trixie/main amd64 node-wide-align all 1.1.3-4 [4244 B]
#15 262.3 Get:768 http://deb.debian.org/debian trixie/main amd64 node-gauge all 4.0.4-2 [19.7 kB]
#15 262.3 Get:769 http://deb.debian.org/debian trixie/main amd64 node-lowercase-keys all 2.0.0-2 [3768 B]
#15 262.3 Get:770 http://deb.debian.org/debian trixie/main amd64 node-json-buffer all 3.0.1+~3.0.0-1 [4536 B]
#15 262.3 Get:771 http://deb.debian.org/debian trixie/main amd64 node-p-cancelable all 2.1.1-1 [7272 B]
#15 262.5 Get:772 http://deb.debian.org/debian trixie/main amd64 node-got all 11.8.5+~cs58.13.36-5 [121 kB]
#15 262.6 Get:773 http://deb.debian.org/debian trixie/main amd64 node-https-proxy-agent all 7.0.4~0~2024040606-6+deb13u1 [13.7 kB]
#15 262.6 Get:774 http://deb.debian.org/debian trixie/main amd64 node-set-blocking all 2.0.0-2 [4248 B]
#15 262.6 Get:775 http://deb.debian.org/debian trixie/main amd64 node-npmlog all 7.0.1+~4.1.4-1 [11.4 kB]
#15 262.6 Get:776 http://deb.debian.org/debian trixie/main amd64 node-osenv all 0.1.5+~0.1.1-1 [5884 B]
#15 262.6 Get:777 http://deb.debian.org/debian trixie/main amd64 node-tar all 6.2.1+~cs7.0.8-1+deb13u1 [52.7 kB]
#15 262.6 Get:778 http://deb.debian.org/debian trixie/main amd64 node-gyp all 11.1.0+~5.0.0-1 [67.6 kB]
#15 262.7 Get:779 http://deb.debian.org/debian trixie/main amd64 node-http-proxy-agent all 7.0.2~0~2024040606-6+deb13u1 [10.8 kB]
#15 262.7 Get:780 http://deb.debian.org/debian trixie/main amd64 node-ieee754 all 1.2.1-3 [5268 B]
#15 262.7 Get:781 http://deb.debian.org/debian trixie/main amd64 node-ini all 3.0.1-2 [6928 B]
#15 262.8 Get:782 http://deb.debian.org/debian trixie/main amd64 node-ip all 2.0.1+~1.1.3-3 [8616 B]
#15 262.8 Get:783 http://deb.debian.org/debian trixie/main amd64 node-ip-regex all 4.3.0+~4.1.1-1 [5188 B]
#15 262.9 Get:784 http://deb.debian.org/debian trixie/main amd64 node-mute-stream all 0.0.8+~0.0.1-3 [6232 B]
#15 262.9 Get:785 http://deb.debian.org/debian trixie/main amd64 node-negotiator all 0.6.3+~0.6.1-1 [10.8 kB]
#15 262.9 Get:786 http://deb.debian.org/debian trixie/main amd64 node-read-package-json all 5.0.2+~2.0.0-2 [11.6 kB]
#15 262.9 Get:787 http://deb.debian.org/debian trixie/main amd64 node-npm-bundled all 2.0.1-2 [6408 B]
#15 262.9 Get:788 http://deb.debian.org/debian trixie/main amd64 node-validate-npm-package-name all 5.0.0+~4.0.0-1 [7444 B]
#15 262.9 Get:789 http://deb.debian.org/debian trixie/main amd64 node-npm-package-arg all 10.0.0+~3.0.0-2 [11.4 kB]
#15 263.0 Get:790 http://deb.debian.org/debian trixie/main amd64 xdg-utils all 1.2.1-2 [75.8 kB]
#15 263.0 Get:791 http://deb.debian.org/debian trixie/main amd64 node-opener all 1.5.2+~1.4.0-1 [5940 B]
#15 263.1 Get:792 http://deb.debian.org/debian trixie/main amd64 node-retry all 0.13.1.+~cs2.19.16-1 [14.2 kB]
#15 263.1 Get:793 http://deb.debian.org/debian trixie/main amd64 node-promise-retry all 2.0.1-4 [5016 B]
#15 263.1 Get:794 http://deb.debian.org/debian trixie/main amd64 node-read all 1.0.7-5 [5388 B]
#15 263.1 Get:795 http://deb.debian.org/debian trixie/main amd64 node-promzard all 0.3.0-2 [6788 B]
#15 263.1 Get:796 http://deb.debian.org/debian trixie/main amd64 node-re2 amd64 1.21.4+~cs2.13.13-2+b2 [50.1 kB]
#15 263.2 Get:797 http://deb.debian.org/debian trixie/main amd64 node-require-from-string all 2.0.2+~1.2.1-1 [4468 B]
#15 263.2 Get:798 http://deb.debian.org/debian trixie/main amd64 node-shell-quote all 1.7.4+~1.7.1-1+deb13u1 [14.7 kB]
#15 263.2 Get:799 http://deb.debian.org/debian trixie/main amd64 node-stack-utils all 2.0.6+~2.0.1-1 [9260 B]
#15 263.5 Get:800 http://deb.debian.org/debian trixie/main amd64 node-yaml all 2.3.4+~cs0.4.0-1 [124 kB]
#15 263.5 Get:801 http://deb.debian.org/debian trixie/main amd64 node-tap-parser all 13.0.1+~cs4.1.3-3 [46.3 kB]
#15 263.5 Get:802 http://deb.debian.org/debian trixie/main amd64 node-tap-mocha-reporter all 5.0.3+~2.0.2-3 [38.7 kB]
#15 263.5 Get:803 http://deb.debian.org/debian trixie/main amd64 node-widest-line all 3.1.0-2 [4092 B]
#15 263.6 Get:804 http://deb.debian.org/debian trixie/main amd64 node-ws all 8.18.1+~cs14.18.2-1 [54.2 kB]
#15 263.6 Get:805 http://deb.debian.org/debian trixie/main amd64 node-tap all 16.3.7+ds3+~cs49.5.20-1 [98.4 kB]
#15 263.6 Get:806 http://deb.debian.org/debian trixie/main amd64 node-text-table all 0.2.0-4 [4736 B]
#15 263.8 Get:807 http://deb.debian.org/debian trixie/main amd64 nodejs-doc all 20.19.2+dfsg-1+deb13u2 [6084 kB]
#15 267.8 Get:808 http://deb.debian.org/debian trixie/main amd64 npm all 9.2.0~ds1-3 [669 kB]
#15 ...

#12 [freeswitch stage-0 2/6] RUN apt-get update && apt-get install -y --no-install-recommends         gnupg2 wget lsb-release software-properties-common apt-transport-https curl         ca-certificates git cmake pkg-config build-essential libssl-dev zlib1g-dev libevent-dev libspeexdsp-dev     && rm -rf /var/lib/apt/lists/*
#12 272.1 Selecting previously unselected package libgirepository-1.0-1:amd64.
#12 272.1 Preparing to unpack .../076-libgirepository-1.0-1_1.74.0-3_amd64.deb ...
#12 272.1 Unpacking libgirepository-1.0-1:amd64 (1.74.0-3) ...
#12 274.0 Selecting previously unselected package gir1.2-glib-2.0:amd64.
#12 274.1 Preparing to unpack .../077-gir1.2-glib-2.0_1.74.0-3_amd64.deb ...
#12 274.8 Unpacking gir1.2-glib-2.0:amd64 (1.74.0-3) ...
#12 275.0 Selecting previously unselected package libpackagekit-glib2-18:amd64.
#12 275.0 Preparing to unpack .../078-libpackagekit-glib2-18_1.2.6-5+deb12u1_amd64.deb ...
#12 275.0 Unpacking libpackagekit-glib2-18:amd64 (1.2.6-5+deb12u1) ...
#12 275.3 Selecting previously unselected package gir1.2-packagekitglib-1.0.
#12 275.3 Preparing to unpack .../079-gir1.2-packagekitglib-1.0_1.2.6-5+deb12u1_amd64.deb ...
#12 275.3 Unpacking gir1.2-packagekitglib-1.0 (1.2.6-5+deb12u1) ...
#12 275.5 Selecting previously unselected package libcurl3-gnutls:amd64.
#12 275.5 Preparing to unpack .../080-libcurl3-gnutls_7.88.1-10+deb12u15_amd64.deb ...
#12 275.5 Unpacking libcurl3-gnutls:amd64 (7.88.1-10+deb12u15) ...
#12 275.8 Selecting previously unselected package liberror-perl.
#12 275.8 Preparing to unpack .../081-liberror-perl_0.17029-2_all.deb ...
#12 275.8 Unpacking liberror-perl (0.17029-2) ...
#12 276.0 Selecting previously unselected package git-man.
#12 276.0 Preparing to unpack .../082-git-man_1%3a2.39.5-0+deb12u3_all.deb ...
#12 276.0 Unpacking git-man (1:2.39.5-0+deb12u3) ...
#12 276.4 Selecting previously unselected package git.
#12 276.4 Preparing to unpack .../083-git_1%3a2.39.5-0+deb12u3_amd64.deb ...
#12 276.5 Unpacking git (1:2.39.5-0+deb12u3) ...
#12 278.3 Selecting previously unselected package gnupg-l10n.
#12 278.3 Preparing to unpack .../084-gnupg-l10n_2.2.40-1.1+deb12u2_all.deb ...
#12 278.3 Unpacking gnupg-l10n (2.2.40-1.1+deb12u2) ...
#12 278.6 Selecting previously unselected package gnupg-utils.
#12 278.6 Preparing to unpack .../085-gnupg-utils_2.2.40-1.1+deb12u2_amd64.deb ...
#12 278.6 Unpacking gnupg-utils (2.2.40-1.1+deb12u2) ...
#12 279.0 Selecting previously unselected package gpg.
#12 279.0 Preparing to unpack .../086-gpg_2.2.40-1.1+deb12u2_amd64.deb ...
#12 279.1 Unpacking gpg (2.2.40-1.1+deb12u2) ...
#12 279.5 Selecting previously unselected package pinentry-curses.
#12 279.5 Preparing to unpack .../087-pinentry-curses_1.2.1-1_amd64.deb ...
#12 279.5 Unpacking pinentry-curses (1.2.1-1) ...
#12 279.7 Selecting previously unselected package gpg-agent.
#12 279.7 Preparing to unpack .../088-gpg-agent_2.2.40-1.1+deb12u2_amd64.deb ...
#12 279.7 Unpacking gpg-agent (2.2.40-1.1+deb12u2) ...
#12 280.2 Selecting previously unselected package gpg-wks-client.
#12 280.2 Preparing to unpack .../089-gpg-wks-client_2.2.40-1.1+deb12u2_amd64.deb ...
#12 280.2 Unpacking gpg-wks-client (2.2.40-1.1+deb12u2) ...
#12 280.6 Selecting previously unselected package gpg-wks-server.
#12 280.6 Preparing to unpack .../090-gpg-wks-server_2.2.40-1.1+deb12u2_amd64.deb ...
#12 280.6 Unpacking gpg-wks-server (2.2.40-1.1+deb12u2) ...
#12 280.8 Selecting previously unselected package gpgsm.
#12 280.8 Preparing to unpack .../091-gpgsm_2.2.40-1.1+deb12u2_amd64.deb ...
#12 280.8 Unpacking gpgsm (2.2.40-1.1+deb12u2) ...
#12 281.1 Selecting previously unselected package gnupg.
#12 281.2 Preparing to unpack .../092-gnupg_2.2.40-1.1+deb12u2_all.deb ...
#12 281.2 Unpacking gnupg (2.2.40-1.1+deb12u2) ...
#12 281.5 Selecting previously unselected package gnupg2.
#12 281.5 Preparing to unpack .../093-gnupg2_2.2.40-1.1+deb12u2_all.deb ...
#12 281.5 Unpacking gnupg2 (2.2.40-1.1+deb12u2) ...
#12 281.7 Selecting previously unselected package iso-codes.
#12 281.7 Preparing to unpack .../094-iso-codes_4.15.0-1_all.deb ...
#12 281.7 Unpacking iso-codes (4.15.0-1) ...
#12 ...

#15 [heroescrm  4/13] RUN apt update && apt install -y         nodejs         npm         libpng-dev         libjpeg-dev         libfreetype6-dev         zlib1g-dev         libxml2-dev         libzip-dev         libonig-dev         zip         curl         unzip         libsodium-dev         cron         exiftool         libmagickwand-dev         imagemagick                   supervisor     && docker-php-ext-install -j$(nproc) gd         pdo_mysql         mysqli         zip         pcntl         sodium         exif     && pecl install imagick         redis     && docker-php-ext-enable exif         imagick     && docker-php-source delete
#15 268.3 Get:809 http://deb.debian.org/debian-security trixie-security/main amd64 openssl amd64 3.5.7-1~deb13u2 [1507 kB]
#15 269.7 Get:810 http://deb.debian.org/debian trixie/main amd64 psmisc amd64 23.7-2 [267 kB]
#15 269.8 Get:811 http://deb.debian.org/debian trixie/main amd64 systemd-cryptsetup amd64 257.13-1~deb13u1 [173 kB]
#15 270.0 Get:812 http://deb.debian.org/debian-security trixie-security/main amd64 unzip amd64 6.0-29+deb13u1 [173 kB]
#15 270.4 Get:813 http://deb.debian.org/debian trixie/main amd64 x11-utils amd64 7.7+7 [182 kB]
#15 270.7 Get:814 http://deb.debian.org/debian trixie/main amd64 x11-xserver-utils amd64 7.7+11 [163 kB]
#15 270.8 Get:815 http://deb.debian.org/debian trixie/main amd64 xauth amd64 1:1.1.2-1.1 [35.9 kB]
#15 270.8 Get:816 http://deb.debian.org/debian trixie/main amd64 xdg-user-dirs amd64 0.18-2 [53.2 kB]
#15 270.8 Get:817 http://deb.debian.org/debian-security trixie-security/main amd64 zip amd64 3.0-15+deb13u1 [235 kB]
#15 271.0 Get:818 http://deb.debian.org/debian trixie/main amd64 libegl1 amd64 1.7.0-1+b2 [34.6 kB]
#15 271.3 Get:819 http://deb.debian.org/debian trixie/main amd64 zutty amd64 0.16.2.20241020+dfsg1-1 [182 kB]
#15 272.4 debconf: unable to initialize frontend: Dialog
#15 272.4 debconf: (TERM is not set, so the dialog frontend is not usable.)
#15 272.4 debconf: falling back to frontend: Readline
#15 272.4 debconf: unable to initialize frontend: Readline
#15 272.4 debconf: (This frontend requires a controlling tty.)
#15 272.4 debconf: falling back to frontend: Teletype
#15 272.5 debconf: unable to initialize frontend: Teletype
#15 272.5 debconf: (This frontend requires a controlling tty.)
#15 272.5 debconf: falling back to frontend: Noninteractive
#15 ...

#12 [freeswitch stage-0 2/6] RUN apt-get update && apt-get install -y --no-install-recommends         gnupg2 wget lsb-release software-properties-common apt-transport-https curl         ca-certificates git cmake pkg-config build-essential libssl-dev zlib1g-dev libevent-dev libspeexdsp-dev     && rm -rf /var/lib/apt/lists/*
#12 282.7 Selecting previously unselected package libstemmer0d:amd64.
#12 282.7 Preparing to unpack .../095-libstemmer0d_2.2.0-2_amd64.deb ...
#12 282.7 Unpacking libstemmer0d:amd64 (2.2.0-2) ...
#12 283.0 Selecting previously unselected package libxmlb2:amd64.
#12 283.0 Preparing to unpack .../096-libxmlb2_0.3.22-1~deb12u1_amd64.deb ...
#12 283.0 Unpacking libxmlb2:amd64 (0.3.22-1~deb12u1) ...
#12 283.2 Selecting previously unselected package libyaml-0-2:amd64.
#12 283.2 Preparing to unpack .../097-libyaml-0-2_0.2.5-1_amd64.deb ...
#12 283.2 Unpacking libyaml-0-2:amd64 (0.2.5-1) ...
#12 283.5 Selecting previously unselected package libappstream4:amd64.
#12 283.5 Preparing to unpack .../098-libappstream4_0.16.1-2+b1_amd64.deb ...
#12 283.5 Unpacking libappstream4:amd64 (0.16.1-2+b1) ...
#12 283.6 Selecting previously unselected package libcap2-bin.
#12 283.7 Preparing to unpack .../099-libcap2-bin_1%3a2.66-4+deb12u3+b1_amd64.deb ...
#12 283.7 Unpacking libcap2-bin (1:2.66-4+deb12u3+b1) ...
#12 283.9 Selecting previously unselected package libduktape207:amd64.
#12 283.9 Preparing to unpack .../100-libduktape207_2.7.0-2_amd64.deb ...
#12 283.9 Unpacking libduktape207:amd64 (2.7.0-2) ...
#12 284.1 Selecting previously unselected package libelf1:amd64.
#12 284.1 Preparing to unpack .../101-libelf1_0.188-2.1_amd64.deb ...
#12 284.2 Unpacking libelf1:amd64 (0.188-2.1) ...
#12 284.3 Selecting previously unselected package libdw1:amd64.
#12 284.3 Preparing to unpack .../102-libdw1_0.188-2.1_amd64.deb ...
#12 284.3 Unpacking libdw1:amd64 (0.188-2.1) ...
#12 284.5 Selecting previously unselected package libevent-2.1-7:amd64.
#12 284.5 Preparing to unpack .../103-libevent-2.1-7_2.1.12-stable-8_amd64.deb ...
#12 284.5 Unpacking libevent-2.1-7:amd64 (2.1.12-stable-8) ...
#12 284.6 Selecting previously unselected package libevent-core-2.1-7:amd64.
#12 284.6 Preparing to unpack .../104-libevent-core-2.1-7_2.1.12-stable-8_amd64.deb ...
#12 284.6 Unpacking libevent-core-2.1-7:amd64 (2.1.12-stable-8) ...
#12 284.7 Selecting previously unselected package libevent-extra-2.1-7:amd64.
#12 284.7 Preparing to unpack .../105-libevent-extra-2.1-7_2.1.12-stable-8_amd64.deb ...
#12 284.8 Unpacking libevent-extra-2.1-7:amd64 (2.1.12-stable-8) ...
#12 284.9 Selecting previously unselected package libevent-pthreads-2.1-7:amd64.
#12 284.9 Preparing to unpack .../106-libevent-pthreads-2.1-7_2.1.12-stable-8_amd64.deb ...
#12 284.9 Unpacking libevent-pthreads-2.1-7:amd64 (2.1.12-stable-8) ...
#12 285.1 Selecting previously unselected package libevent-openssl-2.1-7:amd64.
#12 285.1 Preparing to unpack .../107-libevent-openssl-2.1-7_2.1.12-stable-8_amd64.deb ...
#12 285.1 Unpacking libevent-openssl-2.1-7:amd64 (2.1.12-stable-8) ...
#12 285.2 Selecting previously unselected package libevent-dev.
#12 285.2 Preparing to unpack .../108-libevent-dev_2.1.12-stable-8_amd64.deb ...
#12 285.2 Unpacking libevent-dev (2.1.12-stable-8) ...
#12 285.4 Selecting previously unselected package libglib2.0-data.
#12 285.4 Preparing to unpack .../109-libglib2.0-data_2.74.6-2+deb12u9_all.deb ...
#12 285.4 Unpacking libglib2.0-data (2.74.6-2+deb12u9) ...
#12 285.7 Selecting previously unselected package libglib2.0-bin.
#12 285.8 Preparing to unpack .../110-libglib2.0-bin_2.74.6-2+deb12u9_amd64.deb ...
#12 285.8 Unpacking libglib2.0-bin (2.74.6-2+deb12u9) ...
#12 285.9 Selecting previously unselected package libunwind8:amd64.
#12 285.9 Preparing to unpack .../111-libunwind8_1.6.2-3_amd64.deb ...
#12 285.9 Unpacking libunwind8:amd64 (1.6.2-3) ...
#12 286.1 Selecting previously unselected package libgstreamer1.0-0:amd64.
#12 286.1 Preparing to unpack .../112-libgstreamer1.0-0_1.22.0-2+deb12u1_amd64.deb ...
#12 286.1 Unpacking libgstreamer1.0-0:amd64 (1.22.0-2+deb12u1) ...
#12 286.6 Selecting previously unselected package libpkgconf3:amd64.
#12 286.6 Preparing to unpack .../113-libpkgconf3_1.8.1-1_amd64.deb ...
#12 286.6 Unpacking libpkgconf3:amd64 (1.8.1-1) ...
#12 286.8 Selecting previously unselected package libpolkit-gobject-1-0:amd64.
#12 286.8 Preparing to unpack .../114-libpolkit-gobject-1-0_122-3_amd64.deb ...
#12 286.9 Unpacking libpolkit-gobject-1-0:amd64 (122-3) ...
#12 287.2 Selecting previously unselected package libpolkit-agent-1-0:amd64.
#12 287.2 Preparing to unpack .../115-libpolkit-agent-1-0_122-3_amd64.deb ...
#12 287.3 Unpacking libpolkit-agent-1-0:amd64 (122-3) ...
#12 287.5 Selecting previously unselected package libspeexdsp1:amd64.
#12 287.5 Preparing to unpack .../116-libspeexdsp1_1.2.1-1_amd64.deb ...
#12 287.5 Unpacking libspeexdsp1:amd64 (1.2.1-1) ...
#12 287.7 Selecting previously unselected package libspeexdsp-dev:amd64.
#12 287.7 Preparing to unpack .../117-libspeexdsp-dev_1.2.1-1_amd64.deb ...
#12 287.7 Unpacking libspeexdsp-dev:amd64 (1.2.1-1) ...
#12 287.9 Selecting previously unselected package libssl-dev:amd64.
#12 287.9 Preparing to unpack .../118-libssl-dev_3.0.20-1~deb12u2_amd64.deb ...
#12 288.0 Unpacking libssl-dev:amd64 (3.0.20-1~deb12u2) ...
#12 288.6 Selecting previously unselected package lsb-release.
#12 288.6 Preparing to unpack .../119-lsb-release_12.0-1_all.deb ...
#12 288.6 Unpacking lsb-release (12.0-1) ...
#12 288.8 Selecting previously unselected package xml-core.
#12 288.8 Preparing to unpack .../120-xml-core_0.18+nmu1_all.deb ...
#12 288.9 Unpacking xml-core (0.18+nmu1) ...
#12 289.1 Selecting previously unselected package polkitd.
#12 289.1 Preparing to unpack .../121-polkitd_122-3_amd64.deb ...
#12 289.3 Unpacking polkitd (122-3) ...
#12 289.5 Selecting previously unselected package packagekit.
#12 289.5 Preparing to unpack .../122-packagekit_1.2.6-5+deb12u1_amd64.deb ...
#12 289.5 Unpacking packagekit (1.2.6-5+deb12u1) ...
#12 289.8 Selecting previously unselected package pkgconf-bin.
#12 289.8 Preparing to unpack .../123-pkgconf-bin_1.8.1-1_amd64.deb ...
#12 289.8 Unpacking pkgconf-bin (1.8.1-1) ...
#12 289.9 Selecting previously unselected package pkgconf:amd64.
#12 289.9 Preparing to unpack .../124-pkgconf_1.8.1-1_amd64.deb ...
#12 289.9 Unpacking pkgconf:amd64 (1.8.1-1) ...
#12 290.1 Selecting previously unselected package pkg-config:amd64.
#12 290.1 Preparing to unpack .../125-pkg-config_1.8.1-1_amd64.deb ...
#12 290.1 Unpacking pkg-config:amd64 (1.8.1-1) ...
#12 290.3 Selecting previously unselected package python-apt-common.
#12 290.3 Preparing to unpack .../126-python-apt-common_2.6.0_all.deb ...
#12 290.3 Unpacking python-apt-common (2.6.0) ...
#12 290.6 Selecting previously unselected package python3-apt.
#12 290.6 Preparing to unpack .../127-python3-apt_2.6.0_amd64.deb ...
#12 290.6 Unpacking python3-apt (2.6.0) ...
#12 290.8 Selecting previously unselected package python3-blinker.
#12 290.8 Preparing to unpack .../128-python3-blinker_1.5-1_all.deb ...
#12 290.8 Unpacking python3-blinker (1.5-1) ...
#12 291.0 Selecting previously unselected package python3-cffi-backend:amd64.
#12 291.0 Preparing to unpack .../129-python3-cffi-backend_1.15.1-5+b1_amd64.deb ...
#12 291.0 Unpacking python3-cffi-backend:amd64 (1.15.1-5+b1) ...
#12 291.3 Selecting previously unselected package python3-cryptography.
#12 291.3 Preparing to unpack .../130-python3-cryptography_38.0.4-3+deb12u1_amd64.deb ...
#12 291.4 Unpacking python3-cryptography (38.0.4-3+deb12u1) ...
#12 291.9 Selecting previously unselected package python3-dbus.
#12 291.9 Preparing to unpack .../131-python3-dbus_1.3.2-4+b1_amd64.deb ...
#12 291.9 Unpacking python3-dbus (1.3.2-4+b1) ...
#12 292.1 Selecting previously unselected package python3-distro.
#12 292.1 Preparing to unpack .../132-python3-distro_1.8.0-1_all.deb ...
#12 292.1 Unpacking python3-distro (1.8.0-1) ...
#12 292.3 Selecting previously unselected package python3-gi.
#12 292.3 Preparing to unpack .../133-python3-gi_3.42.2-3+b1_amd64.deb ...
#12 292.3 Unpacking python3-gi (3.42.2-3+b1) ...
#12 292.6 Selecting previously unselected package python3-pyparsing.
#12 292.6 Preparing to unpack .../134-python3-pyparsing_3.0.9-1_all.deb ...
#12 292.6 Unpacking python3-pyparsing (3.0.9-1) ...
#12 292.8 Selecting previously unselected package python3-httplib2.
#12 292.8 Preparing to unpack .../135-python3-httplib2_0.20.4-3+deb12u1_all.deb ...
#12 292.9 Unpacking python3-httplib2 (0.20.4-3+deb12u1) ...
#12 293.0 Selecting previously unselected package python3-jwt.
#12 293.0 Preparing to unpack .../136-python3-jwt_2.6.0-1+deb12u1_all.deb ...
#12 293.1 Unpacking python3-jwt (2.6.0-1+deb12u1) ...
#12 293.4 Selecting previously unselected package python3-pkg-resources.
#12 293.4 Preparing to unpack .../137-python3-pkg-resources_66.1.1-1+deb12u2_all.deb ...
#12 293.4 Unpacking python3-pkg-resources (66.1.1-1+deb12u2) ...
#12 293.7 Selecting previously unselected package python3-lazr.uri.
#12 293.7 Preparing to unpack .../138-python3-lazr.uri_1.0.6-3_all.deb ...
#12 293.7 Unpacking python3-lazr.uri (1.0.6-3) ...
#12 294.0 Selecting previously unselected package python3-wadllib.
#12 294.0 Preparing to unpack .../139-python3-wadllib_1.3.6-4_all.deb ...
#12 294.0 Unpacking python3-wadllib (1.3.6-4) ...
#12 294.3 Selecting previously unselected package python3-oauthlib.
#12 294.3 Preparing to unpack .../140-python3-oauthlib_3.2.2-1_all.deb ...
#12 294.3 Unpacking python3-oauthlib (3.2.2-1) ...
#12 294.6 Selecting previously unselected package python3-six.
#12 294.7 Preparing to unpack .../141-python3-six_1.16.0-4_all.deb ...
#12 294.7 Unpacking python3-six (1.16.0-4) ...
#12 294.9 Selecting previously unselected package python3-lazr.restfulclient.
#12 294.9 Preparing to unpack .../142-python3-lazr.restfulclient_0.14.5-1_all.deb ...
#12 294.9 Unpacking python3-lazr.restfulclient (0.14.5-1) ...
#12 295.1 Selecting previously unselected package python3-software-properties.
#12 295.1 Preparing to unpack .../143-python3-software-properties_0.99.30-4.1~deb12u1_all.deb ...
#12 295.2 Unpacking python3-software-properties (0.99.30-4.1~deb12u1) ...
#12 295.4 Selecting previously unselected package software-properties-common.
#12 295.4 Preparing to unpack .../144-software-properties-common_0.99.30-4.1~deb12u1_all.deb ...
#12 295.5 Unpacking software-properties-common (0.99.30-4.1~deb12u1) ...
#12 295.6 Selecting previously unselected package zlib1g-dev:amd64.
#12 295.6 Preparing to unpack .../145-zlib1g-dev_1%3a1.2.13.dfsg-1_amd64.deb ...
#12 295.6 Unpacking zlib1g-dev:amd64 (1:1.2.13.dfsg-1) ...
#12 296.0 Setting up libksba8:amd64 (1.6.3-2) ...
#12 296.0 Setting up media-types (10.0.0) ...
#12 296.1 Setting up systemd-sysv (252.39-1~deb12u2) ...
#12 296.2 Setting up libkeyutils1:amd64 (1.6.3-2) ...
#12 296.2 Setting up libpsl5:amd64 (0.21.2-1) ...
#12 296.2 Setting up libicu72:amd64 (72.1-3+deb12u1) ...
#12 296.3 Setting up wget (1.21.3-1+deb12u1) ...
#12 296.3 Setting up apt-transport-https (2.6.1) ...
#12 296.4 Setting up libyaml-0-2:amd64 (0.2.5-1) ...
#12 296.4 Setting up libglib2.0-0:amd64 (2.74.6-2+deb12u9) ...
#12 296.5 No schema files found: doing nothing.
#12 296.5 Setting up distro-info-data (0.58+deb12u7) ...
#12 296.5 Setting up libtirpc-common (1.3.3+ds-1) ...
#12 296.6 Setting up libxmlb2:amd64 (0.3.22-1~deb12u1) ...
#12 296.6 Setting up libbrotli1:amd64 (1.0.9-2+b6) ...
#12 296.7 Setting up libsqlite3-0:amd64 (3.40.1-2+deb12u2) ...
#12 296.8 Setting up binutils-common:amd64 (2.40-2) ...
#12 296.8 Setting up libnghttp2-14:amd64 (1.52.0-1+deb12u3) ...
#12 296.9 Setting up linux-libc-dev:amd64 (6.1.180-1) ...
#12 296.9 Setting up libctf-nobfd0:amd64 (2.40-2) ...
#12 296.9 Setting up libpackagekit-glib2-18:amd64 (1.2.6-5+deb12u1) ...
#12 297.0 Setting up libnpth0:amd64 (1.6-3) ...
#12 297.0 Setting up libassuan0:amd64 (2.5.5-5) ...
#12 297.1 Setting up libgomp1:amd64 (12.2.0-14+deb12u1) ...
#12 297.1 Setting up bzip2 (1.0.8-5+b1) ...
#12 297.1 Setting up libunwind8:amd64 (1.6.2-3) ...
#12 297.2 Setting up libjansson4:amd64 (2.14-2) ...
#12 297.3 Setting up libkrb5support0:amd64 (1.20.1-2+deb12u5) ...
#12 297.4 Setting up libsasl2-modules-db:amd64 (2.1.28+dfsg-10) ...
#12 297.4 Setting up libcap2-bin (1:2.66-4+deb12u3+b1) ...
#12 297.5 Setting up perl-modules-5.36 (5.36.0-7+deb12u3) ...
#12 297.6 Setting up libglib2.0-data (2.74.6-2+deb12u9) ...
#12 297.6 Setting up libpkgconf3:amd64 (1.8.1-1) ...
#12 297.7 Setting up libuv1:amd64 (1.44.2-1+deb12u1) ...
#12 297.7 Setting up rpcsvc-proto (1.4.3-1) ...
#12 297.8 Setting up make (4.3-4.1) ...
#12 297.8 Setting up libmpfr6:amd64 (4.2.0-1) ...
#12 297.9 Setting up gnupg-l10n (2.2.40-1.1+deb12u2) ...
#12 297.9 Setting up librtmp1:amd64 (2.4+20151223.gitfa8646d.1-2+b2) ...
#12 298.0 Setting up libdbus-1-3:amd64 (1.14.10-1~deb12u1) ...
#12 298.0 Setting up xz-utils (5.4.1-1+deb12u1) ...
#12 298.1 update-alternatives: using /usr/bin/xz to provide /usr/bin/lzma (lzma) in auto mode
#12 298.1 update-alternatives: warning: skip creation of /usr/share/man/man1/lzma.1.gz because associated file /usr/share/man/man1/xz.1.gz (of link group lzma) doesn't exist
#12 298.1 update-alternatives: warning: skip creation of /usr/share/man/man1/unlzma.1.gz because associated file /usr/share/man/man1/unxz.1.gz (of link group lzma) doesn't exist
#12 298.1 update-alternatives: warning: skip creation of /usr/share/man/man1/lzcat.1.gz because associated file /usr/share/man/man1/xzcat.1.gz (of link group lzma) doesn't exist
#12 298.1 update-alternatives: warning: skip creation of /usr/share/man/man1/lzmore.1.gz because associated file /usr/share/man/man1/xzmore.1.gz (of link group lzma) doesn't exist
#12 298.1 update-alternatives: warning: skip creation of /usr/share/man/man1/lzless.1.gz because associated file /usr/share/man/man1/xzless.1.gz (of link group lzma) doesn't exist
#12 298.1 update-alternatives: warning: skip creation of /usr/share/man/man1/lzdiff.1.gz because associated file /usr/share/man/man1/xzdiff.1.gz (of link group lzma) doesn't exist
#12 298.1 update-alternatives: warning: skip creation of /usr/share/man/man1/lzcmp.1.gz because associated file /usr/share/man/man1/xzcmp.1.gz (of link group lzma) doesn't exist
#12 298.1 update-alternatives: warning: skip creation of /usr/share/man/man1/lzgrep.1.gz because associated file /usr/share/man/man1/xzgrep.1.gz (of link group lzma) doesn't exist
#12 298.1 update-alternatives: warning: skip creation of /usr/share/man/man1/lzegrep.1.gz because associated file /usr/share/man/man1/xzegrep.1.gz (of link group lzma) doesn't exist
#12 298.1 update-alternatives: warning: skip creation of /usr/share/man/man1/lzfgrep.1.gz because associated file /usr/share/man/man1/xzfgrep.1.gz (of link group lzma) doesn't exist
#12 298.1 Setting up libquadmath0:amd64 (12.2.0-14+deb12u1) ...
#12 298.2 Setting up libproc2-0:amd64 (2:4.0.2-3) ...
#12 298.2 Setting up libssl-dev:amd64 (3.0.20-1~deb12u2) ...
#12 298.3 Setting up libmpc3:amd64 (1.3.1-1) ...
#12 298.4 Setting up libevent-core-2.1-7:amd64 (2.1.12-stable-8) ...
#12 298.4 Setting up libatomic1:amd64 (12.2.0-14+deb12u1) ...
#12 298.5 Setting up libevent-2.1-7:amd64 (2.1.12-stable-8) ...
#12 298.5 Setting up patch (2.7.6-7) ...
#12 298.5 Setting up libjsoncpp25:amd64 (1.9.5-4) ...
#12 298.6 Setting up pkgconf-bin (1.8.1-1) ...
#12 298.7 Setting up libncursesw6:amd64 (6.4-4) ...
#12 298.7 Setting up libk5crypto3:amd64 (1.20.1-2+deb12u5) ...
#12 298.8 Setting up libsasl2-2:amd64 (2.1.28+dfsg-10) ...
#12 298.8 Setting up libubsan1:amd64 (12.2.0-14+deb12u1) ...
#12 298.9 Setting up python-apt-common (2.6.0) ...
#12 299.0 Setting up libduktape207:amd64 (2.7.0-2) ...
#12 299.0 Setting up librhash0:amd64 (1.4.3-3) ...
#12 299.1 Setting up libcrypt-dev:amd64 (1:4.4.33-2) ...
#12 299.2 Setting up dbus-session-bus-common (1.14.10-1~deb12u1) ...
#12 299.3 Setting up libasan8:amd64 (12.2.0-14+deb12u1) ...
#12 299.3 Setting up procps (2:4.0.2-3) ...
#12 299.6 Setting up libspeexdsp1:amd64 (1.2.1-1) ...
#12 299.6 Setting up git-man (1:2.39.5-0+deb12u3) ...
#12 299.7 Setting up libgirepository-1.0-1:amd64 (1.74.0-3) ...
#12 299.8 Setting up libssh2-1:amd64 (1.10.0-3+b1) ...
#12 299.9 Setting up sgml-base (1.31) ...
#12 300.1 Setting up cmake-data (3.25.1-1) ...
#12 300.3 Setting up libkrb5-3:amd64 (1.20.1-2+deb12u5) ...
#12 300.4 Setting up libstemmer0d:amd64 (2.2.0-2) ...
#12 300.5 Setting up libtsan2:amd64 (12.2.0-14+deb12u1) ...
#12 300.5 Setting up libbinutils:amd64 (2.40-2) ...
#12 300.6 Setting up lsb-release (12.0-1) ...
#12 300.6 Setting up dbus-system-bus-common (1.14.10-1~deb12u1) ...
#12 301.2 Setting up libisl23:amd64 (0.25-1.1) ...
#12 301.2 Setting up libc-dev-bin (2.36-9+deb12u14) ...
#12 301.4 Setting up openssl (3.0.20-1~deb12u2) ...
#12 301.5 Setting up libelf1:amd64 (0.188-2.1) ...
#12 301.5 Setting up readline-common (8.2-1.3) ...
#12 301.7 Setting up libxml2:amd64 (2.9.14+dfsg-1.3~deb12u6) ...
#12 301.7 Setting up libcc1-0:amd64 (12.2.0-14+deb12u1) ...
#12 301.8 Setting up iso-codes (4.15.0-1) ...
#12 301.9 Setting up dbus-bin (1.14.10-1~deb12u1) ...
#12 302.0 Setting up libpolkit-gobject-1-0:amd64 (122-3) ...
#12 302.1 Setting up liblsan0:amd64 (12.2.0-14+deb12u1) ...
#12 302.1 Setting up libitm1:amd64 (12.2.0-14+deb12u1) ...
#12 302.2 Setting up libgdbm6:amd64 (1.23-3) ...
#12 302.2 Setting up libevent-pthreads-2.1-7:amd64 (2.1.12-stable-8) ...
#12 302.3 Setting up libctf0:amd64 (2.40-2) ...
#12 302.3 Setting up pinentry-curses (1.2.1-1) ...
#12 302.4 Setting up libdw1:amd64 (0.188-2.1) ...
#12 302.5 Setting up libevent-extra-2.1-7:amd64 (2.1.12-stable-8) ...
#12 302.5 Setting up cpp-12 (12.2.0-14+deb12u1) ...
#12 302.7 Setting up libarchive13:amd64 (3.6.2-1+deb12u4) ...
#12 302.7 Setting up libreadline8:amd64 (8.2-1.3) ...
#12 302.7 Setting up libspeexdsp-dev:amd64 (1.2.1-1) ...
#12 302.8 Setting up libevent-openssl-2.1-7:amd64 (2.1.12-stable-8) ...
#12 302.9 Setting up libglib2.0-bin (2.74.6-2+deb12u9) ...
#12 303.0 Setting up dbus-daemon (1.14.10-1~deb12u1) ...
#12 303.2 Setting up libldap-2.5-0:amd64 (2.5.13+dfsg-5) ...
#12 303.3 Setting up pkgconf:amd64 (1.8.1-1) ...
#12 303.3 Setting up ca-certificates (20250419~deb12u1) ...
#12 303.7 debconf: unable to initialize frontend: Dialog
#12 303.7 debconf: (TERM is not set, so the dialog frontend is not usable.)
#12 303.7 debconf: falling back to frontend: Readline
#12 303.8 debconf: unable to initialize frontend: Readline
#12 303.8 debconf: (This frontend requires a controlling tty.)
#12 303.8 debconf: falling back to frontend: Teletype
#12 307.7 Updating certificates in /etc/ssl/certs...
#12 313.5 150 added, 0 removed; done.
#12 313.6 Setting up libgprofng0:amd64 (2.40-2) ...
#12 313.6 Setting up dbus (1.14.10-1~deb12u1) ...
#12 313.8 invoke-rc.d: could not determine current runlevel
#12 313.8 invoke-rc.d: policy-rc.d denied execution of start.
#12 313.9 Setting up libgcc-12-dev:amd64 (12.2.0-14+deb12u1) ...
#12 314.0 Setting up libevent-dev (2.1.12-stable-8) ...
#12 314.0 Setting up libgssapi-krb5-2:amd64 (1.20.1-2+deb12u5) ...
#12 314.0 Setting up pkg-config:amd64 (1.8.1-1) ...
#12 314.1 Setting up libgdbm-compat4:amd64 (1.23-3) ...
#12 314.2 Setting up gir1.2-glib-2.0:amd64 (1.74.0-3) ...
#12 314.2 Setting up cpp (4:12.2.0-3) ...
#12 314.3 Setting up xml-core (0.18+nmu1) ...
#12 315.0 Setting up gpgconf (2.2.40-1.1+deb12u2) ...
#12 315.0 Setting up libpam-systemd:amd64 (252.39-1~deb12u2) ...
#12 315.3 debconf: unable to initialize frontend: Dialog
#12 315.3 debconf: (TERM is not set, so the dialog frontend is not usable.)
#12 315.3 debconf: falling back to frontend: Readline
#12 315.4 debconf: unable to initialize frontend: Readline
#12 315.4 debconf: (This frontend requires a controlling tty.)
#12 315.4 debconf: falling back to frontend: Teletype
#12 315.7 Setting up libcurl4:amd64 (7.88.1-10+deb12u15) ...
#12 315.7 Setting up libpolkit-agent-1-0:amd64 (122-3) ...
#12 315.8 Setting up curl (7.88.1-10+deb12u15) ...
#12 315.8 Setting up libperl5.36:amd64 (5.36.0-7+deb12u3) ...
#12 315.9 Setting up gpg (2.2.40-1.1+deb12u2) ...
#12 315.9 Setting up libgstreamer1.0-0:amd64 (1.22.0-2+deb12u1) ...
#12 315.9 Setcap worked! gst-ptp-helper is not suid!
#12 316.0 Setting up gnupg-utils (2.2.40-1.1+deb12u2) ...
#12 316.0 Setting up binutils-x86-64-linux-gnu (2.40-2) ...
#12 316.1 Setting up libtirpc3:amd64 (1.3.3+ds-1) ...
#12 316.2 Setting up gpg-agent (2.2.40-1.1+deb12u2) ...
#12 316.6 Created symlink /etc/systemd/user/sockets.target.wants/gpg-agent-browser.socket → /usr/lib/systemd/user/gpg-agent-browser.socket.
#12 317.0 Created symlink /etc/systemd/user/sockets.target.wants/gpg-agent-extra.socket → /usr/lib/systemd/user/gpg-agent-extra.socket.
#12 317.3 Created symlink /etc/systemd/user/sockets.target.wants/gpg-agent-ssh.socket → /usr/lib/systemd/user/gpg-agent-ssh.socket.
#12 317.6 Created symlink /etc/systemd/user/sockets.target.wants/gpg-agent.socket → /usr/lib/systemd/user/gpg-agent.socket.
#12 317.7 Setting up gpgsm (2.2.40-1.1+deb12u2) ...
#12 317.7 Setting up libcurl3-gnutls:amd64 (7.88.1-10+deb12u15) ...
#12 317.8 Setting up binutils (2.40-2) ...
#12 317.9 Setting up libappstream4:amd64 (0.16.1-2+b1) ...
#12 317.9 Setting up dirmngr (2.2.40-1.1+deb12u2) ...
#12 318.3 Created symlink /etc/systemd/user/sockets.target.wants/dirmngr.socket → /usr/lib/systemd/user/dirmngr.socket.
#12 318.4 Setting up gir1.2-packagekitglib-1.0 (1.2.6-5+deb12u1) ...
#12 318.5 Setting up perl (5.36.0-7+deb12u3) ...
#12 318.6 Setting up libtirpc-dev:amd64 (1.3.3+ds-1) ...
#12 318.7 Setting up gcc-12 (12.2.0-14+deb12u1) ...
#12 318.7 Setting up libdpkg-perl (1.21.23) ...
#12 318.8 Setting up gpg-wks-server (2.2.40-1.1+deb12u2) ...
#12 318.9 Setting up libnsl2:amd64 (1.3.0-2) ...
#12 318.9 Setting up cmake (3.25.1-1) ...
#12 319.0 Setting up gpg-wks-client (2.2.40-1.1+deb12u2) ...
#12 319.1 Setting up libpython3.11-stdlib:amd64 (3.11.2-6+deb12u8) ...
#12 319.2 Setting up gcc (4:12.2.0-3) ...
#12 319.3 Setting up dpkg-dev (1.21.23) ...
#12 319.4 Setting up liberror-perl (0.17029-2) ...
#12 319.4 Setting up git (1:2.39.5-0+deb12u3) ...
#12 319.5 Setting up libnsl-dev:amd64 (1.3.0-2) ...
#12 319.7 Setting up gnupg (2.2.40-1.1+deb12u2) ...
#12 319.8 Setting up libc6-dev:amd64 (2.36-9+deb12u14) ...
#12 319.9 Setting up libpython3-stdlib:amd64 (3.11.2-1+b1) ...
#12 319.9 Setting up python3.11 (3.11.2-6+deb12u8) ...
#12 322.3 Setting up gnupg2 (2.2.40-1.1+deb12u2) ...
#12 322.3 Setting up libstdc++-12-dev:amd64 (12.2.0-14+deb12u1) ...
#12 322.3 Setting up python3 (3.11.2-1+b1) ...
#12 322.4 running python rtupdate hooks for python3.11...
#12 322.4 running python post-rtupdate hooks for python3.11...
#12 322.8 Setting up python3-six (1.16.0-4) ...
#12 323.2 Setting up python3-pyparsing (3.0.9-1) ...
#12 323.8 Setting up python3-gi (3.42.2-3+b1) ...
#12 324.3 Setting up zlib1g-dev:amd64 (1:1.2.13.dfsg-1) ...
#12 324.3 Setting up python3-httplib2 (0.20.4-3+deb12u1) ...
#12 324.7 Setting up python3-cffi-backend:amd64 (1.15.1-5+b1) ...
#12 324.8 Setting up g++-12 (12.2.0-14+deb12u1) ...
#12 324.8 Setting up python3-blinker (1.5-1) ...
#12 325.4 Setting up python3-pkg-resources (66.1.1-1+deb12u2) ...
#12 326.3 Setting up python3-dbus (1.3.2-4+b1) ...
#12 326.7 Setting up python3-distro (1.8.0-1) ...
#12 327.2 Setting up python3-jwt (2.6.0-1+deb12u1) ...
#12 327.7 Setting up python3-apt (2.6.0) ...
#12 328.3 Setting up python3-lazr.uri (1.0.6-3) ...
#12 328.8 Setting up python3-cryptography (38.0.4-3+deb12u1) ...
#12 329.4 Setting up python3-wadllib (1.3.6-4) ...
#12 329.8 Setting up g++ (4:12.2.0-3) ...
#12 329.9 update-alternatives: using /usr/bin/g++ to provide /usr/bin/c++ (c++) in auto mode
#12 329.9 Setting up build-essential (12.9) ...
#12 330.0 Setting up python3-oauthlib (3.2.2-1) ...
#12 330.6 Setting up python3-lazr.restfulclient (0.14.5-1) ...
#12 331.1 Setting up python3-software-properties (0.99.30-4.1~deb12u1) ...
#12 331.8 Processing triggers for libc-bin (2.36-9+deb12u14) ...
#12 332.1 Processing triggers for systemd (252.39-1~deb12u2) ...
#12 332.1 Processing triggers for sgml-base (1.31) ...
#12 332.2 Setting up polkitd (122-3) ...
#12 332.3 Creating group 'polkitd' with GID 997.
#12 332.3 Creating user 'polkitd' (polkit) with UID 997 and GID 997.
#12 332.7 invoke-rc.d: could not determine current runlevel
#12 332.7 invoke-rc.d: policy-rc.d denied execution of reload.
#12 333.1 start-stop-daemon: unable to stat /usr/libexec/polkitd (No such file or directory)
#12 333.2 Setting up packagekit (1.2.6-5+deb12u1) ...
#12 333.5 invoke-rc.d: could not determine current runlevel
#12 333.5 invoke-rc.d: policy-rc.d denied execution of force-reload.
#12 333.5 Failed to open connection to "system" message bus: Failed to connect to socket /run/dbus/system_bus_socket: No such file or directory
#12 333.9 Created symlink /etc/systemd/user/sockets.target.wants/pk-debconf-helper.socket → /usr/lib/systemd/user/pk-debconf-helper.socket.
#12 333.9 Setting up software-properties-common (0.99.30-4.1~deb12u1) ...
#12 334.3 Processing triggers for ca-certificates (20250419~deb12u1) ...
#12 334.4 Updating certificates in /etc/ssl/certs...
#12 337.7 0 added, 0 removed; done.
#12 337.7 Running hooks in /etc/ca-certificates/update.d...
#12 338.3 done.
#12 338.8 Processing triggers for dbus (1.14.10-1~deb12u1) ...
#12 DONE 339.2s

#15 [heroescrm  4/13] RUN apt update && apt install -y         nodejs         npm         libpng-dev         libjpeg-dev         libfreetype6-dev         zlib1g-dev         libxml2-dev         libzip-dev         libonig-dev         zip         curl         unzip         libsodium-dev         cron         exiftool         libmagickwand-dev         imagemagick                   supervisor     && docker-php-ext-install -j$(nproc) gd         pdo_mysql         mysqli         zip         pcntl         sodium         exif     && pecl install imagick         redis     && docker-php-ext-enable exif         imagick     && docker-php-source delete
#15 ...

#16 [freeswitch stage-0 3/6] RUN --mount=type=secret,id=signalwire_token     curl --http1.1 -fsSL https://freeswitch.signalwire.com/repo/deb/debian-release/signalwire-freeswitch-repo.gpg         | gpg --dearmor -o /usr/share/keyrings/signalwire-freeswitch-repo.gpg     && echo "machine freeswitch.signalwire.com login signalwire password $(cat /run/secrets/signalwire_token)"         > /etc/apt/auth.conf.d/freeswitch.conf     && chmod 600 /etc/apt/auth.conf.d/freeswitch.conf     && echo "deb [signed-by=/usr/share/keyrings/signalwire-freeswitch-repo.gpg] https://freeswitch.signalwire.com/repo/deb/debian-release/ $(lsb_release -cs) main"         > /etc/apt/sources.list.d/freeswitch.list     && apt-get update     && apt-get install -y --no-install-recommends freeswitch-meta-all libfreeswitch-dev     && rm -rf /var/lib/apt/lists/* /etc/apt/auth.conf.d/freeswitch.conf
#16 4.295 curl: (22) The requested URL returned error: 401
#16 4.317 gpg: no valid OpenPGP data found.
#16 ERROR: process "/bin/sh -c curl --http1.1 -fsSL https://freeswitch.signalwire.com/repo/deb/debian-release/signalwire-freeswitch-repo.gpg         | gpg --dearmor -o /usr/share/keyrings/signalwire-freeswitch-repo.gpg     && echo \"machine freeswitch.signalwire.com login signalwire password $(cat /run/secrets/signalwire_token)\"         > /etc/apt/auth.conf.d/freeswitch.conf     && chmod 600 /etc/apt/auth.conf.d/freeswitch.conf     && echo \"deb [signed-by=/usr/share/keyrings/signalwire-freeswitch-repo.gpg] https://freeswitch.signalwire.com/repo/deb/debian-release/ $(lsb_release -cs) main\"         > /etc/apt/sources.list.d/freeswitch.list     && apt-get update     && apt-get install -y --no-install-recommends freeswitch-meta-all libfreeswitch-dev     && rm -rf /var/lib/apt/lists/* /etc/apt/auth.conf.d/freeswitch.conf" did not complete successfully: exit code: 2

#15 [heroescrm  4/13] RUN apt update && apt install -y         nodejs         npm         libpng-dev         libjpeg-dev         libfreetype6-dev         zlib1g-dev         libxml2-dev         libzip-dev         libonig-dev         zip         curl         unzip         libsodium-dev         cron         exiftool         libmagickwand-dev         imagemagick                   supervisor     && docker-php-ext-install -j$(nproc) gd         pdo_mysql         mysqli         zip         pcntl         sodium         exif     && pecl install imagick         redis     && docker-php-ext-enable exif         imagick     && docker-php-source delete
#15 CANCELED
------
 > [freeswitch stage-0 3/6] RUN --mount=type=secret,id=signalwire_token     curl --http1.1 -fsSL https://freeswitch.signalwire.com/repo/deb/debian-release/signalwire-freeswitch-repo.gpg         | gpg --dearmor -o /usr/share/keyrings/signalwire-freeswitch-repo.gpg     && echo "machine freeswitch.signalwire.com login signalwire password $(cat /run/secrets/signalwire_token)"         > /etc/apt/auth.conf.d/freeswitch.conf     && chmod 600 /etc/apt/auth.conf.d/freeswitch.conf     && echo "deb [signed-by=/usr/share/keyrings/signalwire-freeswitch-repo.gpg] https://freeswitch.signalwire.com/repo/deb/debian-release/ $(lsb_release -cs) main"         > /etc/apt/sources.list.d/freeswitch.list     && apt-get update     && apt-get install -y --no-install-recommends freeswitch-meta-all libfreeswitch-dev     && rm -rf /var/lib/apt/lists/* /etc/apt/auth.conf.d/freeswitch.conf:
: (22) The requested URL returned error: 401
4.317 gpg: no valid OpenPGP data found.
------
Dockerfile:17

--------------------

  16 |     # Dépôt FreeSWITCH (SignalWire), authentifié avec le token fourni au build

  17 | >>> RUN --mount=type=secret,id=signalwire_token \

  18 | >>>     curl --http1.1 -fsSL https://freeswitch.signalwire.com/repo/deb/debian-release/signalwire-freeswitch-repo.gpg \

  19 | >>>         | gpg --dearmor -o /usr/share/keyrings/signalwire-freeswitch-repo.gpg \

  20 | >>>     && echo "machine freeswitch.signalwire.com login signalwire password $(cat /run/secrets/signalwire_token)" \

  21 | >>>         > /etc/apt/auth.conf.d/freeswitch.conf \

  22 | >>>     && chmod 600 /etc/apt/auth.conf.d/freeswitch.conf \

  23 | >>>     && echo "deb [signed-by=/usr/share/keyrings/signalwire-freeswitch-repo.gpg] https://freeswitch.signalwire.com/repo/deb/debian-release/ $(lsb_release -cs) main" \

  24 | >>>         > /etc/apt/sources.list.d/freeswitch.list \

  25 | >>>     && apt-get update \

  26 | >>>     && apt-get install -y --no-install-recommends freeswitch-meta-all libfreeswitch-dev \

  27 | >>>     && rm -rf /var/lib/apt/lists/* /etc/apt/auth.conf.d/freeswitch.conf

  28 |     

--------------------

target freeswitch: failed to solve: process "/bin/sh -c curl --http1.1 -fsSL https://freeswitch.signalwire.com/repo/deb/debian-release/signalwire-freeswitch-repo.gpg         | gpg --dearmor -o /usr/share/keyrings/signalwire-freeswitch-repo.gpg     && echo \"machine freeswitch.signalwire.com login signalwire password $(cat /run/secrets/signalwire_token)\"         > /etc/apt/auth.conf.d/freeswitch.conf     && chmod 600 /etc/apt/auth.conf.d/freeswitch.conf     && echo \"deb [signed-by=/usr/share/keyrings/signalwire-freeswitch-repo.gpg] https://freeswitch.signalwire.com/repo/deb/debian-release/ $(lsb_release -cs) main\"         > /etc/apt/sources.list.d/freeswitch.list     && apt-get update     && apt-get install -y --no-install-recommends freeswitch-meta-all libfreeswitch-dev     && rm -rf /var/lib/apt/lists/* /etc/apt/auth.conf.d/freeswitch.conf" did not complete successfully: exit code: 2

